n,median,ci_low,ci_high,equivalent,nms_method,label,overlap_pct
76,-0.3268903073572795,-0.34392195062296904,-0.3096473137925856,False,iou_edgecrop_global,Makrophage,0.0
76,-0.32661613244214605,-0.3440246184026552,-0.30959624227712457,False,iou_edgecrop_grid_n1,Makrophage,0.0
76,-0.3268599492560928,-0.34384238912800047,-0.30968144590692437,False,iou_edgecrop_grid_n2,Makrophage,0.0
76,-0.32682756269002905,-0.34390696418569366,-0.30936822802154096,False,iou_edgecrop_grid_n3,Makrophage,0.0
76,-0.3268599492560928,-0.34359197642819916,-0.3093764359266884,False,iou_edgecrop_grid_n4,Makrophage,0.0
76,-0.32669017491791896,-0.34353971270666905,-0.30911709976340196,False,iou_edgecrop_grid_n5,Makrophage,0.0
76,-0.06467850471883646,-0.09672954573734438,-0.056438922743609954,True,iou_global,Makrophage,0.0
76,-0.06467175563192074,-0.09705790883455745,-0.056436756637848,True,iou_grid_n1,Makrophage,0.0
76,-0.06461342261480513,-0.09697696189645844,-0.05642678063250929,True,iou_grid_n2,Makrophage,0.0
76,-0.06472526437284681,-0.09693325394104857,-0.05642695801562757,True,iou_grid_n3,Makrophage,0.0
76,-0.06476782338027565,-0.09701404427108662,-0.056315198425730614,True,iou_grid_n4,Makrophage,0.0
76,-0.0645865250140975,-0.09680462081256047,-0.05646959455703213,True,iou_grid_n5,Makrophage,0.0
76,-0.1050185028753774,-0.13131413101382539,-0.08412373283254257,True,nn_center_global,Makrophage,0.0
76,-0.0981438667250808,-0.12446881017827433,-0.07647901286926712,True,nn_center_grid_n1,Makrophage,0.0
76,-0.10541556450836953,-0.13173806747691177,-0.08441868929528076,True,nn_center_grid_n2,Makrophage,0.0
76,-0.1053595695767151,-0.13138435551135177,-0.08406982873110246,True,nn_center_grid_n3,Makrophage,0.0
76,-0.10489381566331124,-0.13165463109691494,-0.08404197465129873,True,nn_center_grid_n4,Makrophage,0.0
76,-0.1052023190779412,-0.1315382183457557,-0.08429762583690911,True,nn_center_grid_n5,Makrophage,0.0
76,-0.03529848422700199,-0.07883507336411721,-0.010846338538741618,True,nn_cluster_global,Makrophage,0.0
76,-0.058428037652906495,-0.09971167898302435,-0.03350324248259079,True,nn_cluster_grid_n1,Makrophage,0.0
76,-0.03689224523594481,-0.0804554600640296,-0.012843504569064357,True,nn_cluster_grid_n2,Makrophage,0.0
76,-0.03597409404565732,-0.07938655305198328,-0.011995864842964887,True,nn_cluster_grid_n3,Makrophage,0.0
76,-0.035939133991666594,-0.0796456204152921,-0.011528390724820092,True,nn_cluster_grid_n4,Makrophage,0.0
76,-0.03542625099408436,-0.0790231602673035,-0.011276720383428807,True,nn_cluster_grid_n5,Makrophage,0.0
76,-0.04522185939819989,-0.08787882743849362,-0.024673285721842027,True,nn_dist_global,Makrophage,0.0
76,-0.06216414022780714,-0.10230342357994782,-0.042293423228236204,True,nn_dist_grid_n1,Makrophage,0.0
76,-0.044280089255783195,-0.08721655222814728,-0.024127184257824508,True,nn_dist_grid_n2,Makrophage,0.0
76,-0.04463293789257894,-0.08761217174721081,-0.024432597507136333,True,nn_dist_grid_n3,Makrophage,0.0
76,-0.044729442972301414,-0.08752906085283474,-0.02435808512608023,True,nn_dist_grid_n4,Makrophage,0.0
76,-0.04489893950215562,-0.08777561194245553,-0.024346614375161835,True,nn_dist_grid_n5,Makrophage,0.0
76,0.023384273639239672,0.010083030824448835,0.04458004644728031,True,iou_edgecrop_global,NeutrophilerGranulozyt,0.0
76,0.023419258221276107,0.010406289272390623,0.044498981587298814,True,iou_edgecrop_grid_n1,NeutrophilerGranulozyt,0.0
76,0.023231887860289513,0.009759876838763892,0.044745156391737595,True,iou_edgecrop_grid_n2,NeutrophilerGranulozyt,0.0
76,0.023339806392111195,0.010869627184055819,0.04501085893794987,True,iou_edgecrop_grid_n3,NeutrophilerGranulozyt,0.0
76,0.02320339702008689,0.01079075350021963,0.045178400006928854,True,iou_edgecrop_grid_n4,NeutrophilerGranulozyt,0.0
76,0.02344601346768138,0.010719222029248743,0.045385124151686274,True,iou_edgecrop_grid_n5,NeutrophilerGranulozyt,0.0
76,0.06156178324132222,0.042692050579349106,0.08313857938984759,True,iou_global,NeutrophilerGranulozyt,0.0
76,0.06255124699103798,0.042467520147343674,0.08307993180312856,True,iou_grid_n1,NeutrophilerGranulozyt,0.0
76,0.06156178324132222,0.04200199097730728,0.08313857938984759,True,iou_grid_n2,NeutrophilerGranulozyt,0.0
76,0.06261478161541745,0.04191195766473843,0.08319723385645239,True,iou_grid_n3,NeutrophilerGranulozyt,0.0
76,0.061483323245839494,0.04288690369015802,0.0832686691525173,True,iou_grid_n4,NeutrophilerGranulozyt,0.0
76,0.061674947288813065,0.04001290545373104,0.08294987587834801,True,iou_grid_n5,NeutrophilerGranulozyt,0.0
76,0.07799284711523846,0.05113132536791524,0.09658948497638975,True,nn_center_global,NeutrophilerGranulozyt,0.0
76,0.07621306992490018,0.04102144338081937,0.08854351890017176,True,nn_center_grid_n1,NeutrophilerGranulozyt,0.0
76,0.07832639671381092,0.050998871924210674,0.09737018465483549,True,nn_center_grid_n2,NeutrophilerGranulozyt,0.0
76,0.07816329865353866,0.05102649775877286,0.09699314238271373,True,nn_center_grid_n3,NeutrophilerGranulozyt,0.0
76,0.07799052237723636,0.0510242094331803,0.09707259719376682,True,nn_center_grid_n4,NeutrophilerGranulozyt,0.0
76,0.07805480871099957,0.051133637086400986,0.09679128968982775,True,nn_center_grid_n5,NeutrophilerGranulozyt,0.0
76,0.11615458950242141,0.06327499033886408,0.13384839988558372,True,nn_cluster_global,NeutrophilerGranulozyt,0.0
76,0.09579492733417638,0.04770864230117322,0.11554290859397964,True,nn_cluster_grid_n1,NeutrophilerGranulozyt,0.0
76,0.11251566488428966,0.06120298752556952,0.13215564458416487,True,nn_cluster_grid_n2,NeutrophilerGranulozyt,0.0
76,0.11384227781828538,0.06275658700947329,0.13313062021818894,True,nn_cluster_grid_n3,NeutrophilerGranulozyt,0.0
76,0.1144116679783097,0.062238452282855405,0.13330083651440305,True,nn_cluster_grid_n4,NeutrophilerGranulozyt,0.0
76,0.11470627193735483,0.06301575508141743,0.13338735755035883,True,nn_cluster_grid_n5,NeutrophilerGranulozyt,0.0
76,0.10420806127608184,0.054440861076550995,0.11711079676199865,True,nn_dist_global,NeutrophilerGranulozyt,0.0
76,0.09306547114982966,0.045028394113973746,0.10599132837344527,True,nn_dist_grid_n1,NeutrophilerGranulozyt,0.0
76,0.10441485799785533,0.05511658243478479,0.11750922267697807,True,nn_dist_grid_n2,NeutrophilerGranulozyt,0.0
76,0.10434591625351997,0.05498140163025278,0.11739996198259187,True,nn_dist_grid_n3,NeutrophilerGranulozyt,0.0
76,0.10420806127608195,0.05457596882518567,0.11721917021676398,True,nn_dist_grid_n4,NeutrophilerGranulozyt,0.0
76,0.10427698401380237,0.05484623909710118,0.11735529247702015,True,nn_dist_grid_n5,NeutrophilerGranulozyt,0.0
76,0.08511709084572505,0.07208199044363436,0.11897927691456012,True,iou_edgecrop_global,EosinophilerGranulozyt,0.0
76,0.08683185889306189,0.06936864804868892,0.11686699324335859,True,iou_edgecrop_grid_n1,EosinophilerGranulozyt,0.0
76,0.0837574083765742,0.07179694580050547,0.11685067497178858,True,iou_edgecrop_grid_n2,EosinophilerGranulozyt,0.0
76,0.0831670105920157,0.07026161355250427,0.11677427494108006,True,iou_edgecrop_grid_n3,EosinophilerGranulozyt,0.0
76,0.08656055778240024,0.07037864105450131,0.11688331204751812,True,iou_edgecrop_grid_n4,EosinophilerGranulozyt,0.0
76,0.08400557827228261,0.07308669514388466,0.1168069120168096,True,iou_edgecrop_grid_n5,EosinophilerGranulozyt,0.0
76,0.1128095005327836,0.09723775845516669,0.14125683293249836,True,iou_global,EosinophilerGranulozyt,0.0
76,0.11609117635332478,0.09472726311407476,0.1390662515526797,True,iou_grid_n1,EosinophilerGranulozyt,0.0
76,0.1120606536424349,0.09383424542776853,0.13903056976287687,True,iou_grid_n2,EosinophilerGranulozyt,0.0
76,0.11202256275756506,0.09567347194139764,0.1412211511426955,True,iou_grid_n3,EosinophilerGranulozyt,0.0
76,0.11571525481738032,0.09876476852447769,0.14129251599553605,True,iou_grid_n4,EosinophilerGranulozyt,0.0
76,0.11216350241893114,0.09127850730615483,0.13917330456186328,True,iou_grid_n5,EosinophilerGranulozyt,0.0
76,0.29574900083978295,0.22752463347752033,0.33840859811359136,False,nn_center_global,EosinophilerGranulozyt,0.0
76,0.29116319105163946,0.2195448886355301,0.3314013059053702,False,nn_center_grid_n1,EosinophilerGranulozyt,0.0
76,0.29580232990684174,0.22795575700252543,0.3387719843904664,False,nn_center_grid_n2,EosinophilerGranulozyt,0.0
76,0.295762332573309,0.22779629446494112,0.3387583331363251,False,nn_center_grid_n3,EosinophilerGranulozyt,0.0
76,0.29572233843909435,0.2276652615028279,0.33861051175867374,False,nn_center_grid_n4,EosinophilerGranulozyt,0.0
76,0.2957756646623151,0.22777706566952038,0.33852979499362634,False,nn_center_grid_n5,EosinophilerGranulozyt,0.0
76,0.33001248361661517,0.27013815502837857,0.3710263304066861,False,nn_cluster_global,EosinophilerGranulozyt,0.0
76,0.30934993087755003,0.24280260514040064,0.3540255118421358,False,nn_cluster_grid_n1,EosinophilerGranulozyt,0.0
76,0.324993576157959,0.2650336415365635,0.36836987664149023,False,nn_cluster_grid_n2,EosinophilerGranulozyt,0.0
76,0.32753645240463825,0.26700564080546596,0.36994731459801056,False,nn_cluster_grid_n3,EosinophilerGranulozyt,0.0
76,0.32784309338148243,0.2683681847871626,0.37026686146191756,False,nn_cluster_grid_n4,EosinophilerGranulozyt,0.0
76,0.3285446940228025,0.26847298206305004,0.3705325881220938,False,nn_cluster_grid_n5,EosinophilerGranulozyt,0.0
76,0.30979050071366965,0.24274976586659713,0.3550430049835729,False,nn_dist_global,EosinophilerGranulozyt,0.0
76,0.29857231114001537,0.22504081877801396,0.34181176537344266,False,nn_dist_grid_n1,EosinophilerGranulozyt,0.0
76,0.31011216824921073,0.2436777054546444,0.35545898340259635,False,nn_dist_grid_n2,EosinophilerGranulozyt,0.0
76,0.31001564625798395,0.2432362724117052,0.3551517707666208,False,nn_dist_grid_n3,EosinophilerGranulozyt,0.0
76,0.3098548176677074,0.24297907976435407,0.35520563965804036,False,nn_dist_grid_n4,EosinophilerGranulozyt,0.0
76,0.3098548176677074,0.24303019321773145,0.35498234741295176,False,nn_dist_grid_n5,EosinophilerGranulozyt,0.0
76,-0.3277535190956627,-0.3466602938289791,-0.3019830245913388,False,iou_edgecrop_global,Makrophage,0.025
76,-0.32735569855438895,-0.346774566483657,-0.30198881877320655,False,iou_edgecrop_grid_n1,Makrophage,0.025
76,-0.32748254125694154,-0.34633338094274396,-0.30201702023577875,False,iou_edgecrop_grid_n2,Makrophage,0.025
76,-0.32780570922730556,-0.34659935840605344,-0.3018807163422761,False,iou_edgecrop_grid_n3,Makrophage,0.025
76,-0.32732439190453555,-0.3464877217416716,-0.3019366232918992,False,iou_edgecrop_grid_n4,Makrophage,0.025
76,-0.3277943626835939,-0.3465450550785157,-0.30194353471230534,False,iou_edgecrop_grid_n5,Makrophage,0.025
76,-0.054067100533194135,-0.08319833250289344,-0.04397226801151344,True,iou_global,Makrophage,0.025
76,-0.06607617131558585,-0.09608386381792966,-0.05422218371096987,True,iou_grid_n1,Makrophage,0.025
76,-0.05189441304561693,-0.08197166707839898,-0.04174901202962433,True,iou_grid_n2,Makrophage,0.025
76,-0.05293177774272795,-0.08268733740903,-0.04298043212643704,True,iou_grid_n3,Makrophage,0.025
76,-0.053153610989142897,-0.08285309900135007,-0.04293431773847248,True,iou_grid_n4,Makrophage,0.025
76,-0.053200665390128354,-0.08307415760352777,-0.04338564287976665,True,iou_grid_n5,Makrophage,0.025
76,-0.1104855590589035,-0.13427356430825393,-0.09157842715287506,True,nn_center_global,Makrophage,0.025
76,-0.10000136102952845,-0.12247875484041967,-0.07834503020782035,True,nn_center_grid_n1,Makrophage,0.025
76,-0.11369743660937348,-0.13582419589869016,-0.09391045864353936,True,nn_center_grid_n2,Makrophage,0.025
76,-0.11218893224698595,-0.13483798833007626,-0.09278407058309335,True,nn_center_grid_n3,Makrophage,0.025
76,-0.1114609716202945,-0.1351628745845917,-0.09219997368608929,True,nn_center_grid_n4,Makrophage,0.025
76,-0.1114374703601872,-0.1344128319147611,-0.0921252253184992,True,nn_center_grid_n5,Makrophage,0.025
76,0.020045616484286266,-0.03210653863110102,0.0373705390194537,True,nn_cluster_global,Makrophage,0.025
76,-0.0575703704083117,-0.09555148129942734,-0.03485929373098595,True,nn_cluster_grid_n1,Makrophage,0.025
76,0.01923715644971602,-0.03280482011367769,0.03615657238384101,True,nn_cluster_grid_n2,Makrophage,0.025
76,0.019895333400683946,-0.03271448061553195,0.03651031197265192,True,nn_cluster_grid_n3,Makrophage,0.025
76,0.019756518367371467,-0.03203982404448358,0.036853467409536655,True,nn_cluster_grid_n4,Makrophage,0.025
76,0.019995985128140936,-0.03229646470669345,0.03672118993013146,True,nn_cluster_grid_n5,Makrophage,0.025
76,0.008309086816555955,-0.039304925947656,0.02635228926091715,True,nn_dist_global,Makrophage,0.025
76,-0.06100664660400901,-0.09708760795141033,-0.04177627484767582,True,nn_dist_grid_n1,Makrophage,0.025
76,0.008799489139551309,-0.03902825377367858,0.026519477753866826,True,nn_dist_grid_n2,Makrophage,0.025
76,0.008483898557846148,-0.03886130444281288,0.026576830602120755,True,nn_dist_grid_n3,Makrophage,0.025
76,0.008516982654944716,-0.03928050381767101,0.026323005337345592,True,nn_dist_grid_n4,Makrophage,0.025
76,0.00832423786994374,-0.03899990097697892,0.02656345189402709,True,nn_dist_grid_n5,Makrophage,0.025
76,0.02696449338805862,0.00685813437735986,0.05749858936108987,True,iou_edgecrop_global,NeutrophilerGranulozyt,0.025
76,0.027278530873520834,0.007443328507772143,0.05749858936108987,True,iou_edgecrop_grid_n1,NeutrophilerGranulozyt,0.025
76,0.02597732623619997,0.007614337180981615,0.0555135529598032,True,iou_edgecrop_grid_n2,NeutrophilerGranulozyt,0.025
76,0.026186662642858183,0.006992605429115197,0.05755063247381664,True,iou_edgecrop_grid_n3,NeutrophilerGranulozyt,0.025
76,0.02696449338805862,0.006952433601143122,0.05561090697286031,True,iou_edgecrop_grid_n4,NeutrophilerGranulozyt,0.025
76,0.026186662642858183,0.007349034823598136,0.054384706533250116,True,iou_edgecrop_grid_n5,NeutrophilerGranulozyt,0.025
76,0.07795434461979484,0.06011357701436926,0.0940277945128003,True,iou_global,NeutrophilerGranulozyt,0.025
76,0.06452553019863083,0.04935971675134149,0.08424998424266206,True,iou_grid_n1,NeutrophilerGranulozyt,0.025
76,0.0788966486122169,0.06207320573872854,0.09751683051021542,True,iou_grid_n2,NeutrophilerGranulozyt,0.025
76,0.07848773065441444,0.0612762551804209,0.09641147172017461,True,iou_grid_n3,NeutrophilerGranulozyt,0.025
76,0.07845905674617332,0.06164324317557757,0.09688921266516304,True,iou_grid_n4,NeutrophilerGranulozyt,0.025
76,0.0782767356695131,0.06154631107643693,0.09626017968481626,True,iou_grid_n5,NeutrophilerGranulozyt,0.025
76,0.10211758091351997,0.08219781047274033,0.12811090717892348,True,nn_center_global,NeutrophilerGranulozyt,0.025
76,0.0741437444412153,0.05385778714987244,0.09551820082603557,True,nn_center_grid_n1,NeutrophilerGranulozyt,0.025
76,0.10016324343646943,0.08251089751349427,0.12251761456936228,True,nn_center_grid_n2,NeutrophilerGranulozyt,0.025
76,0.09975801714817834,0.08219781047274033,0.12344889407311221,True,nn_center_grid_n3,NeutrophilerGranulozyt,0.025
76,0.10213499202834508,0.08204130370350304,0.12344889407311177,True,nn_center_grid_n4,NeutrophilerGranulozyt,0.025
76,0.10092928671580359,0.08235434174018064,0.12811090717892304,True,nn_center_grid_n5,NeutrophilerGranulozyt,0.025
76,0.12779075371813164,0.0966296410265065,0.14985634300180395,True,nn_cluster_global,NeutrophilerGranulozyt,0.025
76,0.09689537614931931,0.06452478464205236,0.11564554149424588,True,nn_cluster_grid_n1,NeutrophilerGranulozyt,0.025
76,0.13007118575010834,0.0966296410265065,0.15132052136760066,True,nn_cluster_grid_n2,NeutrophilerGranulozyt,0.025
76,0.12916457799972036,0.09704547370198452,0.1504017884222827,True,nn_cluster_grid_n3,NeutrophilerGranulozyt,0.025
76,0.12828132603309994,0.0966296410265065,0.15127386150238942,True,nn_cluster_grid_n4,NeutrophilerGranulozyt,0.025
76,0.12867743081077676,0.0966296410265065,0.14999016374976648,True,nn_cluster_grid_n5,NeutrophilerGranulozyt,0.025
76,0.12557727607889713,0.09474462633073547,0.14655277106895503,True,nn_dist_global,NeutrophilerGranulozyt,0.025
76,0.09243365374987786,0.0601139546860453,0.10842176064671472,True,nn_dist_grid_n1,NeutrophilerGranulozyt,0.025
76,0.12243326099972207,0.09474462633073547,0.14544400380899414,True,nn_dist_grid_n2,NeutrophilerGranulozyt,0.025
76,0.12439941923266762,0.09474462633073547,0.14662924530574728,True,nn_dist_grid_n3,NeutrophilerGranulozyt,0.025
76,0.1221590254244942,0.09474462633073547,0.1465959320974728,True,nn_dist_grid_n4,NeutrophilerGranulozyt,0.025
76,0.1257058823612529,0.09474462633073547,0.14635444452938806,True,nn_dist_grid_n5,NeutrophilerGranulozyt,0.025
76,0.08886914581217309,0.06365432047863506,0.11822553945046883,True,iou_edgecrop_global,EosinophilerGranulozyt,0.025
76,0.08756684339668408,0.06556528887962054,0.11939215067422904,True,iou_edgecrop_grid_n1,EosinophilerGranulozyt,0.025
76,0.08792202755001988,0.0664804915742736,0.11816989428491165,True,iou_edgecrop_grid_n2,EosinophilerGranulozyt,0.025
76,0.08792202755001988,0.06638897514681918,0.11939215067422904,True,iou_edgecrop_grid_n3,EosinophilerGranulozyt,0.025
76,0.09591614212266641,0.06481195841930698,0.1177352391714287,True,iou_edgecrop_grid_n4,EosinophilerGranulozyt,0.025
76,0.08788531474503058,0.06560481267930052,0.12087244670678077,True,iou_edgecrop_grid_n5,EosinophilerGranulozyt,0.025
76,0.13679269952300732,0.10302823239094039,0.15331860992703783,True,iou_global,EosinophilerGranulozyt,0.025
76,0.13067786843077323,0.09187251415495146,0.14467487972296666,True,iou_grid_n1,EosinophilerGranulozyt,0.025
76,0.13280068530556444,0.10531918413749564,0.15810615686844098,True,iou_grid_n2,EosinophilerGranulozyt,0.025
76,0.13693989857622013,0.10440829336909907,0.159460187825053,True,iou_grid_n3,EosinophilerGranulozyt,0.025
76,0.13212561033158088,0.10153799921481799,0.1528177821115304,True,iou_grid_n4,EosinophilerGranulozyt,0.025
76,0.1368645818169445,0.10580168191035266,0.152141045507733,True,iou_grid_n5,EosinophilerGranulozyt,0.025
76,0.3404700854427565,0.25395386339999915,0.3894642469723961,False,nn_center_global,EosinophilerGranulozyt,0.025
76,0.2917535688703343,0.20269374016695596,0.35139003148359427,False,nn_center_grid_n1,EosinophilerGranulozyt,0.025
76,0.3414105365829243,0.2545872189699814,0.39108097404140074,False,nn_center_grid_n2,EosinophilerGranulozyt,0.025
76,0.34092211434311714,0.2541890511022098,0.3905362136863797,False,nn_center_grid_n3,EosinophilerGranulozyt,0.025
76,0.3405333565595765,0.2539901330932932,0.389744738775367,False,nn_center_grid_n4,EosinophilerGranulozyt,0.025
76,0.3406960702636721,0.2539719900705879,0.3901553703393714,False,nn_center_grid_n5,EosinophilerGranulozyt,0.025
76,0.38108970992268576,0.29212556420371777,0.4256298569632153,False,nn_cluster_global,EosinophilerGranulozyt,0.025
76,0.31805924236113725,0.2340512364389078,0.37640958821243675,False,nn_cluster_grid_n1,EosinophilerGranulozyt,0.025
76,0.382982689652686,0.28978525750465334,0.4309764831969467,False,nn_cluster_grid_n2,EosinophilerGranulozyt,0.025
76,0.37995089453815534,0.2902992931839584,0.430086835952719,False,nn_cluster_grid_n3,EosinophilerGranulozyt,0.025
76,0.382494153521463,0.29136329933474775,0.4256561986672729,False,nn_cluster_grid_n4,EosinophilerGranulozyt,0.025
76,0.3803478249638703,0.2912757335709677,0.43072831937216227,False,nn_cluster_grid_n5,EosinophilerGranulozyt,0.025
76,0.36948337520837105,0.27162331976890486,0.4207023843343993,False,nn_dist_global,EosinophilerGranulozyt,0.025
76,0.31358747934940734,0.21895567025144835,0.36916809018474983,False,nn_dist_grid_n1,EosinophilerGranulozyt,0.025
76,0.3702383284817441,0.27272952909997294,0.42136108469178835,False,nn_dist_grid_n2,EosinophilerGranulozyt,0.025
76,0.36984974269133186,0.27218296550844445,0.4210570152264661,False,nn_dist_grid_n3,EosinophilerGranulozyt,0.025
76,0.36964347731361324,0.2721695770145154,0.42083746698830327,False,nn_dist_grid_n4,EosinophilerGranulozyt,0.025
76,0.36964347731361324,0.27183745826624905,0.4209050151586178,False,nn_dist_grid_n5,EosinophilerGranulozyt,0.025
76,-0.329512059707037,-0.3507479765572238,-0.3069860394890621,False,iou_edgecrop_global,Makrophage,0.05
76,-0.329512059707037,-0.3508433204858188,-0.30685741849180553,False,iou_edgecrop_grid_n1,Makrophage,0.05
76,-0.32979670022155594,-0.351126326250703,-0.3070072189339114,False,iou_edgecrop_grid_n2,Makrophage,0.05
76,-0.32976733796832103,-0.35066697817259174,-0.3070072189339114,False,iou_edgecrop_grid_n3,Makrophage,0.05
76,-0.32972026468678206,-0.3511110284795871,-0.3068788732810359,False,iou_edgecrop_grid_n4,Makrophage,0.05
76,-0.329613489872716,-0.35086050203969416,-0.3069000460548136,False,iou_edgecrop_grid_n5,Makrophage,0.05
76,-0.004160385709064851,-0.029412015842592343,0.017727710488300102,True,iou_global,Makrophage,0.05
76,-0.06333744645641859,-0.09340567743238645,-0.05719713292766203,True,iou_grid_n1,Makrophage,0.05
76,-0.004423568802768174,-0.028863336355762992,0.01857224572265348,True,iou_grid_n2,Makrophage,0.05
76,-0.004906521744484582,-0.028952672161656978,0.017918216074941012,True,iou_grid_n3,Makrophage,0.05
76,-0.004562310349304766,-0.02863374447246836,0.017891309327632332,True,iou_grid_n4,Makrophage,0.05
76,-0.004415004868896788,-0.028918137795687193,0.017901696699589353,True,iou_grid_n5,Makrophage,0.05
76,-0.14034089646861586,-0.15608931555281136,-0.11565286407040376,True,nn_center_global,Makrophage,0.05
76,-0.09266876115917895,-0.12090254142857444,-0.07831042743411504,True,nn_center_grid_n1,Makrophage,0.05
76,-0.14397566132469397,-0.15993586688277694,-0.1197275239493043,True,nn_center_grid_n2,Makrophage,0.05
76,-0.14220355504355303,-0.1579972739840454,-0.11748150494206899,True,nn_center_grid_n3,Makrophage,0.05
76,-0.14153594201245473,-0.1574167035656543,-0.11729417496218986,True,nn_center_grid_n4,Makrophage,0.05
76,-0.14145555951328354,-0.15725829460407403,-0.11666382270238151,True,nn_center_grid_n5,Makrophage,0.05
76,0.021483317444723926,-0.016902483911196753,0.056724975512762225,True,nn_cluster_global,Makrophage,0.05
76,-0.055695055898566215,-0.08505680707692742,-0.031824962725138406,True,nn_cluster_grid_n1,Makrophage,0.05
76,0.026008563685403108,-0.013643299739885095,0.0597704792747286,True,nn_cluster_grid_n2,Makrophage,0.05
76,0.023476137522211227,-0.015358605693849725,0.058337443500439914,True,nn_cluster_grid_n3,Makrophage,0.05
76,0.022579884235467862,-0.015895214544629555,0.057758763452076194,True,nn_cluster_grid_n4,Makrophage,0.05
76,0.022381081000488245,-0.015861459374814146,0.05744415565203189,True,nn_cluster_grid_n5,Makrophage,0.05
76,0.027436892864998286,-0.011515071549536182,0.05439816112128476,True,nn_dist_global,Makrophage,0.05
76,-0.05957901743747712,-0.08828087921419145,-0.04194891756720276,True,nn_dist_grid_n1,Makrophage,0.05
76,0.025516965097225897,-0.012660874844252379,0.05242295048399598,True,nn_dist_grid_n2,Makrophage,0.05
76,0.026452687459602164,-0.01215095046613146,0.05347069338033583,True,nn_dist_grid_n3,Makrophage,0.05
76,0.026702895818141226,-0.011954814672500813,0.053896930643318575,True,nn_dist_grid_n4,Makrophage,0.05
76,0.027043943056179964,-0.011783346246266757,0.053884119845358236,True,nn_dist_grid_n5,Makrophage,0.05
76,0.027061557420319238,0.006600618217121948,0.049283310861704455,True,iou_edgecrop_global,NeutrophilerGranulozyt,0.05
76,0.02711430838307327,0.005625048204624505,0.04812143242969047,True,iou_edgecrop_grid_n1,NeutrophilerGranulozyt,0.05
76,0.026217848340877925,0.006742601011744634,0.04930078726181619,True,iou_edgecrop_grid_n2,NeutrophilerGranulozyt,0.05
76,0.02583910443079762,0.00655248017456557,0.04930941103092268,True,iou_edgecrop_grid_n3,NeutrophilerGranulozyt,0.05
76,0.025918715926865787,0.0065955743353334345,0.048446573233601575,True,iou_edgecrop_grid_n4,NeutrophilerGranulozyt,0.05
76,0.027070815143366844,0.006639394072269724,0.049162385134437825,True,iou_edgecrop_grid_n5,NeutrophilerGranulozyt,0.05
76,0.09069383854419244,0.060803486235211035,0.10465903474402782,True,iou_global,NeutrophilerGranulozyt,0.05
76,0.0643174230631487,0.049015605114137606,0.09057240747830875,True,iou_grid_n1,NeutrophilerGranulozyt,0.05
76,0.09145702585722626,0.06057293806283459,0.10293443813977587,True,iou_grid_n2,NeutrophilerGranulozyt,0.05
76,0.09245174449281446,0.06085082919267881,0.10304514595768932,True,iou_grid_n3,NeutrophilerGranulozyt,0.05
76,0.09077374472857191,0.0630789680601358,0.10394097094817367,True,iou_grid_n4,NeutrophilerGranulozyt,0.05
76,0.09230492560456316,0.062113205363074075,0.10467033990909203,True,iou_grid_n5,NeutrophilerGranulozyt,0.05
76,0.10298478466613276,0.07204600800290373,0.12376776231061715,True,nn_center_global,NeutrophilerGranulozyt,0.05
76,0.07633004241885133,0.05735506357472613,0.10274528889782952,True,nn_center_grid_n1,NeutrophilerGranulozyt,0.05
76,0.09981660292568584,0.07073108342159484,0.1228792936524391,True,nn_center_grid_n2,NeutrophilerGranulozyt,0.05
76,0.10081321715477409,0.07204600800290395,0.12315741481986286,True,nn_center_grid_n3,NeutrophilerGranulozyt,0.05
76,0.10283299458942358,0.07073108342159484,0.12223957422655862,True,nn_center_grid_n4,NeutrophilerGranulozyt,0.05
76,0.10226635527331938,0.07204600800290395,0.1231542916570485,True,nn_center_grid_n5,NeutrophilerGranulozyt,0.05
76,0.12859347521942177,0.08842246309324865,0.1556324509001077,True,nn_cluster_global,NeutrophilerGranulozyt,0.05
76,0.10741199524429756,0.06419947398451908,0.12222415834872513,True,nn_cluster_grid_n1,NeutrophilerGranulozyt,0.05
76,0.13120692812172607,0.08924502830019172,0.15425565588073015,True,nn_cluster_grid_n2,NeutrophilerGranulozyt,0.05
76,0.12976229016458296,0.08839445980500311,0.1549816806407567,True,nn_cluster_grid_n3,NeutrophilerGranulozyt,0.05
76,0.12784872902728095,0.08839051752004659,0.15520546758876033,True,nn_cluster_grid_n4,NeutrophilerGranulozyt,0.05
76,0.12947448118339921,0.0884145741692324,0.15514088804376638,True,nn_cluster_grid_n5,NeutrophilerGranulozyt,0.05
76,0.1263842114564433,0.08469420509855076,0.14063071352812506,True,nn_dist_global,NeutrophilerGranulozyt,0.05
76,0.09891466110475944,0.05924876264336454,0.11610535732714711,True,nn_dist_grid_n1,NeutrophilerGranulozyt,0.05
76,0.12602241198362796,0.08385105274153083,0.1403796623227298,True,nn_dist_grid_n2,NeutrophilerGranulozyt,0.05
76,0.12632567107938697,0.08441262580936222,0.1407349652221861,True,nn_dist_grid_n3,NeutrophilerGranulozyt,0.05
76,0.12577699712461998,0.08378552002234407,0.14051408537421728,True,nn_dist_grid_n4,NeutrophilerGranulozyt,0.05
76,0.12627663464527727,0.08472615089555928,0.1403890641464438,True,nn_dist_grid_n5,NeutrophilerGranulozyt,0.05
76,0.06368313069879172,0.02956292199587307,0.10929162031494898,True,iou_edgecrop_global,EosinophilerGranulozyt,0.05
76,0.06459455412469883,0.03084913823407298,0.11984244424084944,True,iou_edgecrop_grid_n1,EosinophilerGranulozyt,0.05
76,0.0661645253698564,0.03031137898977354,0.1055596561938563,True,iou_edgecrop_grid_n2,EosinophilerGranulozyt,0.05
76,0.0634098319764913,0.028628014930779377,0.11322869917857334,True,iou_edgecrop_grid_n3,EosinophilerGranulozyt,0.05
76,0.06607340919648363,0.03281311448209134,0.11334147000970074,True,iou_edgecrop_grid_n4,EosinophilerGranulozyt,0.05
76,0.06463754260997479,0.032707182278602254,0.11212547905898873,True,iou_edgecrop_grid_n5,EosinophilerGranulozyt,0.05
76,0.1212524332317304,0.08693158938775447,0.14592585753523934,True,iou_global,EosinophilerGranulozyt,0.05
76,0.10432535771531182,0.09319187876139812,0.14734176315513015,True,iou_grid_n1,EosinophilerGranulozyt,0.05
76,0.12062826552535943,0.09006489978391863,0.14742852160613218,True,iou_grid_n2,EosinophilerGranulozyt,0.05
76,0.12126347324832976,0.09204371658657151,0.14601588673304366,True,iou_grid_n3,EosinophilerGranulozyt,0.05
76,0.12311507875391081,0.0913532897378111,0.14523928819543652,True,iou_grid_n4,EosinophilerGranulozyt,0.05
76,0.12066113573419246,0.08765393687024581,0.14523928819543652,True,iou_grid_n5,EosinophilerGranulozyt,0.05
76,0.33372334709758755,0.24741979540985004,0.3933155639668058,False,nn_center_global,EosinophilerGranulozyt,0.05
76,0.2778883572697053,0.20124278467346812,0.3507731305569479,False,nn_center_grid_n1,EosinophilerGranulozyt,0.05
76,0.3344867333745305,0.24776778289634782,0.3941684115395858,False,nn_center_grid_n2,EosinophilerGranulozyt,0.05
76,0.33424787977609194,0.24751230649947265,0.3936787948403808,False,nn_center_grid_n3,EosinophilerGranulozyt,0.05
76,0.33398396283337606,0.2475873147083516,0.39366286808316797,False,nn_center_grid_n4,EosinophilerGranulozyt,0.05
76,0.33402593903329736,0.2474971050350525,0.3935839601685407,False,nn_center_grid_n5,EosinophilerGranulozyt,0.05
76,0.37814210053455,0.28619491579811496,0.449253614632513,False,nn_cluster_global,EosinophilerGranulozyt,0.05
76,0.2872992273935877,0.22273331909750071,0.3746974728993676,False,nn_cluster_grid_n1,EosinophilerGranulozyt,0.05
76,0.379248317013527,0.2860122011557391,0.4448096728663806,False,nn_cluster_grid_n2,EosinophilerGranulozyt,0.05
76,0.3787629738229845,0.28528893831015667,0.44831261535468236,False,nn_cluster_grid_n3,EosinophilerGranulozyt,0.05
76,0.37913274268796604,0.28559811194308127,0.4486673335916822,False,nn_cluster_grid_n4,EosinophilerGranulozyt,0.05
76,0.3792946413150955,0.28570857744515443,0.4487650232317737,False,nn_cluster_grid_n5,EosinophilerGranulozyt,0.05
76,0.36681139984870503,0.2752334980371727,0.4333291888596551,False,nn_dist_global,EosinophilerGranulozyt,0.05
76,0.28098631594796,0.21034443902163913,0.3704636852349892,False,nn_dist_grid_n1,EosinophilerGranulozyt,0.05
76,0.3675717475568949,0.27504805738292415,0.4335631609500319,False,nn_dist_grid_n2,EosinophilerGranulozyt,0.05
76,0.3670756429951254,0.27536321654873164,0.43339788433273174,False,nn_dist_grid_n3,EosinophilerGranulozyt,0.05
76,0.3668439678343862,0.27534159445960227,0.43349445603752246,False,nn_dist_grid_n4,EosinophilerGranulozyt,0.05
76,0.36698166146452316,0.2751902660108607,0.43339788433273174,False,nn_dist_grid_n5,EosinophilerGranulozyt,0.05
76,-0.3235076429685631,-0.34166405048682924,-0.2969004035764194,False,iou_edgecrop_global,Makrophage,0.075
76,-0.3323292082742594,-0.35110689680374535,-0.3075858402513942,False,iou_edgecrop_grid_n1,Makrophage,0.075
76,-0.3233216820720306,-0.3419063037921072,-0.29709191628278325,False,iou_edgecrop_grid_n2,Makrophage,0.075
76,-0.3234463108346307,-0.34166854679380654,-0.29699990072446036,False,iou_edgecrop_grid_n3,Makrophage,0.075
76,-0.3235340532232038,-0.3414057230256565,-0.29714682475055004,False,iou_edgecrop_grid_n4,Makrophage,0.075
76,-0.32349018395359896,-0.3417915673868339,-0.2969491373330226,False,iou_edgecrop_grid_n5,Makrophage,0.075
76,-0.04017480632702599,-0.06199289042681705,-0.024345276742648858,True,iou_global,Makrophage,0.075
76,-0.06379485002702656,-0.09398426566101503,-0.05364702384111516,True,iou_grid_n1,Makrophage,0.075
76,-0.04341462477509092,-0.06573152090303852,-0.026357088083427738,True,iou_grid_n2,Makrophage,0.075
76,-0.04161605134901734,-0.06407029880507642,-0.025606255360237418,True,iou_grid_n3,Makrophage,0.075
76,-0.04140741520938845,-0.06324768543848186,-0.0251374497488146,True,iou_grid_n4,Makrophage,0.075
76,-0.04091021217485777,-0.06338697673757515,-0.024560448234764776,True,iou_grid_n5,Makrophage,0.075
76,-0.15640688134894604,-0.17534142524228483,-0.1382390173186694,True,nn_center_global,Makrophage,0.075
76,-0.09525446334365414,-0.12148719556341991,-0.07608998857109768,True,nn_center_grid_n1,Makrophage,0.075
76,-0.16045009213070996,-0.17942107940765223,-0.14094892858233382,True,nn_center_grid_n2,Makrophage,0.075
76,-0.15883816200652928,-0.17723877411263692,-0.13983413554015306,True,nn_center_grid_n3,Makrophage,0.075
76,-0.15768022610917506,-0.17672932475185593,-0.13943523039475314,True,nn_center_grid_n4,Makrophage,0.075
76,-0.1579093919452843,-0.17632529625579793,-0.1393776368081146,True,nn_center_grid_n5,Makrophage,0.075
76,0.006077496360612278,-0.026430242564719375,0.033957090130198264,True,nn_cluster_global,Makrophage,0.075
76,-0.05519142490175788,-0.08909237369973019,-0.03256148620452115,True,nn_cluster_grid_n1,Makrophage,0.075
76,0.011251419427193932,-0.018307123066909244,0.0423486446251759,True,nn_cluster_grid_n2,Makrophage,0.075
76,0.009668249865639966,-0.02300443767826077,0.03829789740871148,True,nn_cluster_grid_n3,Makrophage,0.075
76,0.007742968439075959,-0.02391533376948174,0.036813002492899094,True,nn_cluster_grid_n4,Makrophage,0.075
76,0.007530743623540892,-0.0248603787171874,0.03603309255715392,True,nn_cluster_grid_n5,Makrophage,0.075
76,0.022998248877673495,-0.011304833837247674,0.04616859585761646,True,nn_dist_global,Makrophage,0.075
76,-0.05819783931133027,-0.09078147842129011,-0.04107639736466662,True,nn_dist_grid_n1,Makrophage,0.075
76,0.018581292633556235,-0.015475494694589292,0.041656317762539974,True,nn_dist_grid_n2,Makrophage,0.075
76,0.02060980540954427,-0.013151960782006422,0.04371129236368021,True,nn_dist_grid_n3,Makrophage,0.075
76,0.021400909302088524,-0.013090917574176353,0.04462002363887274,True,nn_dist_grid_n4,Makrophage,0.075
76,0.021749200444499066,-0.012509649288200697,0.04486603532559008,True,nn_dist_grid_n5,Makrophage,0.075
76,0.03583431891075828,0.025926040974893816,0.05852993203589296,True,iou_edgecrop_global,NeutrophilerGranulozyt,0.075
76,0.028568099554567628,0.012452246559102154,0.04688468935786938,True,iou_edgecrop_grid_n1,NeutrophilerGranulozyt,0.075
76,0.035672007596234456,0.025936695066018034,0.05998553713962229,True,iou_edgecrop_grid_n2,NeutrophilerGranulozyt,0.075
76,0.03590076527286645,0.02591431272359035,0.05871224744356485,True,iou_edgecrop_grid_n3,NeutrophilerGranulozyt,0.075
76,0.03586205290453781,0.025939237416459426,0.05883715803300804,True,iou_edgecrop_grid_n4,NeutrophilerGranulozyt,0.075
76,0.03585346829510794,0.025767533062375336,0.05967846293808243,True,iou_edgecrop_grid_n5,NeutrophilerGranulozyt,0.075
76,0.07133654505318887,0.057364132448455396,0.09193842579622824,True,iou_global,NeutrophilerGranulozyt,0.075
76,0.06711922305059237,0.04977184114244868,0.08634979760827366,True,iou_grid_n1,NeutrophilerGranulozyt,0.075
76,0.06969910608340002,0.05651310945275023,0.09196857862294794,True,iou_grid_n2,NeutrophilerGranulozyt,0.075
76,0.06904377162391578,0.056869939902811084,0.09298276434370145,True,iou_grid_n3,NeutrophilerGranulozyt,0.075
76,0.0721285377114691,0.05861632200821831,0.09123359703158085,True,iou_grid_n4,NeutrophilerGranulozyt,0.075
76,0.07282467833435047,0.056733234445839886,0.0920084163245023,True,iou_grid_n5,NeutrophilerGranulozyt,0.075
76,0.0886206540068073,0.06655269675572295,0.12535105177179195,True,nn_center_global,NeutrophilerGranulozyt,0.075
76,0.08089803988489819,0.05684401623866364,0.10230966366418537,True,nn_center_grid_n1,NeutrophilerGranulozyt,0.075
76,0.08843172179552605,0.06734701836649831,0.12477540919996177,True,nn_center_grid_n2,NeutrophilerGranulozyt,0.075
76,0.08845454392339458,0.06666453399443972,0.12516130828206573,True,nn_center_grid_n3,NeutrophilerGranulozyt,0.075
76,0.08853761253647252,0.06685135214168902,0.12526691933266187,True,nn_center_grid_n4,NeutrophilerGranulozyt,0.075
76,0.08841573775173583,0.06681766243303905,0.12553368349542993,True,nn_center_grid_n5,NeutrophilerGranulozyt,0.075
76,0.12086806415258855,0.07661795189319495,0.14901249518409154,True,nn_cluster_global,NeutrophilerGranulozyt,0.075
76,0.1024978362571966,0.06366788785984112,0.11642963199049561,True,nn_cluster_grid_n1,NeutrophilerGranulozyt,0.075
76,0.1196096860976339,0.07701207488475743,0.14649375624326177,True,nn_cluster_grid_n2,NeutrophilerGranulozyt,0.075
76,0.12019249115257957,0.07635176025567691,0.14736816867464098,True,nn_cluster_grid_n3,NeutrophilerGranulozyt,0.075
76,0.12052612224528181,0.07666677049611437,0.14807738581759755,True,nn_cluster_grid_n4,NeutrophilerGranulozyt,0.075
76,0.12039848196425695,0.07661795189319495,0.14771888257996912,True,nn_cluster_grid_n5,NeutrophilerGranulozyt,0.075
76,0.11246885372840454,0.08063170878736403,0.1333140979818328,True,nn_dist_global,NeutrophilerGranulozyt,0.075
76,0.09874819633648801,0.06041147966052529,0.10967684694421465,True,nn_dist_grid_n1,NeutrophilerGranulozyt,0.075
76,0.11163720246756548,0.07946195795342303,0.13228895325303186,True,nn_dist_grid_n2,NeutrophilerGranulozyt,0.075
76,0.1112743388389531,0.07976609777285648,0.13331085723121555,True,nn_dist_grid_n3,NeutrophilerGranulozyt,0.075
76,0.11241960962534614,0.0791792757070493,0.13305603139955458,True,nn_dist_grid_n4,NeutrophilerGranulozyt,0.075
76,0.11113474004070567,0.08101295195533686,0.1333201042177724,True,nn_dist_grid_n5,NeutrophilerGranulozyt,0.075
76,0.08730473195647581,0.054060079111080794,0.12472833370838754,True,iou_edgecrop_global,EosinophilerGranulozyt,0.075
76,0.08410389498950244,0.05489554185893175,0.1280661833103971,True,iou_edgecrop_grid_n1,EosinophilerGranulozyt,0.075
76,0.0858659513355795,0.053995664798198284,0.12426502385119731,True,iou_edgecrop_grid_n2,EosinophilerGranulozyt,0.075
76,0.08679905971927637,0.05472377560625752,0.1245530837696518,True,iou_edgecrop_grid_n3,EosinophilerGranulozyt,0.075
76,0.08870076782733105,0.05337677721500045,0.12699868829118355,True,iou_edgecrop_grid_n4,EosinophilerGranulozyt,0.075
76,0.08667059106492081,0.053376777215000226,0.12705986696583693,True,iou_edgecrop_grid_n5,EosinophilerGranulozyt,0.075
76,0.11827897524457498,0.08564643992531984,0.16022973919070654,True,iou_global,EosinophilerGranulozyt,0.075
76,0.10849428021918772,0.08986254726805565,0.12855744713728168,True,iou_grid_n1,EosinophilerGranulozyt,0.075
76,0.11971245585108115,0.08925563528694713,0.1699080610183401,True,iou_grid_n2,EosinophilerGranulozyt,0.075
76,0.11970701920204707,0.0809255324812812,0.1598499821113489,True,iou_grid_n3,EosinophilerGranulozyt,0.075
76,0.11849465032948325,0.08770382884936034,0.16785725794502643,True,iou_grid_n4,EosinophilerGranulozyt,0.075
76,0.11879740031292108,0.09051015787067107,0.16152296562664414,True,iou_grid_n5,EosinophilerGranulozyt,0.075
76,0.33558643321017767,0.24682109104385086,0.4007001121433911,False,nn_center_global,EosinophilerGranulozyt,0.075
76,0.2694120087539107,0.20098935336432255,0.3271628000716655,False,nn_center_grid_n1,EosinophilerGranulozyt,0.075
76,0.33622182242028154,0.2464487436370646,0.40110828182205127,False,nn_center_grid_n2,EosinophilerGranulozyt,0.075
76,0.33585278845240607,0.24707018926293012,0.4009669734634267,False,nn_center_grid_n3,EosinophilerGranulozyt,0.075
76,0.33549830255041213,0.2469286063651981,0.40082568507003336,False,nn_center_grid_n4,EosinophilerGranulozyt,0.075
76,0.3356888607430566,0.246924056447839,0.40080998759183295,False,nn_center_grid_n5,EosinophilerGranulozyt,0.075
76,0.3580793557213182,0.2691717533510627,0.4398377982818742,False,nn_cluster_global,EosinophilerGranulozyt,0.075
76,0.2767580072830067,0.22490754762536813,0.3615166893950521,False,nn_cluster_grid_n1,EosinophilerGranulozyt,0.075
76,0.3541382044518302,0.26753889082788285,0.4360281350501614,False,nn_cluster_grid_n2,EosinophilerGranulozyt,0.075
76,0.3561906018782688,0.2675043837371368,0.4364993797544615,False,nn_cluster_grid_n3,EosinophilerGranulozyt,0.075
76,0.3566481236470689,0.2694086385362944,0.4378187301175922,False,nn_cluster_grid_n4,EosinophilerGranulozyt,0.075
76,0.35729725689117275,0.2679034413228173,0.43843241001390787,False,nn_cluster_grid_n5,EosinophilerGranulozyt,0.075
76,0.34829440178728155,0.25910841604190415,0.42808095351128017,False,nn_dist_global,EosinophilerGranulozyt,0.075
76,0.2737192164842157,0.2135714870573766,0.3530702294778212,False,nn_dist_grid_n1,EosinophilerGranulozyt,0.075
76,0.34842789531363816,0.25930367665858056,0.4282119378588378,False,nn_dist_grid_n2,EosinophilerGranulozyt,0.075
76,0.3484278953136384,0.25910841604190415,0.4282119378588378,False,nn_dist_grid_n3,EosinophilerGranulozyt,0.075
76,0.3482944017872813,0.25910841604190415,0.42808095351128017,False,nn_dist_grid_n4,EosinophilerGranulozyt,0.075
76,0.3484278953136384,0.25910841604190415,0.4282119378588378,False,nn_dist_grid_n5,EosinophilerGranulozyt,0.075
76,-0.28113585493109094,-0.3025917985141592,-0.25786300325856526,False,iou_edgecrop_global,Makrophage,0.1
76,-0.3224997132108612,-0.35309573656327986,-0.3081998845428534,False,iou_edgecrop_grid_n1,Makrophage,0.1
76,-0.28128945028027874,-0.3025917985141592,-0.2574080411832894,False,iou_edgecrop_grid_n2,Makrophage,0.1
76,-0.2813083278495868,-0.30263016634657314,-0.25755943017759875,False,iou_edgecrop_grid_n3,Makrophage,0.1
76,-0.28149713108796526,-0.30245507955965023,-0.2573319463691143,False,iou_edgecrop_grid_n4,Makrophage,0.1
76,-0.28149713108796526,-0.30245507955965023,-0.2574080411832894,False,iou_edgecrop_grid_n5,Makrophage,0.1
76,-0.056795431467735184,-0.07732135996975825,-0.04502517889152724,True,iou_global,Makrophage,0.1
76,-0.06425896400148895,-0.0887178124196508,-0.05352491431997268,True,iou_grid_n1,Makrophage,0.1
76,-0.05950734368911527,-0.082550422306433,-0.04723977671936108,True,iou_grid_n2,Makrophage,0.1
76,-0.058114650783975035,-0.08093595686233812,-0.04749290176164633,True,iou_grid_n3,Makrophage,0.1
76,-0.05760391526818196,-0.0788408068719193,-0.046065099354968386,True,iou_grid_n4,Makrophage,0.1
76,-0.05736272097704855,-0.07920785634801747,-0.046115537381228755,True,iou_grid_n5,Makrophage,0.1
76,-0.16255483960233025,-0.18193381248429297,-0.14206810349094645,True,nn_center_global,Makrophage,0.1
76,-0.09454193831038639,-0.12042720631840008,-0.07582184418769804,True,nn_center_grid_n1,Makrophage,0.1
76,-0.16828987891527797,-0.18613556986123841,-0.1450987688387596,True,nn_center_grid_n2,Makrophage,0.1
76,-0.16554818928229714,-0.18409505327185638,-0.1437974041902056,True,nn_center_grid_n3,Makrophage,0.1
76,-0.16495853351856904,-0.18361382862740666,-0.14364878039911477,True,nn_center_grid_n4,Makrophage,0.1
76,-0.16457463934936395,-0.18312654592585687,-0.1430543219696092,True,nn_center_grid_n5,Makrophage,0.1
76,0.0018212741896147522,-0.02492372508472107,0.030298247773794196,True,nn_cluster_global,Makrophage,0.1
76,-0.05587264772521383,-0.08214307730057524,-0.032746992826774346,True,nn_cluster_grid_n1,Makrophage,0.1
76,0.011885614484599571,-0.015489347228776262,0.0396829140330826,True,nn_cluster_grid_n2,Makrophage,0.1
76,0.00734066039161263,-0.020666599035106814,0.034157770313580214,True,nn_cluster_grid_n3,Makrophage,0.1
76,0.0056627095853242215,-0.0217694874838662,0.033566695648034356,True,nn_cluster_grid_n4,Makrophage,0.1
76,0.004530866413000378,-0.02310686816607277,0.03269537967830843,True,nn_cluster_grid_n5,Makrophage,0.1
76,0.023101017321146687,-0.006677032055405707,0.04496368447317667,True,nn_dist_global,Makrophage,0.1
76,-0.059761751744635605,-0.0851124622535463,-0.04166777571839486,True,nn_dist_grid_n1,Makrophage,0.1
76,0.019029866270583902,-0.010334491175436056,0.04055125858705266,True,nn_dist_grid_n2,Makrophage,0.1
76,0.020995796830533993,-0.008974371877012555,0.04293052507250339,True,nn_dist_grid_n3,Makrophage,0.1
76,0.021589282830158756,-0.008059863490322061,0.04270407504026674,True,nn_dist_grid_n4,Makrophage,0.1
76,0.022203999787743976,-0.00766716461909045,0.04428729370493234,True,nn_dist_grid_n5,Makrophage,0.1
76,0.061009452624800176,0.041657263802970856,0.07381080531042516,True,iou_edgecrop_global,NeutrophilerGranulozyt,0.1
76,0.024015845223743337,0.010931901256402532,0.04695526197398425,True,iou_edgecrop_grid_n1,NeutrophilerGranulozyt,0.1
76,0.06032302826235991,0.04148461186755359,0.07532983788842218,True,iou_edgecrop_grid_n2,NeutrophilerGranulozyt,0.1
76,0.06007397757965616,0.04199374640121517,0.07523236872492145,True,iou_edgecrop_grid_n3,NeutrophilerGranulozyt,0.1
76,0.06054687244882451,0.04126595219340165,0.07489248549212957,True,iou_edgecrop_grid_n4,NeutrophilerGranulozyt,0.1
76,0.060122008045165765,0.04106330397713795,0.0748972623904055,True,iou_edgecrop_grid_n5,NeutrophilerGranulozyt,0.1
76,0.06664002501491129,0.04981867832208142,0.08669911645458461,True,iou_global,NeutrophilerGranulozyt,0.1
76,0.060064839941147086,0.04976442679792614,0.09039174276758466,True,iou_grid_n1,NeutrophilerGranulozyt,0.1
76,0.06569303394497694,0.0496960166388305,0.08788319378223239,True,iou_grid_n2,NeutrophilerGranulozyt,0.1
76,0.06496139403307288,0.05155864352857076,0.08719197946680203,True,iou_grid_n3,NeutrophilerGranulozyt,0.1
76,0.06546249280261729,0.051301756417956534,0.08744821229392284,True,iou_grid_n4,NeutrophilerGranulozyt,0.1
76,0.06500114874075846,0.05092525447831153,0.0874044815080408,True,iou_grid_n5,NeutrophilerGranulozyt,0.1
76,0.08648590641775133,0.064759348223349,0.10677668837436949,True,nn_center_global,NeutrophilerGranulozyt,0.1
76,0.07736246020390491,0.04938250817902423,0.1092108738426627,True,nn_center_grid_n1,NeutrophilerGranulozyt,0.1
76,0.08661659372727926,0.06196624027040112,0.1070099481181861,True,nn_center_grid_n2,NeutrophilerGranulozyt,0.1
76,0.08682168859702821,0.061499760057094344,0.1070259613334168,True,nn_center_grid_n3,NeutrophilerGranulozyt,0.1
76,0.08631947541881435,0.06394375216726869,0.10677668837436949,True,nn_center_grid_n4,NeutrophilerGranulozyt,0.1
76,0.0867429619974468,0.06290278259817107,0.10677668837436927,True,nn_center_grid_n5,NeutrophilerGranulozyt,0.1
76,0.12056234916521724,0.0755381833041966,0.140182744137483,True,nn_cluster_global,NeutrophilerGranulozyt,0.1
76,0.1026140059946814,0.053508671813416564,0.12154207537788864,True,nn_cluster_grid_n1,NeutrophilerGranulozyt,0.1
76,0.11828793814046312,0.07695082514299612,0.13625297077663956,True,nn_cluster_grid_n2,NeutrophilerGranulozyt,0.1
76,0.11897723698176099,0.07641114091793055,0.13747080044672289,True,nn_cluster_grid_n3,NeutrophilerGranulozyt,0.1
76,0.11992693343822958,0.07613182913612693,0.13848900066674075,True,nn_cluster_grid_n4,NeutrophilerGranulozyt,0.1
76,0.1202263346447805,0.07578592189243127,0.13897239461380817,True,nn_cluster_grid_n5,NeutrophilerGranulozyt,0.1
76,0.10983393266002595,0.07897500105023303,0.1285601027960658,True,nn_dist_global,NeutrophilerGranulozyt,0.1
76,0.09786641178310507,0.050007451248000656,0.11479297263385368,True,nn_dist_grid_n1,NeutrophilerGranulozyt,0.1
76,0.10969783639424957,0.07499650437762295,0.12872078562323716,True,nn_dist_grid_n2,NeutrophilerGranulozyt,0.1
76,0.10986776634466255,0.07803867907012063,0.12889624474197078,True,nn_dist_grid_n3,NeutrophilerGranulozyt,0.1
76,0.10986287647419923,0.07830957883699674,0.1286258414690962,True,nn_dist_grid_n4,NeutrophilerGranulozyt,0.1
76,0.10990407073749353,0.07862302760970541,0.12862896420205897,True,nn_dist_grid_n5,NeutrophilerGranulozyt,0.1
76,0.0943977640833018,0.06321396818702363,0.1315485925045854,True,iou_edgecrop_global,EosinophilerGranulozyt,0.1
76,0.06849403007930599,0.04783438716030464,0.10448979593589791,True,iou_edgecrop_grid_n1,EosinophilerGranulozyt,0.1
76,0.0943977640833018,0.061679962333798244,0.13426029040613474,True,iou_edgecrop_grid_n2,EosinophilerGranulozyt,0.1
76,0.09558364100699945,0.06175090018244678,0.13510794318682406,True,iou_edgecrop_grid_n3,EosinophilerGranulozyt,0.1
76,0.09765976694358525,0.061650078485532056,0.13179656260216221,True,iou_edgecrop_grid_n4,EosinophilerGranulozyt,0.1
76,0.09855564963701124,0.06471322113527685,0.1345517055700471,True,iou_edgecrop_grid_n5,EosinophilerGranulozyt,0.1
76,0.12622873096471476,0.10717143645778515,0.16887496333735985,True,iou_global,EosinophilerGranulozyt,0.1
76,0.11481174418988349,0.08518099463599871,0.13305340428586288,True,iou_grid_n1,EosinophilerGranulozyt,0.1
76,0.12805253245073,0.10729792693545037,0.16726281276990207,True,iou_grid_n2,EosinophilerGranulozyt,0.1
76,0.1285247961463991,0.10859611474764841,0.17007633254975651,True,iou_grid_n3,EosinophilerGranulozyt,0.1
76,0.1297043989139861,0.10658116460882816,0.16478775809281077,True,iou_grid_n4,EosinophilerGranulozyt,0.1
76,0.13185466887571673,0.10750933519113537,0.16641308083141315,True,iou_grid_n5,EosinophilerGranulozyt,0.1
76,0.34032311827212824,0.26088098021262196,0.42822712109115457,False,nn_center_global,EosinophilerGranulozyt,0.1
76,0.272010732441923,0.2016683868044642,0.3439675320665325,False,nn_center_grid_n1,EosinophilerGranulozyt,0.1
76,0.3406837710692996,0.2611329674937164,0.42862006384445195,False,nn_center_grid_n2,EosinophilerGranulozyt,0.1
76,0.34050341215310453,0.2610412788385802,0.42862006384445195,False,nn_center_grid_n3,EosinophilerGranulozyt,0.1
76,0.34045833258764113,0.2610467531646814,0.42822712109115457,False,nn_center_grid_n4,EosinophilerGranulozyt,0.1
76,0.34032311827212824,0.26103193473110553,0.42806998721276734,False,nn_center_grid_n5,EosinophilerGranulozyt,0.1
76,0.3598217762655973,0.2949299843292381,0.4751713273352878,False,nn_cluster_global,EosinophilerGranulozyt,0.1
76,0.2828692489126128,0.22622511275424673,0.3752940814459289,False,nn_cluster_grid_n1,EosinophilerGranulozyt,0.1
76,0.3551447063979647,0.28698041613092684,0.47136115674803447,False,nn_cluster_grid_n2,EosinophilerGranulozyt,0.1
76,0.3569125905848003,0.2903208842870808,0.47309155460183794,False,nn_cluster_grid_n3,EosinophilerGranulozyt,0.1
76,0.3578180145902863,0.29160968821450783,0.47365172896993535,False,nn_cluster_grid_n4,EosinophilerGranulozyt,0.1
76,0.35835773052581166,0.2925903902128566,0.4745161265863307,False,nn_cluster_grid_n5,EosinophilerGranulozyt,0.1
76,0.3472839983987317,0.276284740741078,0.46056760742881575,False,nn_dist_global,EosinophilerGranulozyt,0.1
76,0.27723018316629444,0.2188435277126497,0.3726306864983293,False,nn_dist_grid_n1,EosinophilerGranulozyt,0.1
76,0.3480954341815583,0.2768043616099327,0.46093380189865024,False,nn_dist_grid_n2,EosinophilerGranulozyt,0.1
76,0.34750656684220194,0.27641825209033577,0.46074495798885606,False,nn_dist_grid_n3,EosinophilerGranulozyt,0.1
76,0.3474212918873065,0.27652448150177866,0.46062788201974697,False,nn_dist_grid_n4,EosinophilerGranulozyt,0.1
76,0.34755232714974316,0.27653783531095355,0.46062966620145024,False,nn_dist_grid_n5,EosinophilerGranulozyt,0.1
76,-0.19477681163384258,-0.21850025977078036,-0.17252234743977252,False,iou_edgecrop_global,Makrophage,0.15
76,-0.3305013439800763,-0.3539330880443814,-0.3054640839901019,False,iou_edgecrop_grid_n1,Makrophage,0.15
76,-0.19483478066008658,-0.21837556371724864,-0.17261493747182102,False,iou_edgecrop_grid_n2,Makrophage,0.15
76,-0.19478423995195443,-0.21886325306784848,-0.17252878491115253,False,iou_edgecrop_grid_n3,Makrophage,0.15
76,-0.19467144389424124,-0.21868658685732012,-0.17265853619106253,False,iou_edgecrop_grid_n4,Makrophage,0.15
76,-0.1948046520525697,-0.21831392093713975,-0.17270682485445255,False,iou_edgecrop_grid_n5,Makrophage,0.15
76,-0.05674252250579935,-0.08867139389916157,-0.043323183803594206,True,iou_global,Makrophage,0.15
76,-0.06492473224484696,-0.09516640992813219,-0.05409372131335675,True,iou_grid_n1,Makrophage,0.15
76,-0.05963094674277819,-0.09227515180403839,-0.0470414254217497,True,iou_grid_n2,Makrophage,0.15
76,-0.05828806053557742,-0.09075871657405121,-0.04533430486353998,True,iou_grid_n3,Makrophage,0.15
76,-0.05769154723227653,-0.09054600191864248,-0.04472435345951173,True,iou_grid_n4,Makrophage,0.15
76,-0.0576400645268499,-0.08878711131561329,-0.0443103268402663,True,iou_grid_n5,Makrophage,0.15
76,-0.1612855544188726,-0.190080094240407,-0.1384453055071954,True,nn_center_global,Makrophage,0.15
76,-0.0953564633962966,-0.12199810346245273,-0.0757923299318698,True,nn_center_grid_n1,Makrophage,0.15
76,-0.16519836776808045,-0.19296191834754095,-0.14078180454399863,True,nn_center_grid_n2,Makrophage,0.15
76,-0.16343749355852283,-0.1918556721426528,-0.13943129753429243,True,nn_center_grid_n3,Makrophage,0.15
76,-0.16283007445876935,-0.19114878148823405,-0.1394464902930812,True,nn_center_grid_n4,Makrophage,0.15
76,-0.1624011707246622,-0.1906403205778266,-0.1391402784967637,True,nn_center_grid_n5,Makrophage,0.15
76,0.00017208728470885504,-0.030051181127016324,0.03442956910883732,True,nn_cluster_global,Makrophage,0.15
76,-0.054016894732831944,-0.08724634534593721,-0.03153802877094897,True,nn_cluster_grid_n1,Makrophage,0.15
76,0.00805686432214714,-0.021705469767838936,0.04436880221100936,True,nn_cluster_grid_n2,Makrophage,0.15
76,0.0041922697735123915,-0.02629964912783611,0.039872140839136594,True,nn_cluster_grid_n3,Makrophage,0.15
76,0.002943942842548175,-0.02723530182091438,0.03773860313921063,True,nn_cluster_grid_n4,Makrophage,0.15
76,0.0021445643884527854,-0.028527889657779748,0.03705467763639365,True,nn_cluster_grid_n5,Makrophage,0.15
76,0.02078548015890902,-0.011097257896077739,0.04732047933572803,True,nn_dist_global,Makrophage,0.15
76,-0.057652774628561165,-0.0890177450931534,-0.0399458095769053,True,nn_dist_grid_n1,Makrophage,0.15
76,0.015245936938959592,-0.017113877122284515,0.04118894065739198,True,nn_dist_grid_n2,Makrophage,0.15
76,0.018245926492183484,-0.01428959533322971,0.04411812488402678,True,nn_dist_grid_n3,Makrophage,0.15
76,0.0188888166964285,-0.013139187387036566,0.04523392552660793,True,nn_dist_grid_n4,Makrophage,0.15
76,0.019397693451564724,-0.01262420363030714,0.04554476054561846,True,nn_dist_grid_n5,Makrophage,0.15
76,0.08377878057525512,0.06675550814874498,0.101440628186379,True,iou_edgecrop_global,NeutrophilerGranulozyt,0.15
76,0.03132303776792855,0.010058551099217161,0.05117006491125253,True,iou_edgecrop_grid_n1,NeutrophilerGranulozyt,0.15
76,0.08352859292930448,0.06639639654131724,0.10189237337002664,True,iou_edgecrop_grid_n2,NeutrophilerGranulozyt,0.15
76,0.08458843877797717,0.06692229715822373,0.10159206442474056,True,iou_edgecrop_grid_n3,NeutrophilerGranulozyt,0.15
76,0.0837876142149977,0.06587077235050343,0.10221564634089797,True,iou_edgecrop_grid_n4,NeutrophilerGranulozyt,0.15
76,0.08534303795953246,0.06692229715822373,0.10185482404683499,True,iou_edgecrop_grid_n5,NeutrophilerGranulozyt,0.15
76,0.0782725207373598,0.060014392129241534,0.09613940283350497,True,iou_global,NeutrophilerGranulozyt,0.15
76,0.06893894012440449,0.049402082811967896,0.0885010183422914,True,iou_grid_n1,NeutrophilerGranulozyt,0.15
76,0.07888384291581119,0.06262702583692537,0.09724222534936153,True,iou_grid_n2,NeutrophilerGranulozyt,0.15
76,0.07757797124576227,0.060769519463316435,0.09630393735870242,True,iou_grid_n3,NeutrophilerGranulozyt,0.15
76,0.07589190660703204,0.060567886233477086,0.09670163127518731,True,iou_grid_n4,NeutrophilerGranulozyt,0.15
76,0.07733978148341736,0.060389473227736856,0.09733695231060102,True,iou_grid_n5,NeutrophilerGranulozyt,0.15
76,0.10178724311305332,0.07783939664978812,0.11956304204213819,True,nn_center_global,NeutrophilerGranulozyt,0.15
76,0.08261571987660654,0.054696780246927035,0.10574795254978286,True,nn_center_grid_n1,NeutrophilerGranulozyt,0.15
76,0.10115318801064666,0.0776308008332166,0.11809671323338855,True,nn_center_grid_n2,NeutrophilerGranulozyt,0.15
76,0.10138807719259468,0.0774541628020452,0.11904832676954702,True,nn_center_grid_n3,NeutrophilerGranulozyt,0.15
76,0.10183624839507466,0.07791459526994715,0.11923848890639333,True,nn_center_grid_n4,NeutrophilerGranulozyt,0.15
76,0.10135770822279955,0.07771103463188533,0.11898934015943907,True,nn_center_grid_n5,NeutrophilerGranulozyt,0.15
76,0.13042468700768148,0.1013557953311719,0.15050315967183672,True,nn_cluster_global,NeutrophilerGranulozyt,0.15
76,0.10752033942302978,0.06042690909556742,0.1241726953837996,True,nn_cluster_grid_n1,NeutrophilerGranulozyt,0.15
76,0.12837082736801284,0.10019854348259782,0.14736555338304114,True,nn_cluster_grid_n2,NeutrophilerGranulozyt,0.15
76,0.1299449556204357,0.10025055516126258,0.1487600473170091,True,nn_cluster_grid_n3,NeutrophilerGranulozyt,0.15
76,0.1293292558392671,0.10079673229525954,0.14977135491972263,True,nn_cluster_grid_n4,NeutrophilerGranulozyt,0.15
76,0.13000489687807512,0.100983596570285,0.149424434409927,True,nn_cluster_grid_n5,NeutrophilerGranulozyt,0.15
76,0.12379636110496173,0.09135649613523855,0.13432571660378056,True,nn_dist_global,NeutrophilerGranulozyt,0.15
76,0.10167504561589613,0.058383043268334954,0.1157013093111261,True,nn_dist_grid_n1,NeutrophilerGranulozyt,0.15
76,0.12301622075091045,0.09083880429064273,0.13196913214753447,True,nn_dist_grid_n2,NeutrophilerGranulozyt,0.15
76,0.12383778118549604,0.09106482022244355,0.13195157671650531,True,nn_dist_grid_n3,NeutrophilerGranulozyt,0.15
76,0.12389485565398595,0.09130691870890051,0.1324841085549408,True,nn_dist_grid_n4,NeutrophilerGranulozyt,0.15
76,0.12381502771374553,0.09122752212278684,0.13228730397747768,True,nn_dist_grid_n5,NeutrophilerGranulozyt,0.15
76,0.1292363553669027,0.10107450953156061,0.155699207708209,True,iou_edgecrop_global,EosinophilerGranulozyt,0.15
76,0.10588629449512765,0.07429996512677883,0.13185613618296288,True,iou_edgecrop_grid_n1,EosinophilerGranulozyt,0.15
76,0.12529701471235444,0.10693962898395881,0.15610456824517654,True,iou_edgecrop_grid_n2,EosinophilerGranulozyt,0.15
76,0.12845604592438864,0.10652183266937088,0.1548428611725995,True,iou_edgecrop_grid_n3,EosinophilerGranulozyt,0.15
76,0.1335673755033524,0.10558631504780958,0.16140579719053494,True,iou_edgecrop_grid_n4,EosinophilerGranulozyt,0.15
76,0.11755412540494459,0.10098155113037777,0.1557976847525978,True,iou_edgecrop_grid_n5,EosinophilerGranulozyt,0.15
76,0.13275626586863254,0.11478254044522229,0.17387228784455422,True,iou_global,EosinophilerGranulozyt,0.15
76,0.12659092433886332,0.0950163256029195,0.1607039453786081,True,iou_grid_n1,EosinophilerGranulozyt,0.15
76,0.13689645938431383,0.1155992021048048,0.1693593588768194,True,iou_grid_n2,EosinophilerGranulozyt,0.15
76,0.1335891288890002,0.11505578155345919,0.16593654450635387,True,iou_grid_n3,EosinophilerGranulozyt,0.15
76,0.1330605753256766,0.11391095536338369,0.16347636042904456,True,iou_grid_n4,EosinophilerGranulozyt,0.15
76,0.13148279162749787,0.11579569413615064,0.16719418636378203,True,iou_grid_n5,EosinophilerGranulozyt,0.15
76,0.38933280653206026,0.26226009577163867,0.45085888338442315,False,nn_center_global,EosinophilerGranulozyt,0.15
76,0.3001797499636478,0.2073138758391606,0.34182542549306516,False,nn_center_grid_n1,EosinophilerGranulozyt,0.15
76,0.38969986906833154,0.2624886672041906,0.4516701330857824,False,nn_center_grid_n2,EosinophilerGranulozyt,0.15
76,0.38933280653206026,0.2622042267286172,0.45135232131339986,False,nn_center_grid_n3,EosinophilerGranulozyt,0.15
76,0.389728493656861,0.26226009577163856,0.4511021508374422,False,nn_center_grid_n4,EosinophilerGranulozyt,0.15
76,0.38936142292926346,0.26220422672861743,0.4510144168711756,False,nn_center_grid_n5,EosinophilerGranulozyt,0.15
76,0.43081166805650684,0.3130624544604801,0.48606921238198764,False,nn_cluster_global,EosinophilerGranulozyt,0.15
76,0.31248267776030225,0.23977800522913895,0.37558578821429145,False,nn_cluster_grid_n1,EosinophilerGranulozyt,0.15
76,0.4250415606909579,0.30566868403228087,0.4821160770862609,False,nn_cluster_grid_n2,EosinophilerGranulozyt,0.15
76,0.427804628429707,0.309407372648447,0.4840430495310444,False,nn_cluster_grid_n3,EosinophilerGranulozyt,0.15
76,0.4288290148800691,0.3108813876082994,0.4846173958560658,False,nn_cluster_grid_n4,EosinophilerGranulozyt,0.15
76,0.4293134821569944,0.31136995697351466,0.4852389470491909,False,nn_cluster_grid_n5,EosinophilerGranulozyt,0.15
76,0.40571205956423073,0.2802344878137948,0.4673844000545173,False,nn_dist_global,EosinophilerGranulozyt,0.15
76,0.3064950701693694,0.22671324193750444,0.36555773344837683,False,nn_dist_grid_n1,EosinophilerGranulozyt,0.15
76,0.4059243175529017,0.28058214314306684,0.4676258556093571,False,nn_dist_grid_n2,EosinophilerGranulozyt,0.15
76,0.4057684628048783,0.2805546222793187,0.4674950440027448,False,nn_dist_grid_n3,EosinophilerGranulozyt,0.15
76,0.4057308440563563,0.28045849506159226,0.4674270973804573,False,nn_dist_grid_n4,EosinophilerGranulozyt,0.15
76,0.4056126337596888,0.28031728667880773,0.46731644731084954,False,nn_dist_grid_n5,EosinophilerGranulozyt,0.15
76,-0.16829017273864938,-0.1898536396528999,-0.1503170806535093,True,iou_edgecrop_global,Makrophage,0.2
76,-0.32193246932523445,-0.3462544242150348,-0.30563266333126327,False,iou_edgecrop_grid_n1,Makrophage,0.2
76,-0.16856418137121448,-0.18994504375343524,-0.15040081641029618,True,iou_edgecrop_grid_n2,Makrophage,0.2
76,-0.1683519736163006,-0.18977187708233348,-0.150541888552147,True,iou_edgecrop_grid_n3,Makrophage,0.2
76,-0.16838151484108838,-0.18998714098067232,-0.15060284003678537,True,iou_edgecrop_grid_n4,Makrophage,0.2
76,-0.16847285105124538,-0.18989903339336192,-0.1504099225440368,True,iou_edgecrop_grid_n5,Makrophage,0.2
76,-0.05640525004202457,-0.08337442039032456,-0.04257388583753574,True,iou_global,Makrophage,0.2
76,-0.06620779182014619,-0.0969038944117776,-0.05445492618903497,True,iou_grid_n1,Makrophage,0.2
76,-0.06016982751751426,-0.08704366205727287,-0.04555571585948015,True,iou_grid_n2,Makrophage,0.2
76,-0.058994378885957266,-0.08678917951215337,-0.043723878348024936,True,iou_grid_n3,Makrophage,0.2
76,-0.058133218692654476,-0.08500185317094022,-0.042885578678707015,True,iou_grid_n4,Makrophage,0.2
76,-0.05751048073207987,-0.08512409184315844,-0.043484967375603034,True,iou_grid_n5,Makrophage,0.2
76,-0.1676410653710233,-0.1906105999402531,-0.1472814308534076,True,nn_center_global,Makrophage,0.2
76,-0.09887317147117802,-0.1278272909105092,-0.07718927461807965,True,nn_center_grid_n1,Makrophage,0.2
76,-0.17157669141306303,-0.19356481152807087,-0.15097226907217487,True,nn_center_grid_n2,Makrophage,0.2
76,-0.16990550446077465,-0.1924711873997917,-0.14904150882089606,True,nn_center_grid_n3,Makrophage,0.2
76,-0.16922202898129593,-0.1920014075755047,-0.14944269520258757,True,nn_center_grid_n4,Makrophage,0.2
76,-0.16868920750249256,-0.19142479712775118,-0.14807271970466163,True,nn_center_grid_n5,Makrophage,0.2
76,0.0007313433965289162,-0.02931462237269844,0.03210995623599677,True,nn_cluster_global,Makrophage,0.2
76,-0.05861503151422487,-0.09833026623947161,-0.03407653260286875,True,nn_cluster_grid_n1,Makrophage,0.2
76,0.010164834701057224,-0.019933188043189443,0.03996776523073853,True,nn_cluster_grid_n2,Makrophage,0.2
76,0.005575757214447363,-0.02504271788212986,0.036208746670145175,True,nn_cluster_grid_n3,Makrophage,0.2
76,0.003827572939165025,-0.026464840516394306,0.034762615100838445,True,nn_cluster_grid_n4,Makrophage,0.2
76,0.0029218057631749117,-0.02746019497149821,0.03401318881633886,True,nn_cluster_grid_n5,Makrophage,0.2
76,0.02173645285260084,-0.008833209034412648,0.052664539424502776,True,nn_dist_global,Makrophage,0.2
76,-0.06372774222813993,-0.10293196153708417,-0.04195044707952972,True,nn_dist_grid_n1,Makrophage,0.2
76,0.015722209222514105,-0.014983653747905112,0.04571612985011525,True,nn_dist_grid_n2,Makrophage,0.2
76,0.018528417211284953,-0.011986412756565312,0.049237421958644445,True,nn_dist_grid_n3,Makrophage,0.2
76,0.019706581694135084,-0.010629050329781564,0.05043566291735724,True,nn_dist_grid_n4,Makrophage,0.2
76,0.01997134837911896,-0.010198337320536544,0.05070421576002493,True,nn_dist_grid_n5,Makrophage,0.2
76,0.07236302177484877,0.057258645510993904,0.09509631295005283,True,iou_edgecrop_global,NeutrophilerGranulozyt,0.2
76,0.02246102417034257,0.012114355751047245,0.046605411904259486,True,iou_edgecrop_grid_n1,NeutrophilerGranulozyt,0.2
76,0.0705281813883607,0.05718656255367414,0.09558339838902707,True,iou_edgecrop_grid_n2,NeutrophilerGranulozyt,0.2
76,0.07281004374976896,0.05745625830588039,0.0952463842341944,True,iou_edgecrop_grid_n3,NeutrophilerGranulozyt,0.2
76,0.0715342419551801,0.05712922784246754,0.09532105516890921,True,iou_edgecrop_grid_n4,NeutrophilerGranulozyt,0.2
76,0.07072569841001952,0.058844146697289546,0.09538039482301608,True,iou_edgecrop_grid_n5,NeutrophilerGranulozyt,0.2
76,0.0628279732778938,0.04488314855336206,0.08822322281216544,True,iou_global,NeutrophilerGranulozyt,0.2
76,0.06068466174561582,0.048523981011657835,0.08292717263982419,True,iou_grid_n1,NeutrophilerGranulozyt,0.2
76,0.06373327494019093,0.04542311808370192,0.08884916814835717,True,iou_grid_n2,NeutrophilerGranulozyt,0.2
76,0.06191141511002951,0.04528646282126336,0.08885788427246966,True,iou_grid_n3,NeutrophilerGranulozyt,0.2
76,0.06269509331843776,0.04632258648310622,0.08789344500484753,True,iou_grid_n4,NeutrophilerGranulozyt,0.2
76,0.06407534639368556,0.0436790363435694,0.08876745905600913,True,iou_grid_n5,NeutrophilerGranulozyt,0.2
76,0.0889015393205248,0.058944275194113264,0.11883488313348467,True,nn_center_global,NeutrophilerGranulozyt,0.2
76,0.07823965648038378,0.05076665858546425,0.10000656732283679,True,nn_center_grid_n1,NeutrophilerGranulozyt,0.2
76,0.08456846265572227,0.0591441952287639,0.1171300635178878,True,nn_center_grid_n2,NeutrophilerGranulozyt,0.2
76,0.08919540653498204,0.05899424770927152,0.11666113033227266,True,nn_center_grid_n3,NeutrophilerGranulozyt,0.2
76,0.08909083387396266,0.05880595978723834,0.11906929476137496,True,nn_center_grid_n4,NeutrophilerGranulozyt,0.2
76,0.08913041275469236,0.05889430767296044,0.11930376135095999,True,nn_center_grid_n5,NeutrophilerGranulozyt,0.2
76,0.1246811632610847,0.06232901463831404,0.15734328458532532,True,nn_cluster_global,NeutrophilerGranulozyt,0.2
76,0.10439144603607975,0.05675254529078999,0.11859497696239307,True,nn_cluster_grid_n1,NeutrophilerGranulozyt,0.2
76,0.1253277139492398,0.06377477348726669,0.1534443059814219,True,nn_cluster_grid_n2,NeutrophilerGranulozyt,0.2
76,0.12436105147420506,0.062263816916761756,0.15573098648586803,True,nn_cluster_grid_n3,NeutrophilerGranulozyt,0.2
76,0.12485217600205789,0.0622914129142023,0.15596812618037803,True,nn_cluster_grid_n4,NeutrophilerGranulozyt,0.2
76,0.12504530111902767,0.06228352523469216,0.15629040291045015,True,nn_cluster_grid_n5,NeutrophilerGranulozyt,0.2
76,0.12015618035754372,0.06587206811148348,0.1362018497938563,True,nn_dist_global,NeutrophilerGranulozyt,0.2
76,0.0990435369464957,0.0543066566886466,0.10714340293924496,True,nn_dist_grid_n1,NeutrophilerGranulozyt,0.2
76,0.11777273630453755,0.06569466915127807,0.13635159365562743,True,nn_dist_grid_n2,NeutrophilerGranulozyt,0.2
76,0.11919494393371699,0.06561621931978433,0.13582714858031758,True,nn_dist_grid_n3,NeutrophilerGranulozyt,0.2
76,0.12011553575465495,0.06413692829991173,0.13617166426655597,True,nn_dist_grid_n4,NeutrophilerGranulozyt,0.2
76,0.1195118890525163,0.06479868336045641,0.13601866446743716,True,nn_dist_grid_n5,NeutrophilerGranulozyt,0.2
76,0.11686953282520518,0.07403958609410947,0.1483177866181007,True,iou_edgecrop_global,EosinophilerGranulozyt,0.2
76,0.07226820124792566,0.05234876081981277,0.10911766735149686,True,iou_edgecrop_grid_n1,EosinophilerGranulozyt,0.2
76,0.11554001187280916,0.07819379748230526,0.14785094956048916,True,iou_edgecrop_grid_n2,EosinophilerGranulozyt,0.2
76,0.11399957815043837,0.07887527300661427,0.1458879777906863,True,iou_edgecrop_grid_n3,EosinophilerGranulozyt,0.2
76,0.11322272065483086,0.07176383136706943,0.1474931677920921,True,iou_edgecrop_grid_n4,EosinophilerGranulozyt,0.2
76,0.11670705531287728,0.07672341328383459,0.148675057087035,True,iou_edgecrop_grid_n5,EosinophilerGranulozyt,0.2
76,0.13317281048973373,0.09196146673520156,0.16100804257642842,True,iou_global,EosinophilerGranulozyt,0.2
76,0.12706820374579264,0.0939050438552822,0.15923170713462564,True,iou_grid_n1,EosinophilerGranulozyt,0.2
76,0.13236973782787798,0.0985672837433933,0.16435502356955922,True,iou_grid_n2,EosinophilerGranulozyt,0.2
76,0.13200635822222473,0.09376018156117771,0.1623121464597288,True,iou_grid_n3,EosinophilerGranulozyt,0.2
76,0.13130801949842996,0.09591875439027131,0.16525230384842862,True,iou_grid_n4,EosinophilerGranulozyt,0.2
76,0.13764716788379405,0.09872642301344703,0.16598484589311635,True,iou_grid_n5,EosinophilerGranulozyt,0.2
76,0.4083611869613861,0.2736050834200492,0.45819756853842986,False,nn_center_global,EosinophilerGranulozyt,0.2
76,0.29085159718715436,0.20365340080826222,0.33724448580711575,False,nn_center_grid_n1,EosinophilerGranulozyt,0.2
76,0.40875747985154054,0.27411198081805965,0.45914738656139553,False,nn_center_grid_n2,EosinophilerGranulozyt,0.2
76,0.40856706608031756,0.27336296722205633,0.45889401353159887,False,nn_center_grid_n3,EosinophilerGranulozyt,0.2
76,0.40856706608031756,0.2734782854628983,0.4586407046834333,False,nn_center_grid_n4,EosinophilerGranulozyt,0.2
76,0.4084180374446764,0.27319149707296986,0.45857738749596155,False,nn_center_grid_n5,EosinophilerGranulozyt,0.2
76,0.440520281652508,0.3116635264767107,0.4954344602207863,False,nn_cluster_global,EosinophilerGranulozyt,0.2
76,0.3248445069205377,0.24065914851693737,0.3660604247129613,False,nn_cluster_grid_n1,EosinophilerGranulozyt,0.2
76,0.43265852713149555,0.3076674401379804,0.49352860868145143,False,nn_cluster_grid_n2,EosinophilerGranulozyt,0.2
76,0.43631336098086915,0.30979914369656014,0.49479877270335315,False,nn_cluster_grid_n3,EosinophilerGranulozyt,0.2
76,0.4379605652938183,0.3104381147881372,0.49441755406985255,False,nn_cluster_grid_n4,EosinophilerGranulozyt,0.2
76,0.43849681434066956,0.3107811995996743,0.49505299922054746,False,nn_cluster_grid_n5,EosinophilerGranulozyt,0.2
76,0.41529458199943714,0.2974088257649301,0.48281945590751274,False,nn_dist_global,EosinophilerGranulozyt,0.2
76,0.3171882489744211,0.22135673712344284,0.35487104686733534,False,nn_dist_grid_n1,EosinophilerGranulozyt,0.2
76,0.4155640510431611,0.2978360482754372,0.4833010934845534,False,nn_dist_grid_n2,EosinophilerGranulozyt,0.2
76,0.41532938374798944,0.29758700820005046,0.4830120831022522,False,nn_dist_grid_n3,EosinophilerGranulozyt,0.2
76,0.4154625927537061,0.29758700820005046,0.4829639228248399,False,nn_dist_grid_n4,EosinophilerGranulozyt,0.2
76,0.41548001036727644,0.2975298912732107,0.4827713049059623,False,nn_dist_grid_n5,EosinophilerGranulozyt,0.2
76,-0.16924814854327935,-0.19148991381154312,-0.14985110327838164,True,iou_edgecrop_global,Makrophage,0.25
76,-0.3250957918843793,-0.34994923589876253,-0.30802210383158224,False,iou_edgecrop_grid_n1,Makrophage,0.25
76,-0.16926537896068666,-0.19128453285733693,-0.15006427400669764,True,iou_edgecrop_grid_n2,Makrophage,0.25
76,-0.1693742784710694,-0.1909981036753512,-0.14986778834043252,True,iou_edgecrop_grid_n3,Makrophage,0.25
76,-0.16937154474869637,-0.1914355547071952,-0.14979856920885806,True,iou_edgecrop_grid_n4,Makrophage,0.25
76,-0.16938095370235,-0.19116626950840543,-0.14991887884855007,True,iou_edgecrop_grid_n5,Makrophage,0.25
76,-0.04656370493955894,-0.07387469004326813,-0.028381284934874983,True,iou_global,Makrophage,0.25
76,-0.06560704621420321,-0.096699252199762,-0.05513633520684229,True,iou_grid_n1,Makrophage,0.25
76,-0.050628009194639036,-0.08004070683801706,-0.031990390619638646,True,iou_grid_n2,Makrophage,0.25
76,-0.048811051911647516,-0.07746645652737044,-0.03153530337472166,True,iou_grid_n3,Makrophage,0.25
76,-0.04826787878727727,-0.07658842527911408,-0.03011219895135772,True,iou_grid_n4,Makrophage,0.25
76,-0.04810206746396849,-0.07535398200348392,-0.030779300596673356,True,iou_grid_n5,Makrophage,0.25
76,-0.1703029248960763,-0.19819619203088507,-0.14900699304752704,True,nn_center_global,Makrophage,0.25
76,-0.09618165537651957,-0.12497357459500086,-0.07739209769424085,True,nn_center_grid_n1,Makrophage,0.25
76,-0.17670430346472776,-0.20099489959253986,-0.153292819417011,False,nn_center_grid_n2,Makrophage,0.25
76,-0.17444646069099706,-0.19987831590312438,-0.15128129614041233,True,nn_center_grid_n3,Makrophage,0.25
76,-0.17323190197325694,-0.19930947238725172,-0.15062323232943736,True,nn_center_grid_n4,Makrophage,0.25
76,-0.17238140961681936,-0.19913341773137783,-0.1502694821289898,True,nn_center_grid_n5,Makrophage,0.25
76,0.018464952870301032,-0.021099319288789387,0.04087357535612268,True,nn_cluster_global,Makrophage,0.25
76,-0.05627955066454032,-0.09668238996574346,-0.032358949049870134,True,nn_cluster_grid_n1,Makrophage,0.25
76,0.02832979165807814,-0.01199519768536672,0.049489357112385224,True,nn_cluster_grid_n2,Makrophage,0.25
76,0.023306886101156943,-0.01607085153849719,0.045658947536874384,True,nn_cluster_grid_n3,Makrophage,0.25
76,0.0215416152293626,-0.017832661751227774,0.04336203109372061,True,nn_cluster_grid_n4,Makrophage,0.25
76,0.020847438444634214,-0.018545864326603656,0.04319388303595684,True,nn_cluster_grid_n5,Makrophage,0.25
76,0.038582525525568734,-0.0032136069027391967,0.06066390694772256,True,nn_dist_global,Makrophage,0.25
76,-0.05934085727485933,-0.09830521995335073,-0.041000343840749874,True,nn_dist_grid_n1,Makrophage,0.25
76,0.03282502444750546,-0.009485500186012241,0.05394935218215846,True,nn_dist_grid_n2,Makrophage,0.25
76,0.035471142471229844,-0.006308284473380943,0.05714676599801882,True,nn_dist_grid_n3,Makrophage,0.25
76,0.0366652516185304,-0.00566943239523704,0.05806219160235737,True,nn_dist_grid_n4,Makrophage,0.25
76,0.03724964205154002,-0.0046959363069417615,0.058733068094185936,True,nn_dist_grid_n5,Makrophage,0.25
76,0.08355528074475438,0.04878610876000621,0.09787421842109145,True,iou_edgecrop_global,NeutrophilerGranulozyt,0.25
76,0.025359694257448884,0.006023290113890578,0.05373654173992424,True,iou_edgecrop_grid_n1,NeutrophilerGranulozyt,0.25
76,0.08411826825867474,0.04876911897357883,0.09848654972923032,True,iou_edgecrop_grid_n2,NeutrophilerGranulozyt,0.25
76,0.08359554974167538,0.04886536798632207,0.09857276405826554,True,iou_edgecrop_grid_n3,NeutrophilerGranulozyt,0.25
76,0.08310584018242406,0.04875233206234092,0.10023825635883665,True,iou_edgecrop_grid_n4,NeutrophilerGranulozyt,0.25
76,0.08365967186767165,0.048744732263371025,0.09804545874043002,True,iou_edgecrop_grid_n5,NeutrophilerGranulozyt,0.25
76,0.07742854751095918,0.051707978529776655,0.08593546035347477,True,iou_global,NeutrophilerGranulozyt,0.25
76,0.06451468122944848,0.05069512752242211,0.09040288098013782,True,iou_grid_n1,NeutrophilerGranulozyt,0.25
76,0.07866876475050089,0.05240619138637144,0.08360879293316936,True,iou_grid_n2,NeutrophilerGranulozyt,0.25
76,0.07760550771919528,0.05185080423500687,0.0855143386309477,True,iou_grid_n3,NeutrophilerGranulozyt,0.25
76,0.07834791811560726,0.05144887767223788,0.08478777931166992,True,iou_grid_n4,NeutrophilerGranulozyt,0.25
76,0.07785032521272095,0.05121179109500749,0.08499859284033517,True,iou_grid_n5,NeutrophilerGranulozyt,0.25
76,0.09231083577408927,0.045792192191565904,0.11833742628960875,True,nn_center_global,NeutrophilerGranulozyt,0.25
76,0.07751825809508361,0.04970326538690717,0.10222284807283288,True,nn_center_grid_n1,NeutrophilerGranulozyt,0.25
76,0.09218541137198577,0.04792852336524911,0.1167586855885474,True,nn_center_grid_n2,NeutrophilerGranulozyt,0.25
76,0.0922920084968718,0.04649132087157071,0.11821098922780937,True,nn_center_grid_n3,NeutrophilerGranulozyt,0.25
76,0.09259321528895703,0.046119049747533225,0.1164820355179359,True,nn_center_grid_n4,NeutrophilerGranulozyt,0.25
76,0.09231462457436934,0.04775326984856232,0.11843359622731042,True,nn_center_grid_n5,NeutrophilerGranulozyt,0.25
76,0.13342235417225234,0.07441072570700202,0.156560077001208,True,nn_cluster_global,NeutrophilerGranulozyt,0.25
76,0.10398217995716608,0.058198365669682506,0.11995494000991247,True,nn_cluster_grid_n1,NeutrophilerGranulozyt,0.25
76,0.1327075692599834,0.07416715602319035,0.15152011077168936,True,nn_cluster_grid_n2,NeutrophilerGranulozyt,0.25
76,0.13494669768610512,0.07330950268953473,0.1543517405056436,True,nn_cluster_grid_n3,NeutrophilerGranulozyt,0.25
76,0.13367653482851094,0.07378715887233933,0.15540767021237922,True,nn_cluster_grid_n4,NeutrophilerGranulozyt,0.25
76,0.1321076166041284,0.07350558453063338,0.1551211094080921,True,nn_cluster_grid_n5,NeutrophilerGranulozyt,0.25
76,0.11645315294765768,0.0697849568783,0.13609196546715507,True,nn_dist_global,NeutrophilerGranulozyt,0.25
76,0.09635340007747983,0.055106250165038784,0.11285939976885584,True,nn_dist_grid_n1,NeutrophilerGranulozyt,0.25
76,0.11603968997613867,0.0700941508117201,0.1358798947178903,True,nn_dist_grid_n2,NeutrophilerGranulozyt,0.25
76,0.11632183450985822,0.06988810795597311,0.13645434687428837,True,nn_dist_grid_n3,NeutrophilerGranulozyt,0.25
76,0.11627938428272422,0.06926790179467557,0.13549880562541305,True,nn_dist_grid_n4,NeutrophilerGranulozyt,0.25
76,0.11626011380479662,0.06942550144801596,0.13625011980290536,True,nn_dist_grid_n5,NeutrophilerGranulozyt,0.25
76,0.11101682548881753,0.07244303700583599,0.14047253197206483,True,iou_edgecrop_global,EosinophilerGranulozyt,0.25
76,0.08250881736015048,0.04878104650307091,0.11455028243193888,True,iou_edgecrop_grid_n1,EosinophilerGranulozyt,0.25
76,0.1109130156680358,0.07240167652567209,0.14960439469801226,True,iou_edgecrop_grid_n2,EosinophilerGranulozyt,0.25
76,0.09833005309081067,0.07180499217353256,0.14036256974519107,True,iou_edgecrop_grid_n3,EosinophilerGranulozyt,0.25
76,0.0998452161532064,0.07736761154022194,0.14666553637722657,True,iou_edgecrop_grid_n4,EosinophilerGranulozyt,0.25
76,0.11101682548881753,0.07239285761450187,0.14444866671111314,True,iou_edgecrop_grid_n5,EosinophilerGranulozyt,0.25
76,0.12932380445032532,0.09404718747156249,0.16134678223478316,True,iou_global,EosinophilerGranulozyt,0.25
76,0.11693209861979992,0.07925554511061295,0.1557874169111333,True,iou_grid_n1,EosinophilerGranulozyt,0.25
76,0.1370306925558593,0.09127938684360948,0.16275188495685589,True,iou_grid_n2,EosinophilerGranulozyt,0.25
76,0.12674502522958742,0.09178298721119105,0.16268632683947937,True,iou_grid_n3,EosinophilerGranulozyt,0.25
76,0.13477240807386348,0.09285312899411013,0.1605000377468082,True,iou_grid_n4,EosinophilerGranulozyt,0.25
76,0.12861376996632545,0.09354207474976439,0.161202086953105,True,iou_grid_n5,EosinophilerGranulozyt,0.25
76,0.3737403462733977,0.26748650546678654,0.4322606983048951,False,nn_center_global,EosinophilerGranulozyt,0.25
76,0.28244719980669464,0.20652662352373663,0.3362095422068736,False,nn_center_grid_n1,EosinophilerGranulozyt,0.25
76,0.3749638393522372,0.27023375994192556,0.43280970736404,False,nn_center_grid_n2,EosinophilerGranulozyt,0.25
76,0.3742981256329072,0.26885918927875885,0.4323955365817027,False,nn_center_grid_n3,EosinophilerGranulozyt,0.25
76,0.3745270565798995,0.26931716959361074,0.43261333735182417,False,nn_center_grid_n4,EosinophilerGranulozyt,0.25
76,0.3741490085497916,0.26885918927875885,0.43253666611040265,False,nn_center_grid_n5,EosinophilerGranulozyt,0.25
76,0.41818553508317025,0.3035328295949151,0.5021084002599094,False,nn_cluster_global,EosinophilerGranulozyt,0.25
76,0.310785038943723,0.2447902477570818,0.36385057320296754,False,nn_cluster_grid_n1,EosinophilerGranulozyt,0.25
76,0.4124134671008488,0.30067720978608015,0.49374310489169626,False,nn_cluster_grid_n2,EosinophilerGranulozyt,0.25
76,0.4150802788868351,0.3012108032863037,0.4973329754518614,False,nn_cluster_grid_n3,EosinophilerGranulozyt,0.25
76,0.4164344360505363,0.3039147424963744,0.49863351561893965,False,nn_cluster_grid_n4,EosinophilerGranulozyt,0.25
76,0.4165650496945632,0.30239489662148156,0.49985515176217366,False,nn_cluster_grid_n5,EosinophilerGranulozyt,0.25
76,0.40069356353409225,0.2861269131303261,0.46515501833103,False,nn_dist_global,EosinophilerGranulozyt,0.25
76,0.3009478486330701,0.22923713321747874,0.3538491771816388,False,nn_dist_grid_n1,EosinophilerGranulozyt,0.25
76,0.39928154869122734,0.2838150087848701,0.4655441744594693,False,nn_dist_grid_n2,EosinophilerGranulozyt,0.25
76,0.40101465267947045,0.28359150001338373,0.46532767318099433,False,nn_dist_grid_n3,EosinophilerGranulozyt,0.25
76,0.4008219744497259,0.283582015951759,0.46510337608313956,False,nn_dist_grid_n4,EosinophilerGranulozyt,0.25
76,0.40075776486956816,0.28638637915995924,0.4652671185000439,False,nn_dist_grid_n5,EosinophilerGranulozyt,0.25
76,-0.17394525675115569,-0.19589954998736006,-0.15503995732885412,True,iou_edgecrop_global,Makrophage,0.5
76,-0.3275845751255649,-0.35222412907760314,-0.3072274357527488,False,iou_edgecrop_grid_n1,Makrophage,0.5
76,-0.17416763452884854,-0.19593166265541026,-0.15511298914075503,True,iou_edgecrop_grid_n2,Makrophage,0.5
76,-0.1741796204813128,-0.19570945526473676,-0.15502523023252077,True,iou_edgecrop_grid_n3,Makrophage,0.5
76,-0.1740314365470973,-0.1959537012612299,-0.1550646844784191,True,iou_edgecrop_grid_n4,Makrophage,0.5
76,-0.174038784143643,-0.19582139529980574,-0.15501020882883648,True,iou_edgecrop_grid_n5,Makrophage,0.5
76,-0.005570154993899228,-0.036271211282357746,0.010523930208840394,True,iou_global,Makrophage,0.5
76,-0.06519541225183434,-0.09576601624299329,-0.054905366532153305,True,iou_grid_n1,Makrophage,0.5
76,-0.010530437321187594,-0.04562762633030047,0.0037090539899199415,True,iou_grid_n2,Makrophage,0.5
76,-0.00800265122649716,-0.04142476482631626,0.006302572901629833,True,iou_grid_n3,Makrophage,0.5
76,-0.007125304772349246,-0.039761956685007455,0.0074176210639280175,True,iou_grid_n4,Makrophage,0.5
76,-0.007064983436792363,-0.03898720955264338,0.007824988746613026,True,iou_grid_n5,Makrophage,0.5
76,-0.1303553701417743,-0.1755919360915147,-0.10474698044701712,True,nn_center_global,Makrophage,0.5
76,-0.09657161017831484,-0.12308451207699869,-0.07663883862383886,True,nn_center_grid_n1,Makrophage,0.5
76,-0.14521889813312083,-0.1830447923346086,-0.12591121072961464,True,nn_center_grid_n2,Makrophage,0.5
76,-0.1374521492070399,-0.18038369613216326,-0.11466693148767554,True,nn_center_grid_n3,Makrophage,0.5
76,-0.1337164138249548,-0.17941440942312192,-0.11205193958941306,True,nn_center_grid_n4,Makrophage,0.5
76,-0.13336184997081474,-0.17863679545018346,-0.11055550284509036,True,nn_center_grid_n5,Makrophage,0.5
76,0.07033861722956797,0.03191013560390832,0.10350130431823987,True,nn_cluster_global,Makrophage,0.5
76,-0.05674204827114615,-0.08910101446283133,-0.033058760174343504,True,nn_cluster_grid_n1,Makrophage,0.5
76,0.08152532235748722,0.04624926143737551,0.11914026601973882,True,nn_cluster_grid_n2,Makrophage,0.5
76,0.07554377678644042,0.038956485884946934,0.11109970785843293,True,nn_cluster_grid_n3,Makrophage,0.5
76,0.07485338774619987,0.03658984662470244,0.10892638937949994,True,nn_cluster_grid_n4,Makrophage,0.5
76,0.07383290504593432,0.03560988258762088,0.10777356645121594,True,nn_cluster_grid_n5,Makrophage,0.5
76,0.10304531814248519,0.0689213194022199,0.13168519430417458,True,nn_dist_global,Makrophage,0.5
76,-0.06028476390374826,-0.09121023678044993,-0.04161536872796423,True,nn_dist_grid_n1,Makrophage,0.5
76,0.09164259251315476,0.05599790420365838,0.12358316354841403,True,nn_dist_grid_n2,Makrophage,0.5
76,0.09718038504330351,0.061900566626274675,0.1276226526028279,True,nn_dist_grid_n3,Makrophage,0.5
76,0.09926639354800115,0.06482610450286368,0.1298052866652717,True,nn_dist_grid_n4,Makrophage,0.5
76,0.1002965027222914,0.06532566578715927,0.13048440011473894,True,nn_dist_grid_n5,Makrophage,0.5
76,0.08049166158024423,0.05712915449824463,0.09915487759006503,True,iou_edgecrop_global,NeutrophilerGranulozyt,0.5
76,0.027529763416126896,0.014172477292631047,0.044934792008080704,True,iou_edgecrop_grid_n1,NeutrophilerGranulozyt,0.5
76,0.08054042066166178,0.05881442748915422,0.09722438252404775,True,iou_edgecrop_grid_n2,NeutrophilerGranulozyt,0.5
76,0.08040519415644254,0.05753264488297827,0.09907165640476867,True,iou_edgecrop_grid_n3,NeutrophilerGranulozyt,0.5
76,0.08230227845544857,0.05807888877423206,0.10049175343752681,True,iou_edgecrop_grid_n4,NeutrophilerGranulozyt,0.5
76,0.08230227845544857,0.05779913389661506,0.09864515028313203,True,iou_edgecrop_grid_n5,NeutrophilerGranulozyt,0.5
76,0.06780106925925783,0.03286885557126995,0.09659253535767309,True,iou_global,NeutrophilerGranulozyt,0.5
76,0.06470856594934815,0.05198333850160961,0.08525206786664574,True,iou_grid_n1,NeutrophilerGranulozyt,0.5
76,0.065949271110459,0.03034287472897712,0.09671254147704422,True,iou_grid_n2,NeutrophilerGranulozyt,0.5
76,0.06849502236089589,0.03094046583647203,0.09819421734808431,True,iou_grid_n3,NeutrophilerGranulozyt,0.5
76,0.06772774982226432,0.03361474616277116,0.0979455046912665,True,iou_grid_n4,NeutrophilerGranulozyt,0.5
76,0.06817248230741219,0.03280451073739643,0.0967908150278376,True,iou_grid_n5,NeutrophilerGranulozyt,0.5
76,0.09697097942744948,0.05925886440390882,0.1345812713797252,True,nn_center_global,NeutrophilerGranulozyt,0.5
76,0.07901913385452575,0.05505617935949571,0.10261457442125943,True,nn_center_grid_n1,NeutrophilerGranulozyt,0.5
76,0.09605550100280913,0.0555006405722096,0.13372449348842072,True,nn_center_grid_n2,NeutrophilerGranulozyt,0.5
76,0.09649714584704083,0.0556173876816769,0.1352631521625477,True,nn_center_grid_n3,NeutrophilerGranulozyt,0.5
76,0.0961132775643333,0.0582285741331251,0.13435344770237292,True,nn_center_grid_n4,NeutrophilerGranulozyt,0.5
76,0.09619158121415372,0.05701231729310807,0.1352563900277065,True,nn_center_grid_n5,NeutrophilerGranulozyt,0.5
76,0.14311090855798458,0.07350501026077486,0.17852842073610775,True,nn_cluster_global,NeutrophilerGranulozyt,0.5
76,0.10035840288800368,0.060344661016408785,0.1181915638426605,True,nn_cluster_grid_n1,NeutrophilerGranulozyt,0.5
76,0.13435717151776905,0.07046619851554548,0.16554008523324873,True,nn_cluster_grid_n2,NeutrophilerGranulozyt,0.5
76,0.13559884839240322,0.06925510683367087,0.1670362967328768,True,nn_cluster_grid_n3,NeutrophilerGranulozyt,0.5
76,0.1394027696060154,0.06804511833931759,0.17089083311167497,True,nn_cluster_grid_n4,NeutrophilerGranulozyt,0.5
76,0.1388721892070749,0.0709147753626702,0.17142906280160308,True,nn_cluster_grid_n5,NeutrophilerGranulozyt,0.5
76,0.12669284488780963,0.06731843872384202,0.1514731418337636,True,nn_dist_global,NeutrophilerGranulozyt,0.5
76,0.09811172862446671,0.05768370455656746,0.10797925834356237,True,nn_dist_grid_n1,NeutrophilerGranulozyt,0.5
76,0.12382080454766153,0.06638280078013893,0.14839239654962233,True,nn_dist_grid_n2,NeutrophilerGranulozyt,0.5
76,0.126344533149929,0.06684425577878263,0.15011674962851895,True,nn_dist_grid_n3,NeutrophilerGranulozyt,0.5
76,0.12490742757374673,0.06734490651723489,0.1492968624111679,True,nn_dist_grid_n4,NeutrophilerGranulozyt,0.5
76,0.12678603477052586,0.06716904033254398,0.15056867597221757,True,nn_dist_grid_n5,NeutrophilerGranulozyt,0.5
76,0.1228425542492324,0.08840092853147241,0.15705106775154576,True,iou_edgecrop_global,EosinophilerGranulozyt,0.5
76,0.08398315605088813,0.05558781884579367,0.1133649165095334,True,iou_edgecrop_grid_n1,EosinophilerGranulozyt,0.5
76,0.12160375238729593,0.08827829948391241,0.15853323233504102,True,iou_edgecrop_grid_n2,EosinophilerGranulozyt,0.5
76,0.12159479692922948,0.08819636324712987,0.1606947759941082,True,iou_edgecrop_grid_n3,EosinophilerGranulozyt,0.5
76,0.122031806456256,0.08801297795257468,0.15888306888198922,True,iou_edgecrop_grid_n4,EosinophilerGranulozyt,0.5
76,0.12345254947232198,0.08827829948391241,0.1598962734907774,True,iou_edgecrop_grid_n5,EosinophilerGranulozyt,0.5
76,0.1256392855194215,0.09921620011440391,0.16883007803639583,True,iou_global,EosinophilerGranulozyt,0.5
76,0.11623791556463625,0.09609552741765492,0.157273798270408,True,iou_grid_n1,EosinophilerGranulozyt,0.5
76,0.12726330448023426,0.10288186479443295,0.1725564525588288,True,iou_grid_n2,EosinophilerGranulozyt,0.5
76,0.12262047225018868,0.10646739290709117,0.17490557470824264,True,iou_grid_n3,EosinophilerGranulozyt,0.5
76,0.12375484863397701,0.10504741331819678,0.16966244396363672,True,iou_grid_n4,EosinophilerGranulozyt,0.5
76,0.12463757264676967,0.1009010590328483,0.16922164495441283,True,iou_grid_n5,EosinophilerGranulozyt,0.5
76,0.42447052218261083,0.3158333708582399,0.49107951695996466,False,nn_center_global,EosinophilerGranulozyt,0.5
76,0.3043257681981406,0.21143935628502153,0.3373754281472192,False,nn_center_grid_n1,EosinophilerGranulozyt,0.5
76,0.4259028364490858,0.3149197546147644,0.4942401441178408,False,nn_center_grid_n2,EosinophilerGranulozyt,0.5
76,0.4248442615622585,0.31369604245836435,0.49330043639543675,False,nn_center_grid_n3,EosinophilerGranulozyt,0.5
76,0.4257154503327538,0.3123735206766116,0.4919514348614502,False,nn_center_grid_n4,EosinophilerGranulozyt,0.5
76,0.42453326545625103,0.3153544009199085,0.49189308809445853,False,nn_center_grid_n5,EosinophilerGranulozyt,0.5
76,0.49127556725218224,0.38369246542633584,0.5675976275312613,False,nn_cluster_global,EosinophilerGranulozyt,0.5
76,0.31752307809098457,0.24376774956018177,0.3667882642766451,False,nn_cluster_grid_n1,EosinophilerGranulozyt,0.5
76,0.471898732408329,0.36261405317950945,0.5495600916157088,False,nn_cluster_grid_n2,EosinophilerGranulozyt,0.5
76,0.48327163007374696,0.37081554453665166,0.5618601230195659,False,nn_cluster_grid_n3,EosinophilerGranulozyt,0.5
76,0.486756142631835,0.3758136404963457,0.5646882994730289,False,nn_cluster_grid_n4,EosinophilerGranulozyt,0.5
76,0.4876252867512805,0.3777263447789452,0.565495597490556,False,nn_cluster_grid_n5,EosinophilerGranulozyt,0.5
76,0.446832353480215,0.34534982187102203,0.527697326729502,False,nn_dist_global,EosinophilerGranulozyt,0.5
76,0.31457296036041726,0.22907085568444482,0.3554594471342538,False,nn_dist_grid_n1,EosinophilerGranulozyt,0.5
76,0.4456841111637464,0.3415565427608669,0.5274169222109459,False,nn_dist_grid_n2,EosinophilerGranulozyt,0.5
76,0.44738463199963063,0.34186265663347837,0.5278364732974445,False,nn_dist_grid_n3,EosinophilerGranulozyt,0.5
76,0.44682525487795766,0.3428346876406243,0.5279040877292629,False,nn_dist_grid_n4,EosinophilerGranulozyt,0.5
76,0.44754571640713436,0.34494724605146,0.5279756392298487,False,nn_dist_grid_n5,EosinophilerGranulozyt,0.5
