nms_method,n_settings_flagged,n_settings_total,frac_settings_flagged,mean_frac_upper_tail
none,54,54,1.0,0.9178384791092207
iou_grid_n1,43,54,0.7962962962962963,0.22377475924109402
nn_center_grid_n1,39,54,0.7222222222222222,0.14609095873274655
nn_cluster_grid_n1,19,54,0.35185185185185186,0.06828807110405716
nn_center_grid_n2,17,54,0.3148148148148148,0.08805302472770196
nn_center_grid_n3,5,54,0.09259259259259259,0.034827172781038425
iou_global,4,54,0.07407407407407407,0.033535427946750095
nn_center_grid_n4,3,54,0.05555555555555555,0.0332960369494529
nn_center_grid_n5,3,54,0.05555555555555555,0.03133967246019059
iou_grid_n5,2,54,0.037037037037037035,0.02972703528134629
iou_grid_n4,1,54,0.018518518518518517,0.030820690496771167
iou_grid_n3,1,54,0.018518518518518517,0.029125828575004585
iou_grid_n2,1,54,0.018518518518518517,0.03562323760096393
nn_center_global,0,54,0.0,0.03172305760166356
nn_dist_grid_n1,0,54,0.0,0.015565876618976435
nn_dist_grid_n5,0,54,0.0,0.00805933284879836
nn_dist_grid_n4,0,54,0.0,0.008267218266001667
nn_dist_grid_n3,0,54,0.0,0.007985391921930115
nn_dist_grid_n2,0,54,0.0,0.00858935100343168
nn_cluster_grid_n4,0,54,0.0,0.0006628995355983465
nn_dist_global,0,54,0.0,0.007210459263087803
nn_cluster_grid_n5,0,54,0.0,0.0005304480857375011
nn_cluster_grid_n3,0,54,0.0,0.00020885049741223912
nn_cluster_grid_n2,0,54,0.0,0.0007769990188878443
nn_cluster_global,0,54,0.0,0.005098375090693038
