alpha,lo95,hi95,n_blocks_used,n_blocks_filtered,block_size,overlap_pct
0.9793901945197934,0.9713090825798685,0.9847186441140581,22095,52485,1,0.0
0.976443782810908,0.9673901016257943,0.9826798035892724,23298,55141,1,0.025
0.9728525697659476,0.9618672651042102,0.9797441594100493,24520,58103,1,0.05
0.9689178457258576,0.9570380562011062,0.9761525470196459,25901,61346,1,0.075
0.9650624789507355,0.9519777421033534,0.9733507734677674,27338,64776,1,0.1
0.9562322716169258,0.9401108086532579,0.9670610791145112,30595,72718,1,0.15
0.9450997939171456,0.9247238495276858,0.9582476168960639,34606,81957,1,0.2
0.9325891806101276,0.9059518439999532,0.9488064706380761,39308,93327,1,0.25
0.8218904241040759,0.753362902201167,0.8652863677092061,88352,209995,1,0.5
0.9836080863889689,0.9792335730820594,0.9871590071483575,14887,5486,2,0.0
0.982074931780716,0.977235491974449,0.985872046483933,15638,5776,2,0.025
0.9785424305027095,0.9729777365266371,0.9829096985431048,16505,6033,2,0.05
0.9761768188527135,0.969977204320681,0.9809804218181429,17382,6311,2,0.075
0.9739452925282035,0.967395236204659,0.9787294436504764,18295,6727,2,0.1
0.9677478213262425,0.9597779354083568,0.9739789266984538,20530,7358,2,0.15
0.9618752883034941,0.9522148485084138,0.9694541809841313,23137,8258,2,0.2
0.9538419386395762,0.9424413184310796,0.9625509865353238,26287,9340,2,0.25
0.8885881900888455,0.8625425781129812,0.9088883171242319,58736,19808,2,0.5
0.9870791489959904,0.9831828408285894,0.9898946361107884,7730,1974,3,0.0
0.9858167394009715,0.9817246887426714,0.9890105269287082,8095,2084,3,0.025
0.9829189455948388,0.9779644697396764,0.9866937178154821,8497,2191,3,0.05
0.9813683767674805,0.9760774347222543,0.9853342856475905,8978,2238,3,0.075
0.9801862734404383,0.9748468727821477,0.9844346462593205,9437,2388,3,0.1
0.9758747916529678,0.969541255606448,0.9808180051182441,10543,2633,3,0.15
0.9713329069977149,0.9636742092546068,0.9772283302991713,11848,2943,3,0.2
0.9662908812492246,0.9575359126806069,0.972836803692515,13405,3309,3,0.25
0.9211775512892766,0.9026717412548203,0.9355614721516359,29624,6681,3,0.5
0.9889196893340381,0.985381895656156,0.9915427377902822,4768,996,4,0.0
0.9881822941020862,0.9843631327710584,0.9909942329719819,4972,1109,4,0.025
0.9851664533783657,0.9805700639803709,0.988673179523002,5234,1180,4,0.05
0.9842907875391497,0.9794427358769134,0.9877700433119395,5518,1201,4,0.075
0.9826610545439798,0.9776003653351077,0.9864883137339011,5790,1237,4,0.1
0.9797590992619619,0.9740260291386451,0.983979121935327,6422,1392,4,0.15
0.9759977302598957,0.968887111988272,0.9812654656277512,7201,1534,4,0.2
0.9721071171898897,0.9646944698081986,0.9777813927049359,8176,1679,4,0.25
0.9370434467086893,0.9220191463336838,0.9489733867938842,17666,3477,4,0.5
0.9898813358018561,0.9864020439832313,0.9924638491328305,3263,704,5,0.0
0.9891737110073597,0.9855705692945772,0.9919249125509136,3440,714,5,0.025
0.9872627688741983,0.9831237099572459,0.9903802703717649,3637,650,5,0.05
0.9857937824154138,0.9815204333457184,0.9890299621187626,3810,685,5,0.075
0.9840481274569544,0.9790492086358291,0.9878995796764826,3959,756,5,0.1
0.9815894247801285,0.9758342642178033,0.9857329330882423,4397,870,5,0.15
0.9792241231317058,0.9730439348214586,0.9838042989823378,4928,906,5,0.2
0.9752422455508499,0.9681154142940148,0.9806483858141418,5542,1059,5,0.25
0.9469479592524089,0.9336034417117081,0.9571345990855405,11800,2156,5,0.5
0.9971646608273619,0.9959909481917704,0.9979491483600494,76,0,0,0.0
0.9966401728308015,0.9953498968491905,0.9975732107044122,76,0,0,0.025
0.9955858746539151,0.9938700033615673,0.9968014383035909,76,0,0,0.05
0.9954502403799729,0.9937112419188172,0.9966704620689723,76,0,0,0.075
0.9952167653112497,0.9934428676370909,0.996487753051982,76,0,0,0.1
0.9946634086351157,0.9926316982740029,0.9961034805574316,76,0,0,0.15
0.99437669344426,0.9922551465246057,0.9958567829532102,76,0,0,0.2
0.9940640589084397,0.9919856401681326,0.9955223616239764,76,0,0,0.25
0.9910193077659334,0.987665423453731,0.9933593384494515,76,0,0,0.5
