nms_method,n_slides,ilr_1,ilr_2,ilr_3,alr_Mac,alr_Neu,alr_Eos
iou_edgecrop_global,76,0.19793711339914172,2.1225004794251867,2.4985328665502555,0.27992535026604776,-2.4595589015691623,-3.611601763264873
iou_edgecrop_grid_n1,76,0.19801648831345467,2.122637015703719,2.4976152269902947,0.2800376033463811,-2.459669997135887,-3.6105417785330784
iou_edgecrop_grid_n2,76,0.1979961177024079,2.122667985674236,2.4971739452203736,0.28000879495196496,-2.459722331645653,-3.610059277870501
iou_edgecrop_grid_n3,76,0.19795711673309635,2.122860546727842,2.4969656290106585,0.2799536392522188,-2.4599857476583598,-3.609924925601807
iou_edgecrop_grid_n4,76,0.19799847768138923,2.122442825706791,2.497472682476381,0.2800121324662473,-2.459444899373141,-3.6103106400119147
iou_edgecrop_grid_n5,76,0.198040929300556,2.1225059469676983,2.497429484954597,0.28007216812181757,-2.459492188985928,-3.610256511129326
iou_global,76,0.44199336981709847,2.2021682963846425,2.5933664119271733,0.6250730180743277,-2.38455781790108,-3.581056525342559
iou_grid_n1,76,0.44201862094756583,2.2021298103717464,2.5936677454775503,0.6251087285654998,-2.384492827108579,-3.581370908260853
iou_grid_n2,76,0.44196384593230137,2.20218284789856,2.593112924176027,0.6250312649960336,-2.384596516332268,-3.5807906400696647
iou_grid_n3,76,0.4420258519430503,2.20213060984568,2.593227443100863,0.6251189547373834,-2.3844886931742373,-3.580857704167367
iou_grid_n4,76,0.4419808585849654,2.2021175844501863,2.59306900491909,0.6250553245201631,-2.3845045554965187,-3.5807012530267412
iou_grid_n5,76,0.4420126738157145,2.202124495654105,2.5939175346774723,0.6251003180509784,-2.3844905231926656,-3.5816613755173536
nn_center_global,76,0.40580751943727716,2.1670733518486203,2.459552460706542,0.5738984977011811,-2.3671627247553877,-3.437801292901259
nn_center_grid_n1,76,0.4178809385613597,2.176266966537788,2.46704854009132,0.5909728907706727,-2.3698853606607506,-3.441673100747886
nn_center_grid_n2,76,0.405038742564135,2.166549615587076,2.45913475082911,0.5728112830207444,-2.367064888795318,-3.437648755987691
nn_center_grid_n3,76,0.4054321750551522,2.1668292462017655,2.4593209317052014,0.5733676805854192,-2.3671291661742058,-3.4376996990836206
nn_center_grid_n4,76,0.4055615192946465,2.1668767786785748,2.4594543036695127,0.5735506009631266,-2.3670959211425484,-3.4377816486261605
nn_center_grid_n5,76,0.4056523494796027,2.1670288386236125,2.459447188525661,0.5736790542425644,-2.3672179291406588,-3.437771284338615
nn_cluster_global,76,0.5884451907910322,2.133181805277754,2.448103472739648,0.8321871695299013,-2.1965098909948297,-3.281600638468896
nn_cluster_grid_n1,76,0.5637286142970764,2.142521316330535,2.455046888770613,0.797232651836717,-2.225425668104621,-3.310908302965701
nn_cluster_grid_n2,76,0.5808811557339234,2.1356758271499414,2.44958358487185,0.8214900085658725,-2.2049130119739444,-3.2896764853925258
nn_cluster_grid_n3,76,0.5846319586829206,2.134481943761812,2.448837005380412,0.8267944449661332,-2.2007985912171626,-3.285674790599472
nn_cluster_grid_n4,76,0.5857625856110349,2.134113971571944,2.44861211924854,0.8283933929018571,-2.1995484451969456,-3.284465416476612
nn_cluster_grid_n5,76,0.5865903750567442,2.133808948701143,2.448461785719119,0.8295640639627683,-2.198589534469819,-3.283581965673241
nn_dist_global,76,0.5194240063935911,2.1584792389194267,2.4600243484970887,0.7345764744639859,-2.2762981406397955,-3.354498661694259
nn_dist_grid_n1,76,0.5060129452469938,2.1640936359302354,2.464383462897795,0.715610369904653,-2.2926573968644064,-3.371307253700926
nn_dist_grid_n2,76,0.5199621093327211,2.1582843505748692,2.459836682953798,0.7353374669384565,-2.2756789559020696,-3.353821905119654
nn_dist_grid_n3,76,0.5196394015478623,2.158396244533005,2.4599393355613945,0.7348810892124253,-2.2760441863164513,-3.354214307521049
nn_dist_grid_n4,76,0.5196102834310949,2.1584047766850722,2.459965533583467,0.7348399099767828,-2.276075225643759,-3.3542686312455574
nn_dist_grid_n5,76,0.5195810547663674,2.1584134052675252,2.45999014301409,0.7347985744027147,-2.2761064612429,-3.3543212381594163
none,76,0.5043081634545235,2.3271778455297247,2.6888664725881024,0.7131994443728549,-2.493599408942231,-3.6983022183838594
