nms_method,label_en,equiv_0.10,equiv_0.15,equiv_0.20
iou_global,Eos,0,2,9
iou_global,Mac,9,9,9
iou_global,Neu,8,9,9
iou_grid_n1,Eos,0,5,9
iou_grid_n1,Mac,9,9,9
iou_grid_n1,Neu,9,9,9
iou_grid_n2,Eos,0,2,9
iou_grid_n2,Mac,9,9,9
iou_grid_n2,Neu,8,9,9
iou_grid_n3,Eos,0,2,9
iou_grid_n3,Mac,9,9,9
iou_grid_n3,Neu,8,9,9
iou_grid_n4,Eos,0,2,9
iou_grid_n4,Mac,9,9,9
iou_grid_n4,Neu,8,9,9
iou_grid_n5,Eos,0,2,9
iou_grid_n5,Mac,9,9,9
iou_grid_n5,Neu,8,9,9
nn_center_global,Eos,0,0,0
nn_center_global,Mac,0,2,9
nn_center_global,Neu,1,9,9
nn_center_grid_n1,Eos,0,0,0
nn_center_grid_n1,Mac,0,9,9
nn_center_grid_n1,Neu,2,9,9
nn_center_grid_n2,Eos,0,0,0
nn_center_grid_n2,Mac,0,2,8
nn_center_grid_n2,Neu,1,9,9
nn_center_grid_n3,Eos,0,0,0
nn_center_grid_n3,Mac,0,2,9
nn_center_grid_n3,Neu,1,9,9
nn_center_grid_n4,Eos,0,0,0
nn_center_grid_n4,Mac,0,2,9
nn_center_grid_n4,Neu,1,9,9
nn_center_grid_n5,Eos,0,0,0
nn_center_grid_n5,Mac,0,2,9
nn_center_grid_n5,Neu,1,9,9
nn_cluster_global,Eos,0,0,0
nn_cluster_global,Mac,8,9,9
nn_cluster_global,Neu,0,4,9
nn_cluster_grid_n1,Eos,0,0,0
nn_cluster_grid_n1,Mac,9,9,9
nn_cluster_grid_n1,Neu,0,9,9
nn_cluster_grid_n2,Eos,0,0,0
nn_cluster_grid_n2,Mac,8,9,9
nn_cluster_grid_n2,Neu,0,4,9
nn_cluster_grid_n3,Eos,0,0,0
nn_cluster_grid_n3,Mac,8,9,9
nn_cluster_grid_n3,Neu,0,4,9
nn_cluster_grid_n4,Eos,0,0,0
nn_cluster_grid_n4,Mac,8,9,9
nn_cluster_grid_n4,Neu,0,4,9
nn_cluster_grid_n5,Eos,0,0,0
nn_cluster_grid_n5,Mac,8,9,9
nn_cluster_grid_n5,Neu,0,5,9
nn_dist_global,Eos,0,0,0
nn_dist_global,Mac,8,9,9
nn_dist_global,Neu,0,8,9
nn_dist_grid_n1,Eos,0,0,0
nn_dist_grid_n1,Mac,7,9,9
nn_dist_grid_n1,Neu,0,9,9
nn_dist_grid_n2,Eos,0,0,0
nn_dist_grid_n2,Mac,8,9,9
nn_dist_grid_n2,Neu,0,9,9
nn_dist_grid_n3,Eos,0,0,0
nn_dist_grid_n3,Mac,8,9,9
nn_dist_grid_n3,Neu,0,8,9
nn_dist_grid_n4,Eos,0,0,0
nn_dist_grid_n4,Mac,8,9,9
nn_dist_grid_n4,Neu,0,9,9
nn_dist_grid_n5,Eos,0,0,0
nn_dist_grid_n5,Mac,8,9,9
nn_dist_grid_n5,Neu,0,8,9
