block_size,overlap_pct,nms_method,n_blocks,median_cells,q05_cells,min_cells
0,0.0,iou_edgecrop_global,76,33666.5,6361.75,1110
0,0.0,iou_edgecrop_grid_n1,76,33666.5,6361.75,1110
0,0.0,iou_edgecrop_grid_n2,76,33666.5,6361.75,1110
0,0.0,iou_edgecrop_grid_n3,76,33667.0,6361.75,1110
0,0.0,iou_edgecrop_grid_n4,76,33666.0,6361.75,1110
0,0.0,iou_edgecrop_grid_n5,76,33666.5,6361.75,1110
0,0.0,iou_global,76,47798.0,10438.25,1607
0,0.0,iou_grid_n1,76,47798.5,10439.0,1607
0,0.0,iou_grid_n2,76,47798.5,10438.25,1607
0,0.0,iou_grid_n3,76,47798.0,10438.25,1607
0,0.0,iou_grid_n4,76,47798.0,10439.0,1607
0,0.0,iou_grid_n5,76,47798.5,10439.0,1607
0,0.0,nn_center_global,76,47199.5,10392.5,1617
0,0.0,nn_center_grid_n1,76,47657.0,10426.5,1618
0,0.0,nn_center_grid_n2,76,47160.5,10389.0,1617
0,0.0,nn_center_grid_n3,76,47178.5,10391.5,1617
0,0.0,nn_center_grid_n4,76,47186.0,10390.25,1617
0,0.0,nn_center_grid_n5,76,47191.5,10393.25,1617
0,0.0,nn_cluster_global,76,47769.0,10506.25,1616
0,0.0,nn_cluster_grid_n1,76,47958.0,10506.25,1617
0,0.0,nn_cluster_grid_n2,76,47786.0,10506.25,1616
0,0.0,nn_cluster_grid_n3,76,47779.5,10506.25,1616
0,0.0,nn_cluster_grid_n4,76,47774.0,10506.25,1616
0,0.0,nn_cluster_grid_n5,76,47774.0,10506.25,1616
0,0.0,nn_dist_global,76,47894.5,10516.5,1617
0,0.0,nn_dist_grid_n1,76,48047.0,10516.5,1618
0,0.0,nn_dist_grid_n2,76,47890.0,10516.5,1617
0,0.0,nn_dist_grid_n3,76,47894.5,10516.5,1617
0,0.0,nn_dist_grid_n4,76,47891.0,10516.5,1617
0,0.0,nn_dist_grid_n5,76,47893.0,10516.5,1617
0,0.0,none,76,353870.0,74791.75,7497
0,0.025,iou_edgecrop_global,76,35240.5,6788.5,1182
0,0.025,iou_edgecrop_grid_n1,76,35240.5,6788.5,1182
0,0.025,iou_edgecrop_grid_n2,76,35240.5,6788.5,1182
0,0.025,iou_edgecrop_grid_n3,76,35240.5,6788.5,1182
0,0.025,iou_edgecrop_grid_n4,76,35240.5,6788.5,1182
0,0.025,iou_edgecrop_grid_n5,76,35240.5,6788.5,1182
0,0.025,iou_global,76,50198.0,11032.5,1660
0,0.025,iou_grid_n1,76,50331.5,11033.25,1660
0,0.025,iou_grid_n2,76,50177.0,11032.5,1660
0,0.025,iou_grid_n3,76,50189.0,11032.5,1660
0,0.025,iou_grid_n4,76,50190.5,11032.5,1660
0,0.025,iou_grid_n5,76,50197.5,11032.5,1660
0,0.025,nn_center_global,76,46734.0,10765.0,1668
0,0.025,nn_center_grid_n1,76,50179.0,11023.25,1674
0,0.025,nn_center_grid_n2,76,46603.0,10749.5,1668
0,0.025,nn_center_grid_n3,76,46667.0,10756.75,1668
0,0.025,nn_center_grid_n4,76,46676.0,10758.5,1668
0,0.025,nn_center_grid_n5,76,46698.5,10760.75,1668
0,0.025,nn_cluster_global,76,49378.5,10931.75,1668
0,0.025,nn_cluster_grid_n1,76,50499.5,11107.0,1673
0,0.025,nn_cluster_grid_n2,76,49437.5,10949.0,1668
0,0.025,nn_cluster_grid_n3,76,49409.5,10943.5,1668
0,0.025,nn_cluster_grid_n4,76,49398.0,10939.25,1668
0,0.025,nn_cluster_grid_n5,76,49394.0,10935.75,1668
0,0.025,nn_dist_global,76,49617.0,11011.25,1669
0,0.025,nn_dist_grid_n1,76,50586.0,11119.75,1673
0,0.025,nn_dist_grid_n2,76,49590.5,11009.0,1669
0,0.025,nn_dist_grid_n3,76,49602.0,11010.25,1669
0,0.025,nn_dist_grid_n4,76,49608.5,11009.75,1669
0,0.025,nn_dist_grid_n5,76,49612.5,11009.75,1669
0,0.025,none,76,373124.0,78954.75,7775
0,0.05,iou_edgecrop_global,76,37137.0,7076.0,1275
0,0.05,iou_edgecrop_grid_n1,76,37137.0,7076.0,1275
0,0.05,iou_edgecrop_grid_n2,76,37137.0,7076.0,1275
0,0.05,iou_edgecrop_grid_n3,76,37137.0,7076.0,1275
0,0.05,iou_edgecrop_grid_n4,76,37137.0,7076.0,1275
0,0.05,iou_edgecrop_grid_n5,76,37136.5,7076.0,1275
0,0.05,iou_global,76,51002.0,11460.5,1764
0,0.05,iou_grid_n1,76,53068.5,11571.5,1780
0,0.05,iou_grid_n2,76,50829.0,11443.5,1763
0,0.05,iou_grid_n3,76,50909.5,11451.75,1764
0,0.05,iou_grid_n4,76,50939.5,11454.0,1764
0,0.05,iou_grid_n5,76,50966.0,11456.25,1763
0,0.05,nn_center_global,76,45466.5,10648.5,1740
0,0.05,nn_center_grid_n1,76,52959.0,11557.25,1793
0,0.05,nn_center_grid_n2,76,45346.0,10600.25,1737
0,0.05,nn_center_grid_n3,76,45413.5,10619.0,1738
0,0.05,nn_center_grid_n4,76,45417.5,10629.75,1740
0,0.05,nn_center_grid_n5,76,45440.5,10627.75,1739
0,0.05,nn_cluster_global,76,48737.5,11049.0,1758
0,0.05,nn_cluster_grid_n1,76,53279.0,11646.5,1793
0,0.05,nn_cluster_grid_n2,76,49040.0,11092.0,1759
0,0.05,nn_cluster_grid_n3,76,48883.0,11069.5,1758
0,0.05,nn_cluster_grid_n4,76,48839.0,11064.0,1758
0,0.05,nn_cluster_grid_n5,76,48806.5,11058.0,1758
0,0.05,nn_dist_global,76,49771.0,11215.0,1766
0,0.05,nn_dist_grid_n1,76,53379.0,11658.0,1793
0,0.05,nn_dist_grid_n2,76,49617.5,11191.25,1765
0,0.05,nn_dist_grid_n3,76,49695.5,11207.0,1766
0,0.05,nn_dist_grid_n4,76,49718.0,11205.5,1766
0,0.05,nn_dist_grid_n5,76,49733.5,11208.5,1766
0,0.05,none,76,393644.0,83079.5,8212
0,0.075,iou_edgecrop_global,76,39093.0,7490.75,1321
0,0.075,iou_edgecrop_grid_n1,76,39286.0,7490.75,1322
0,0.075,iou_edgecrop_grid_n2,76,39093.5,7490.75,1321
0,0.075,iou_edgecrop_grid_n3,76,39093.0,7490.5,1321
0,0.075,iou_edgecrop_grid_n4,76,39093.0,7490.5,1321
0,0.075,iou_edgecrop_grid_n5,76,39093.0,7490.75,1321
0,0.075,iou_global,76,49235.5,11298.5,1736
0,0.075,iou_grid_n1,76,55840.0,12257.25,1848
0,0.075,iou_grid_n2,76,49007.0,11253.0,1729
0,0.075,iou_grid_n3,76,49115.0,11277.25,1731
0,0.075,iou_grid_n4,76,49155.0,11276.0,1733
0,0.075,iou_grid_n5,76,49178.0,11290.5,1731
0,0.075,nn_center_global,76,45120.5,10350.0,1724
0,0.075,nn_center_grid_n1,76,55671.5,12232.25,1861
0,0.075,nn_center_grid_n2,76,45017.5,10287.0,1722
0,0.075,nn_center_grid_n3,76,45062.0,10315.25,1722
0,0.075,nn_center_grid_n4,76,45074.5,10329.75,1723
0,0.075,nn_center_grid_n5,76,45088.5,10330.5,1721
0,0.075,nn_cluster_global,76,47847.5,11027.25,1750
0,0.075,nn_cluster_grid_n1,76,56069.0,12332.25,1861
0,0.075,nn_cluster_grid_n2,76,48301.5,11097.5,1754
0,0.075,nn_cluster_grid_n3,76,48083.0,11060.75,1752
0,0.075,nn_cluster_grid_n4,76,48001.5,11051.5,1751
0,0.075,nn_cluster_grid_n5,76,47976.5,11046.25,1750
0,0.075,nn_dist_global,76,49197.5,11235.75,1766
0,0.075,nn_dist_grid_n1,76,56168.0,12348.5,1861
0,0.075,nn_dist_grid_n2,76,49025.0,11208.0,1761
0,0.075,nn_dist_grid_n3,76,49101.5,11220.75,1764
0,0.075,nn_dist_grid_n4,76,49129.5,11222.5,1765
0,0.075,nn_dist_grid_n5,76,49147.0,11226.0,1765
0,0.075,none,76,413417.5,87638.0,8802
0,0.1,iou_edgecrop_global,76,40557.0,7890.0,1406
0,0.1,iou_edgecrop_grid_n1,76,41451.0,7899.25,1415
0,0.1,iou_edgecrop_grid_n2,76,40557.0,7890.0,1406
0,0.1,iou_edgecrop_grid_n3,76,40557.0,7890.0,1406
0,0.1,iou_edgecrop_grid_n4,76,40557.0,7890.0,1406
0,0.1,iou_edgecrop_grid_n5,76,40557.0,7890.0,1406
0,0.1,iou_global,76,48980.0,11193.25,1773
0,0.1,iou_grid_n1,76,59082.0,12886.75,1978
0,0.1,iou_grid_n2,76,48773.5,11133.0,1765
0,0.1,iou_grid_n3,76,48867.5,11160.25,1770
0,0.1,iou_grid_n4,76,48896.5,11168.5,1772
0,0.1,iou_grid_n5,76,48929.5,11178.75,1773
0,0.1,nn_center_global,76,45071.0,10205.75,1777
0,0.1,nn_center_grid_n1,76,58919.0,12869.5,1994
0,0.1,nn_center_grid_n2,76,44966.5,10135.25,1775
0,0.1,nn_center_grid_n3,76,45011.0,10161.0,1776
0,0.1,nn_center_grid_n4,76,45024.5,10179.5,1776
0,0.1,nn_center_grid_n5,76,45037.5,10180.75,1776
0,0.1,nn_cluster_global,76,47968.5,10978.25,1792
0,0.1,nn_cluster_grid_n1,76,59302.0,12964.0,1994
0,0.1,nn_cluster_grid_n2,76,48354.0,11061.25,1795
0,0.1,nn_cluster_grid_n3,76,48156.0,11008.25,1793
0,0.1,nn_cluster_grid_n4,76,48102.5,11006.25,1794
0,0.1,nn_cluster_grid_n5,76,48065.0,10991.75,1793
0,0.1,nn_dist_global,76,49087.5,11221.0,1804
0,0.1,nn_dist_grid_n1,76,59404.5,12974.75,1994
0,0.1,nn_dist_grid_n2,76,48910.5,11186.75,1799
0,0.1,nn_dist_grid_n3,76,48986.0,11202.0,1799
0,0.1,nn_dist_grid_n4,76,49013.0,11215.5,1802
0,0.1,nn_dist_grid_n5,76,49036.0,11211.5,1801
0,0.1,none,76,436945.5,92245.75,9257
0,0.15,iou_edgecrop_global,76,42550.0,8425.25,1503
0,0.15,iou_edgecrop_grid_n1,76,46512.5,8876.0,1590
0,0.15,iou_edgecrop_grid_n2,76,42549.5,8425.25,1503
0,0.15,iou_edgecrop_grid_n3,76,42549.5,8425.25,1503
0,0.15,iou_edgecrop_grid_n4,76,42550.5,8425.25,1503
0,0.15,iou_edgecrop_grid_n5,76,42550.0,8425.25,1503
0,0.15,iou_global,76,49374.0,11119.25,1847
0,0.15,iou_grid_n1,76,66001.5,14427.25,2226
0,0.15,iou_grid_n2,76,49137.0,11011.0,1843
0,0.15,iou_grid_n3,76,49239.0,11056.0,1843
0,0.15,iou_grid_n4,76,49279.0,11075.25,1846
0,0.15,iou_grid_n5,76,49304.0,11090.0,1846
0,0.15,nn_center_global,76,45303.0,10142.25,1857
0,0.15,nn_center_grid_n1,76,65754.0,14388.75,2250
0,0.15,nn_center_grid_n2,76,45183.5,10078.0,1856
0,0.15,nn_center_grid_n3,76,45236.5,10117.0,1858
0,0.15,nn_center_grid_n4,76,45253.5,10117.0,1857
0,0.15,nn_center_grid_n5,76,45273.5,10127.75,1858
0,0.15,nn_cluster_global,76,48296.0,11013.75,1872
0,0.15,nn_cluster_grid_n1,76,66245.0,14515.0,2251
0,0.15,nn_cluster_grid_n2,76,48649.5,11094.0,1874
0,0.15,nn_cluster_grid_n3,76,48455.5,11051.0,1872
0,0.15,nn_cluster_grid_n4,76,48405.0,11038.0,1874
0,0.15,nn_cluster_grid_n5,76,48373.5,11029.25,1872
0,0.15,nn_dist_global,76,49436.0,11249.5,1878
0,0.15,nn_dist_grid_n1,76,66359.0,14532.5,2251
0,0.15,nn_dist_grid_n2,76,49225.5,11217.25,1877
0,0.15,nn_dist_grid_n3,76,49332.0,11233.75,1877
0,0.15,nn_dist_grid_n4,76,49369.0,11241.0,1878
0,0.15,nn_dist_grid_n5,76,49391.5,11245.25,1877
0,0.15,none,76,490094.0,103404.75,10377
0,0.2,iou_edgecrop_global,76,42866.5,9008.75,1537
0,0.2,iou_edgecrop_grid_n1,76,52521.0,10011.0,1787
0,0.2,iou_edgecrop_grid_n2,76,42866.5,9008.75,1537
0,0.2,iou_edgecrop_grid_n3,76,42867.5,9008.75,1537
0,0.2,iou_edgecrop_grid_n4,76,42867.0,9008.75,1537
0,0.2,iou_edgecrop_grid_n5,76,42866.5,9008.75,1537
0,0.2,iou_global,76,49819.0,11236.25,1923
0,0.2,iou_grid_n1,76,74781.5,16303.75,2543
0,0.2,iou_grid_n2,76,49559.5,11131.25,1922
0,0.2,iou_grid_n3,76,49681.5,11170.75,1922
0,0.2,iou_grid_n4,76,49739.5,11194.75,1923
0,0.2,iou_grid_n5,76,49755.5,11204.75,1922
0,0.2,nn_center_global,76,45413.5,10197.0,1936
0,0.2,nn_center_grid_n1,76,74549.0,16255.5,2561
0,0.2,nn_center_grid_n2,76,45301.5,10131.0,1936
0,0.2,nn_center_grid_n3,76,45344.0,10162.25,1936
0,0.2,nn_center_grid_n4,76,45369.0,10171.25,1936
0,0.2,nn_center_grid_n5,76,45373.5,10179.75,1936
0,0.2,nn_cluster_global,76,48565.0,11065.25,1952
0,0.2,nn_cluster_grid_n1,76,75068.0,16404.5,2561
0,0.2,nn_cluster_grid_n2,76,48989.0,11144.25,1954
0,0.2,nn_cluster_grid_n3,76,48772.0,11104.25,1953
0,0.2,nn_cluster_grid_n4,76,48705.0,11090.0,1952
0,0.2,nn_cluster_grid_n5,76,48671.0,11085.75,1953
0,0.2,nn_dist_global,76,49800.0,11318.75,1963
0,0.2,nn_dist_grid_n1,76,75199.0,16417.75,2561
0,0.2,nn_dist_grid_n2,76,49568.5,11286.75,1960
0,0.2,nn_dist_grid_n3,76,49689.5,11297.75,1962
0,0.2,nn_dist_grid_n4,76,49722.5,11305.25,1958
0,0.2,nn_dist_grid_n5,76,49740.5,11309.75,1962
0,0.2,none,76,553554.0,116804.5,11812
0,0.25,iou_edgecrop_global,76,42917.0,9213.0,1576
0,0.25,iou_edgecrop_grid_n1,76,59743.0,11300.25,2032
0,0.25,iou_edgecrop_grid_n2,76,42917.5,9212.25,1576
0,0.25,iou_edgecrop_grid_n3,76,42917.5,9212.25,1576
0,0.25,iou_edgecrop_grid_n4,76,42917.0,9213.0,1576
0,0.25,iou_edgecrop_grid_n5,76,42917.0,9213.0,1576
0,0.25,iou_global,76,50377.5,11423.75,1949
0,0.25,iou_grid_n1,76,85052.5,18539.0,2854
0,0.25,iou_grid_n2,76,50087.5,11324.25,1944
0,0.25,iou_grid_n3,76,50236.5,11365.5,1946
0,0.25,iou_grid_n4,76,50278.5,11387.25,1947
0,0.25,iou_grid_n5,76,50296.0,11400.5,1947
0,0.25,nn_center_global,76,45654.0,10323.5,1962
0,0.25,nn_center_grid_n1,76,84809.0,18511.75,2878
0,0.25,nn_center_grid_n2,76,45519.5,10244.75,1961
0,0.25,nn_center_grid_n3,76,45569.0,10281.0,1962
0,0.25,nn_center_grid_n4,76,45600.5,10294.25,1962
0,0.25,nn_center_grid_n5,76,45607.0,10302.75,1962
0,0.25,nn_cluster_global,76,49036.0,11130.5,1976
0,0.25,nn_cluster_grid_n1,76,85342.5,18657.0,2877
0,0.25,nn_cluster_grid_n2,76,49475.0,11227.5,1978
0,0.25,nn_cluster_grid_n3,76,49247.5,11179.25,1978
0,0.25,nn_cluster_grid_n4,76,49178.5,11159.75,1977
0,0.25,nn_cluster_grid_n5,76,49145.5,11152.25,1976
0,0.25,nn_dist_global,76,50372.5,11409.25,1984
0,0.25,nn_dist_grid_n1,76,85495.5,18676.5,2877
0,0.25,nn_dist_grid_n2,76,50120.5,11364.75,1983
0,0.25,nn_dist_grid_n3,76,50239.5,11388.25,1984
0,0.25,nn_dist_grid_n4,76,50284.5,11392.25,1985
0,0.25,nn_dist_grid_n5,76,50300.5,11399.5,1985
0,0.25,none,76,631534.0,132693.75,13196
0,0.5,iou_edgecrop_global,76,43046.0,9306.75,1703
0,0.5,iou_edgecrop_grid_n1,76,134454.5,25617.25,4520
0,0.5,iou_edgecrop_grid_n2,76,43044.5,9306.0,1703
0,0.5,iou_edgecrop_grid_n3,76,43044.5,9306.75,1703
0,0.5,iou_edgecrop_grid_n4,76,43045.5,9306.5,1703
0,0.5,iou_edgecrop_grid_n5,76,43046.0,9306.75,1703
0,0.5,iou_global,76,54736.0,12294.0,2335
0,0.5,iou_grid_n1,76,191303.0,41889.25,6404
0,0.5,iou_grid_n2,76,54214.0,12166.25,2330
0,0.5,iou_grid_n3,76,54442.5,12222.25,2334
0,0.5,iou_grid_n4,76,54526.0,12236.0,2333
0,0.5,iou_grid_n5,76,54570.5,12261.0,2332
0,0.5,nn_center_global,76,49567.0,11212.75,2348
0,0.5,nn_center_grid_n1,76,190689.0,41846.5,6455
0,0.5,nn_center_grid_n2,76,48599.5,10966.5,2342
0,0.5,nn_center_grid_n3,76,49051.0,11077.25,2343
0,0.5,nn_center_grid_n4,76,49271.0,11126.25,2345
0,0.5,nn_center_grid_n5,76,49323.0,11129.75,2346
0,0.5,nn_cluster_global,76,52384.5,11807.0,2370
0,0.5,nn_cluster_grid_n1,76,191972.5,42163.75,6453
0,0.5,nn_cluster_grid_n2,76,53554.0,12027.25,2379
0,0.5,nn_cluster_grid_n3,76,52961.0,11915.25,2375
0,0.5,nn_cluster_grid_n4,76,52762.0,11891.5,2373
0,0.5,nn_cluster_grid_n5,76,52652.0,11865.75,2371
0,0.5,nn_dist_global,76,54971.0,12317.5,2393
0,0.5,nn_dist_grid_n1,76,192327.0,42204.25,6455
0,0.5,nn_dist_grid_n2,76,54407.5,12228.5,2388
0,0.5,nn_dist_grid_n3,76,54672.0,12262.0,2389
0,0.5,nn_dist_grid_n4,76,54773.0,12284.5,2389
0,0.5,nn_dist_grid_n5,76,54817.5,12289.75,2391
0,0.5,none,76,1416902.5,300103.25,29679
1,0.0,iou_edgecrop_global,22095,66.0,45.0,34
1,0.0,iou_edgecrop_grid_n1,22095,66.0,45.0,34
1,0.0,iou_edgecrop_grid_n2,22095,66.0,45.0,34
1,0.0,iou_edgecrop_grid_n3,22095,66.0,45.0,34
1,0.0,iou_edgecrop_grid_n4,22095,66.0,45.0,34
1,0.0,iou_edgecrop_grid_n5,22095,66.0,45.0,34
1,0.0,iou_global,22095,93.0,68.0,61
1,0.0,iou_grid_n1,22095,93.0,68.0,61
1,0.0,iou_grid_n2,22095,93.0,68.0,61
1,0.0,iou_grid_n3,22095,93.0,68.0,61
1,0.0,iou_grid_n4,22095,93.0,68.0,61
1,0.0,iou_grid_n5,22095,93.0,68.0,61
1,0.0,nn_center_global,22095,91.0,67.0,56
1,0.0,nn_center_grid_n1,22095,92.0,68.0,59
1,0.0,nn_center_grid_n2,22095,91.0,67.0,56
1,0.0,nn_center_grid_n3,22095,91.0,67.0,56
1,0.0,nn_center_grid_n4,22095,91.0,67.0,56
1,0.0,nn_center_grid_n5,22095,91.0,67.0,56
1,0.0,nn_cluster_global,22095,91.0,68.0,56
1,0.0,nn_cluster_grid_n1,22095,92.0,68.0,56
1,0.0,nn_cluster_grid_n2,22095,92.0,68.0,56
1,0.0,nn_cluster_grid_n3,22095,92.0,68.0,56
1,0.0,nn_cluster_grid_n4,22095,92.0,68.0,56
1,0.0,nn_cluster_grid_n5,22095,92.0,68.0,56
1,0.0,nn_dist_global,22095,92.0,68.0,60
1,0.0,nn_dist_grid_n1,22095,93.0,69.0,60
1,0.0,nn_dist_grid_n2,22095,92.0,68.0,60
1,0.0,nn_dist_grid_n3,22095,92.0,68.0,60
1,0.0,nn_dist_grid_n4,22095,92.0,68.0,60
1,0.0,nn_dist_grid_n5,22095,92.0,68.0,60
1,0.0,none,22095,683.0,515.0,500
1,0.025,iou_edgecrop_global,23298,66.0,45.0,30
1,0.025,iou_edgecrop_grid_n1,23298,66.0,45.0,30
1,0.025,iou_edgecrop_grid_n2,23298,66.0,45.0,30
1,0.025,iou_edgecrop_grid_n3,23298,66.0,45.0,30
1,0.025,iou_edgecrop_grid_n4,23298,66.0,45.0,30
1,0.025,iou_edgecrop_grid_n5,23298,66.0,45.0,30
1,0.025,iou_global,23298,92.0,68.0,60
1,0.025,iou_grid_n1,23298,93.0,69.0,61
1,0.025,iou_grid_n2,23298,92.0,68.0,60
1,0.025,iou_grid_n3,23298,92.0,68.0,60
1,0.025,iou_grid_n4,23298,92.0,68.0,60
1,0.025,iou_grid_n5,23298,92.0,68.0,60
1,0.025,nn_center_global,23298,86.0,63.0,50
1,0.025,nn_center_grid_n1,23298,92.0,68.0,59
1,0.025,nn_center_grid_n2,23298,85.0,62.0,50
1,0.025,nn_center_grid_n3,23298,86.0,63.0,50
1,0.025,nn_center_grid_n4,23298,86.0,63.0,50
1,0.025,nn_center_grid_n5,23298,86.0,63.0,50
1,0.025,nn_cluster_global,23298,89.0,66.0,48
1,0.025,nn_cluster_grid_n1,23298,92.0,68.0,56
1,0.025,nn_cluster_grid_n2,23298,90.0,66.0,48
1,0.025,nn_cluster_grid_n3,23298,90.0,66.0,48
1,0.025,nn_cluster_grid_n4,23298,90.0,66.0,48
1,0.025,nn_cluster_grid_n5,23298,89.0,66.0,48
1,0.025,nn_dist_global,23298,91.0,67.0,54
1,0.025,nn_dist_grid_n1,23298,93.0,68.0,60
1,0.025,nn_dist_grid_n2,23298,90.0,67.0,54
1,0.025,nn_dist_grid_n3,23298,90.0,67.0,54
1,0.025,nn_dist_grid_n4,23298,90.0,67.0,54
1,0.025,nn_dist_grid_n5,23298,90.0,67.0,54
1,0.025,none,23298,682.0,515.0,500
1,0.05,iou_edgecrop_global,24520,66.0,45.0,34
1,0.05,iou_edgecrop_grid_n1,24520,66.0,45.0,34
1,0.05,iou_edgecrop_grid_n2,24520,66.0,45.0,34
1,0.05,iou_edgecrop_grid_n3,24520,66.0,45.0,34
1,0.05,iou_edgecrop_grid_n4,24520,66.0,45.0,34
1,0.05,iou_edgecrop_grid_n5,24520,66.0,45.0,34
1,0.05,iou_global,24520,89.0,66.0,52
1,0.05,iou_grid_n1,24520,93.0,68.0,61
1,0.05,iou_grid_n2,24520,89.0,66.0,52
1,0.05,iou_grid_n3,24520,89.0,66.0,52
1,0.05,iou_grid_n4,24520,89.0,66.0,52
1,0.05,iou_grid_n5,24520,89.0,66.0,52
1,0.05,nn_center_global,24520,80.0,58.0,46
1,0.05,nn_center_grid_n1,24520,92.0,68.0,58
1,0.05,nn_center_grid_n2,24520,80.0,57.0,47
1,0.05,nn_center_grid_n3,24520,80.0,57.0,46
1,0.05,nn_center_grid_n4,24520,80.0,57.0,46
1,0.05,nn_center_grid_n5,24520,80.0,58.0,47
1,0.05,nn_cluster_global,24520,84.0,63.0,39
1,0.05,nn_cluster_grid_n1,24520,92.0,68.0,46
1,0.05,nn_cluster_grid_n2,24520,85.0,63.0,39
1,0.05,nn_cluster_grid_n3,24520,85.0,63.0,39
1,0.05,nn_cluster_grid_n4,24520,85.0,63.0,39
1,0.05,nn_cluster_grid_n5,24520,85.0,63.0,39
1,0.05,nn_dist_global,24520,86.5,64.0,45
1,0.05,nn_dist_grid_n1,24520,93.0,68.0,59
1,0.05,nn_dist_grid_n2,24520,86.0,64.0,45
1,0.05,nn_dist_grid_n3,24520,86.0,64.0,46
1,0.05,nn_dist_grid_n4,24520,86.0,64.0,46
1,0.05,nn_dist_grid_n5,24520,86.0,64.0,45
1,0.05,none,24520,682.0,514.0,500
1,0.075,iou_edgecrop_global,25901,66.0,45.0,33
1,0.075,iou_edgecrop_grid_n1,25901,66.0,45.0,33
1,0.075,iou_edgecrop_grid_n2,25901,66.0,45.0,33
1,0.075,iou_edgecrop_grid_n3,25901,66.0,45.0,33
1,0.075,iou_edgecrop_grid_n4,25901,66.0,45.0,33
1,0.075,iou_edgecrop_grid_n5,25901,66.0,45.0,33
1,0.075,iou_global,25901,83.0,60.0,48
1,0.075,iou_grid_n1,25901,93.0,68.0,61
1,0.075,iou_grid_n2,25901,82.0,60.0,48
1,0.075,iou_grid_n3,25901,82.0,60.0,48
1,0.075,iou_grid_n4,25901,82.0,60.0,50
1,0.075,iou_grid_n5,25901,82.0,60.0,49
1,0.075,nn_center_global,25901,75.0,54.0,41
1,0.075,nn_center_grid_n1,25901,92.0,68.0,57
1,0.075,nn_center_grid_n2,25901,75.0,54.0,39
1,0.075,nn_center_grid_n3,25901,75.0,54.0,39
1,0.075,nn_center_grid_n4,25901,75.0,54.0,40
1,0.075,nn_center_grid_n5,25901,75.0,54.0,40
1,0.075,nn_cluster_global,25901,79.0,58.0,37
1,0.075,nn_cluster_grid_n1,25901,92.0,68.0,52
1,0.075,nn_cluster_grid_n2,25901,80.0,59.0,40
1,0.075,nn_cluster_grid_n3,25901,79.0,58.0,39
1,0.075,nn_cluster_grid_n4,25901,79.0,58.0,38
1,0.075,nn_cluster_grid_n5,25901,79.0,58.0,39
1,0.075,nn_dist_global,25901,82.0,60.0,48
1,0.075,nn_dist_grid_n1,25901,93.0,68.0,60
1,0.075,nn_dist_grid_n2,25901,81.0,60.0,47
1,0.075,nn_dist_grid_n3,25901,81.0,60.0,48
1,0.075,nn_dist_grid_n4,25901,82.0,60.0,47
1,0.075,nn_dist_grid_n5,25901,82.0,60.0,47
1,0.075,none,25901,682.0,515.0,500
1,0.1,iou_edgecrop_global,27338,65.0,45.0,33
1,0.1,iou_edgecrop_grid_n1,27338,66.0,45.0,33
1,0.1,iou_edgecrop_grid_n2,27338,65.0,45.0,33
1,0.1,iou_edgecrop_grid_n3,27338,65.0,45.0,32
1,0.1,iou_edgecrop_grid_n4,27338,65.0,45.0,32
1,0.1,iou_edgecrop_grid_n5,27338,65.0,45.0,32
1,0.1,iou_global,27338,78.0,56.0,45
1,0.1,iou_grid_n1,27338,93.0,68.0,60
1,0.1,iou_grid_n2,27338,78.0,56.0,45
1,0.1,iou_grid_n3,27338,78.0,56.0,46
1,0.1,iou_grid_n4,27338,78.0,56.0,45
1,0.1,iou_grid_n5,27338,78.0,56.0,46
1,0.1,nn_center_global,27338,71.0,51.0,39
1,0.1,nn_center_grid_n1,27338,92.0,68.0,57
1,0.1,nn_center_grid_n2,27338,71.0,51.0,37
1,0.1,nn_center_grid_n3,27338,71.0,51.0,37
1,0.1,nn_center_grid_n4,27338,71.0,51.0,39
1,0.1,nn_center_grid_n5,27338,71.0,51.0,37
1,0.1,nn_cluster_global,27338,75.0,55.0,35
1,0.1,nn_cluster_grid_n1,27338,92.0,68.0,55
1,0.1,nn_cluster_grid_n2,27338,76.0,55.0,36
1,0.1,nn_cluster_grid_n3,27338,76.0,55.0,36
1,0.1,nn_cluster_grid_n4,27338,75.0,55.0,36
1,0.1,nn_cluster_grid_n5,27338,75.0,55.0,36
1,0.1,nn_dist_global,27338,77.0,57.0,38
1,0.1,nn_dist_grid_n1,27338,93.0,69.0,61
1,0.1,nn_dist_grid_n2,27338,77.0,56.0,40
1,0.1,nn_dist_grid_n3,27338,77.0,56.0,38
1,0.1,nn_dist_grid_n4,27338,77.0,56.0,38
1,0.1,nn_dist_grid_n5,27338,77.0,56.0,40
1,0.1,none,27338,682.0,515.0,500
1,0.15,iou_edgecrop_global,30595,61.0,42.0,28
1,0.15,iou_edgecrop_grid_n1,30595,66.0,45.0,32
1,0.15,iou_edgecrop_grid_n2,30595,61.0,42.0,28
1,0.15,iou_edgecrop_grid_n3,30595,61.0,42.0,30
1,0.15,iou_edgecrop_grid_n4,30595,61.0,42.0,27
1,0.15,iou_edgecrop_grid_n5,30595,61.0,42.0,30
1,0.15,iou_global,30595,70.0,50.0,34
1,0.15,iou_grid_n1,30595,93.0,69.0,60
1,0.15,iou_grid_n2,30595,70.0,50.0,36
1,0.15,iou_grid_n3,30595,70.0,50.0,36
1,0.15,iou_grid_n4,30595,70.0,50.0,34
1,0.15,iou_grid_n5,30595,70.0,50.0,35
1,0.15,nn_center_global,30595,64.0,45.0,29
1,0.15,nn_center_grid_n1,30595,92.0,68.0,57
1,0.15,nn_center_grid_n2,30595,64.0,45.0,31
1,0.15,nn_center_grid_n3,30595,64.0,45.0,30
1,0.15,nn_center_grid_n4,30595,64.0,45.0,30
1,0.15,nn_center_grid_n5,30595,64.0,45.0,29
1,0.15,nn_cluster_global,30595,68.0,48.0,28
1,0.15,nn_cluster_grid_n1,30595,92.0,68.0,55
1,0.15,nn_cluster_grid_n2,30595,68.0,49.0,32
1,0.15,nn_cluster_grid_n3,30595,68.0,49.0,31
1,0.15,nn_cluster_grid_n4,30595,68.0,49.0,28
1,0.15,nn_cluster_grid_n5,30595,68.0,49.0,29
1,0.15,nn_dist_global,30595,70.0,50.0,33
1,0.15,nn_dist_grid_n1,30595,93.0,69.0,60
1,0.15,nn_dist_grid_n2,30595,69.0,50.0,33
1,0.15,nn_dist_grid_n3,30595,70.0,50.0,33
1,0.15,nn_dist_grid_n4,30595,70.0,50.0,33
1,0.15,nn_dist_grid_n5,30595,70.0,50.0,32
1,0.15,none,30595,683.0,515.0,500
1,0.2,iou_edgecrop_global,34606,55.0,37.0,19
1,0.2,iou_edgecrop_grid_n1,34606,66.0,45.0,32
1,0.2,iou_edgecrop_grid_n2,34606,55.0,37.0,21
1,0.2,iou_edgecrop_grid_n3,34606,55.0,37.0,23
1,0.2,iou_edgecrop_grid_n4,34606,55.0,37.0,22
1,0.2,iou_edgecrop_grid_n5,34606,55.0,37.0,19
1,0.2,iou_global,34606,63.0,44.0,24
1,0.2,iou_grid_n1,34606,93.0,68.0,60
1,0.2,iou_grid_n2,34606,62.0,44.0,25
1,0.2,iou_grid_n3,34606,63.0,44.0,25
1,0.2,iou_grid_n4,34606,63.0,44.0,28
1,0.2,iou_grid_n5,34606,63.0,44.0,27
1,0.2,nn_center_global,34606,57.0,39.0,23
1,0.2,nn_center_grid_n1,34606,92.0,68.0,57
1,0.2,nn_center_grid_n2,34606,57.0,39.0,24
1,0.2,nn_center_grid_n3,34606,57.0,39.0,24
1,0.2,nn_center_grid_n4,34606,57.0,39.0,25
1,0.2,nn_center_grid_n5,34606,57.0,39.0,24
1,0.2,nn_cluster_global,34606,60.0,42.0,18
1,0.2,nn_cluster_grid_n1,34606,92.0,68.0,54
1,0.2,nn_cluster_grid_n2,34606,61.0,43.0,19
1,0.2,nn_cluster_grid_n3,34606,61.0,43.0,18
1,0.2,nn_cluster_grid_n4,34606,61.0,43.0,18
1,0.2,nn_cluster_grid_n5,34606,61.0,42.0,18
1,0.2,nn_dist_global,34606,62.0,44.0,25
1,0.2,nn_dist_grid_n1,34606,93.0,68.0,60
1,0.2,nn_dist_grid_n2,34606,62.0,44.0,24
1,0.2,nn_dist_grid_n3,34606,62.0,44.0,23
1,0.2,nn_dist_grid_n4,34606,62.0,44.0,25
1,0.2,nn_dist_grid_n5,34606,62.0,44.0,24
1,0.2,none,34606,682.0,514.0,500
1,0.25,iou_edgecrop_global,39308,48.0,32.0,13
1,0.25,iou_edgecrop_grid_n1,39308,66.0,45.0,34
1,0.25,iou_edgecrop_grid_n2,39308,48.0,32.0,14
1,0.25,iou_edgecrop_grid_n3,39308,48.0,32.0,14
1,0.25,iou_edgecrop_grid_n4,39308,48.0,32.0,14
1,0.25,iou_edgecrop_grid_n5,39308,48.0,32.0,16
1,0.25,iou_global,39308,56.0,38.0,21
1,0.25,iou_grid_n1,39308,93.0,68.0,61
1,0.25,iou_grid_n2,39308,56.0,38.0,24
1,0.25,iou_grid_n3,39308,56.0,38.0,23
1,0.25,iou_grid_n4,39308,56.0,38.0,23
1,0.25,iou_grid_n5,39308,56.0,38.0,23
1,0.25,nn_center_global,39308,51.0,34.0,19
1,0.25,nn_center_grid_n1,39308,92.0,68.0,57
1,0.25,nn_center_grid_n2,39308,51.0,34.0,18
1,0.25,nn_center_grid_n3,39308,51.0,34.0,19
1,0.25,nn_center_grid_n4,39308,51.0,34.0,18
1,0.25,nn_center_grid_n5,39308,51.0,34.0,19
1,0.25,nn_cluster_global,39308,54.0,37.0,11
1,0.25,nn_cluster_grid_n1,39308,92.0,68.0,58
1,0.25,nn_cluster_grid_n2,39308,54.0,37.0,11
1,0.25,nn_cluster_grid_n3,39308,54.0,37.0,11
1,0.25,nn_cluster_grid_n4,39308,54.0,37.0,11
1,0.25,nn_cluster_grid_n5,39308,54.0,37.0,11
1,0.25,nn_dist_global,39308,56.0,39.0,21
1,0.25,nn_dist_grid_n1,39308,93.0,68.0,61
1,0.25,nn_dist_grid_n2,39308,55.0,38.0,20
1,0.25,nn_dist_grid_n3,39308,55.0,38.0,17
1,0.25,nn_dist_grid_n4,39308,55.0,38.0,19
1,0.25,nn_dist_grid_n5,39308,55.0,38.0,19
1,0.25,none,39308,684.0,514.0,500
1,0.5,iou_edgecrop_global,88352,22.0,12.0,2
1,0.5,iou_edgecrop_grid_n1,88352,66.0,45.0,32
1,0.5,iou_edgecrop_grid_n2,88352,22.0,12.0,3
1,0.5,iou_edgecrop_grid_n3,88352,22.0,12.0,2
1,0.5,iou_edgecrop_grid_n4,88352,22.0,12.0,2
1,0.5,iou_edgecrop_grid_n5,88352,22.0,12.0,2
1,0.5,iou_global,88352,27.0,16.0,4
1,0.5,iou_grid_n1,88352,93.0,69.0,60
1,0.5,iou_grid_n2,88352,27.0,16.0,5
1,0.5,iou_grid_n3,88352,27.0,16.0,6
1,0.5,iou_grid_n4,88352,27.0,16.0,5
1,0.5,iou_grid_n5,88352,27.0,16.0,5
1,0.5,nn_center_global,88352,24.0,14.0,3
1,0.5,nn_center_grid_n1,88352,92.0,68.0,56
1,0.5,nn_center_grid_n2,88352,24.0,14.0,3
1,0.5,nn_center_grid_n3,88352,24.0,14.0,4
1,0.5,nn_center_grid_n4,88352,24.0,14.0,3
1,0.5,nn_center_grid_n5,88352,24.0,14.0,3
1,0.5,nn_cluster_global,88352,26.0,14.0,2
1,0.5,nn_cluster_grid_n1,88352,92.0,68.0,49
1,0.5,nn_cluster_grid_n2,88352,26.0,14.0,2
1,0.5,nn_cluster_grid_n3,88352,26.0,14.0,2
1,0.5,nn_cluster_grid_n4,88352,26.0,14.0,2
1,0.5,nn_cluster_grid_n5,88352,26.0,14.0,2
1,0.5,nn_dist_global,88352,27.0,16.0,5
1,0.5,nn_dist_grid_n1,88352,93.0,69.0,60
1,0.5,nn_dist_grid_n2,88352,27.0,16.0,6
1,0.5,nn_dist_grid_n3,88352,27.0,16.0,3
1,0.5,nn_dist_grid_n4,88352,27.0,16.0,5
1,0.5,nn_dist_grid_n5,88352,27.0,16.0,5
1,0.5,none,88352,683.0,515.0,500
2,0.0,iou_edgecrop_global,14887,149.0,55.0,32
2,0.0,iou_edgecrop_grid_n1,14887,149.0,55.0,32
2,0.0,iou_edgecrop_grid_n2,14887,149.0,55.0,32
2,0.0,iou_edgecrop_grid_n3,14887,149.0,55.0,32
2,0.0,iou_edgecrop_grid_n4,14887,149.0,55.0,32
2,0.0,iou_edgecrop_grid_n5,14887,149.0,55.0,32
2,0.0,iou_global,14887,216.0,85.0,62
2,0.0,iou_grid_n1,14887,216.0,85.0,62
2,0.0,iou_grid_n2,14887,216.0,85.0,62
2,0.0,iou_grid_n3,14887,216.0,85.0,62
2,0.0,iou_grid_n4,14887,216.0,85.0,62
2,0.0,iou_grid_n5,14887,216.0,85.0,62
2,0.0,nn_center_global,14887,213.0,84.0,59
2,0.0,nn_center_grid_n1,14887,215.0,85.0,60
2,0.0,nn_center_grid_n2,14887,212.0,84.0,59
2,0.0,nn_center_grid_n3,14887,213.0,84.0,58
2,0.0,nn_center_grid_n4,14887,213.0,84.0,59
2,0.0,nn_center_grid_n5,14887,213.0,84.0,58
2,0.0,nn_cluster_global,14887,215.0,85.0,62
2,0.0,nn_cluster_grid_n1,14887,216.0,85.0,62
2,0.0,nn_cluster_grid_n2,14887,215.0,85.0,62
2,0.0,nn_cluster_grid_n3,14887,215.0,85.0,62
2,0.0,nn_cluster_grid_n4,14887,215.0,85.0,62
2,0.0,nn_cluster_grid_n5,14887,215.0,85.0,62
2,0.0,nn_dist_global,14887,216.0,85.0,62
2,0.0,nn_dist_grid_n1,14887,217.0,85.0,62
2,0.0,nn_dist_grid_n2,14887,216.0,85.0,62
2,0.0,nn_dist_grid_n3,14887,216.0,85.0,62
2,0.0,nn_dist_grid_n4,14887,216.0,85.0,62
2,0.0,nn_dist_grid_n5,14887,216.0,85.0,62
2,0.0,none,14887,1608.0,624.0,500
2,0.025,iou_edgecrop_global,15638,149.0,55.0,31
2,0.025,iou_edgecrop_grid_n1,15638,149.0,55.0,31
2,0.025,iou_edgecrop_grid_n2,15638,149.0,55.0,31
2,0.025,iou_edgecrop_grid_n3,15638,149.0,55.0,31
2,0.025,iou_edgecrop_grid_n4,15638,149.0,55.0,31
2,0.025,iou_edgecrop_grid_n5,15638,149.0,55.0,31
2,0.025,iou_global,15638,216.0,86.0,63
2,0.025,iou_grid_n1,15638,217.0,86.0,63
2,0.025,iou_grid_n2,15638,216.0,86.0,63
2,0.025,iou_grid_n3,15638,216.0,86.0,63
2,0.025,iou_grid_n4,15638,216.0,86.0,63
2,0.025,iou_grid_n5,15638,216.0,86.0,63
2,0.025,nn_center_global,15638,200.0,81.0,55
2,0.025,nn_center_grid_n1,15638,215.0,85.0,62
2,0.025,nn_center_grid_n2,15638,200.0,81.0,53
2,0.025,nn_center_grid_n3,15638,200.0,81.0,53
2,0.025,nn_center_grid_n4,15638,200.0,81.0,54
2,0.025,nn_center_grid_n5,15638,200.0,81.0,53
2,0.025,nn_cluster_global,15638,210.0,84.0,56
2,0.025,nn_cluster_grid_n1,15638,216.0,86.0,63
2,0.025,nn_cluster_grid_n2,15638,210.5,84.0,56
2,0.025,nn_cluster_grid_n3,15638,210.0,84.0,56
2,0.025,nn_cluster_grid_n4,15638,210.0,84.0,56
2,0.025,nn_cluster_grid_n5,15638,210.0,84.0,56
2,0.025,nn_dist_global,15638,212.0,85.0,59
2,0.025,nn_dist_grid_n1,15638,217.0,86.0,63
2,0.025,nn_dist_grid_n2,15638,212.0,84.85000000000002,59
2,0.025,nn_dist_grid_n3,15638,212.0,85.0,58
2,0.025,nn_dist_grid_n4,15638,212.0,85.0,59
2,0.025,nn_dist_grid_n5,15638,212.0,85.0,59
2,0.025,none,15638,1609.5,628.0,500
2,0.05,iou_edgecrop_global,16505,148.0,56.0,26
2,0.05,iou_edgecrop_grid_n1,16505,148.0,56.0,26
2,0.05,iou_edgecrop_grid_n2,16505,148.0,56.0,26
2,0.05,iou_edgecrop_grid_n3,16505,148.0,56.0,26
2,0.05,iou_edgecrop_grid_n4,16505,148.0,56.0,26
2,0.05,iou_edgecrop_grid_n5,16505,148.0,56.0,26
2,0.05,iou_global,16505,209.0,83.0,60
2,0.05,iou_grid_n1,16505,217.0,85.0,60
2,0.05,iou_grid_n2,16505,209.0,83.0,59
2,0.05,iou_grid_n3,16505,209.0,83.0,59
2,0.05,iou_grid_n4,16505,209.0,83.0,59
2,0.05,iou_grid_n5,16505,209.0,83.0,60
2,0.05,nn_center_global,16505,186.0,74.0,47
2,0.05,nn_center_grid_n1,16505,215.0,85.0,60
2,0.05,nn_center_grid_n2,16505,185.0,74.0,46
2,0.05,nn_center_grid_n3,16505,186.0,74.0,46
2,0.05,nn_center_grid_n4,16505,186.0,74.0,46
2,0.05,nn_center_grid_n5,16505,186.0,74.0,46
2,0.05,nn_cluster_global,16505,201.0,81.0,50
2,0.05,nn_cluster_grid_n1,16505,216.0,85.0,59
2,0.05,nn_cluster_grid_n2,16505,202.0,81.0,50
2,0.05,nn_cluster_grid_n3,16505,201.0,81.0,50
2,0.05,nn_cluster_grid_n4,16505,201.0,81.0,50
2,0.05,nn_cluster_grid_n5,16505,201.0,81.0,50
2,0.05,nn_dist_global,16505,204.0,82.0,56
2,0.05,nn_dist_grid_n1,16505,217.0,85.0,60
2,0.05,nn_dist_grid_n2,16505,204.0,82.0,56
2,0.05,nn_dist_grid_n3,16505,204.0,82.0,55
2,0.05,nn_dist_grid_n4,16505,204.0,82.0,55
2,0.05,nn_dist_grid_n5,16505,204.0,82.0,56
2,0.05,none,16505,1608.0,623.0,500
2,0.075,iou_edgecrop_global,17382,149.0,55.0,32
2,0.075,iou_edgecrop_grid_n1,17382,149.0,55.0,32
2,0.075,iou_edgecrop_grid_n2,17382,149.0,55.0,32
2,0.075,iou_edgecrop_grid_n3,17382,149.0,55.0,32
2,0.075,iou_edgecrop_grid_n4,17382,149.0,55.0,32
2,0.075,iou_edgecrop_grid_n5,17382,149.0,55.0,32
2,0.075,iou_global,17382,194.0,78.0,54
2,0.075,iou_grid_n1,17382,218.0,86.0,62
2,0.075,iou_grid_n2,17382,193.0,77.0,54
2,0.075,iou_grid_n3,17382,194.0,78.0,54
2,0.075,iou_grid_n4,17382,194.0,77.0,53
2,0.075,iou_grid_n5,17382,194.0,78.0,54
2,0.075,nn_center_global,17382,176.0,70.0,46
2,0.075,nn_center_grid_n1,17382,216.0,85.0,62
2,0.075,nn_center_grid_n2,17382,175.0,69.0,44
2,0.075,nn_center_grid_n3,17382,175.0,69.0,45
2,0.075,nn_center_grid_n4,17382,175.0,70.0,44
2,0.075,nn_center_grid_n5,17382,175.0,70.0,45
2,0.075,nn_cluster_global,17382,189.0,77.0,42
2,0.075,nn_cluster_grid_n1,17382,217.0,86.0,62
2,0.075,nn_cluster_grid_n2,17382,191.0,78.0,44
2,0.075,nn_cluster_grid_n3,17382,190.0,77.0,42
2,0.075,nn_cluster_grid_n4,17382,190.0,77.0,42
2,0.075,nn_cluster_grid_n5,17382,189.0,77.0,42
2,0.075,nn_dist_global,17382,195.0,79.0,52
2,0.075,nn_dist_grid_n1,17382,218.0,86.0,62
2,0.075,nn_dist_grid_n2,17382,194.0,78.0,52
2,0.075,nn_dist_grid_n3,17382,194.0,79.0,52
2,0.075,nn_dist_grid_n4,17382,194.0,78.0,52
2,0.075,nn_dist_grid_n5,17382,194.0,79.0,52
2,0.075,none,17382,1616.0,625.0,500
2,0.1,iou_edgecrop_global,18295,147.0,55.0,28
2,0.1,iou_edgecrop_grid_n1,18295,149.0,56.0,28
2,0.1,iou_edgecrop_grid_n2,18295,147.0,55.0,28
2,0.1,iou_edgecrop_grid_n3,18295,147.0,55.0,28
2,0.1,iou_edgecrop_grid_n4,18295,147.0,55.0,28
2,0.1,iou_edgecrop_grid_n5,18295,147.0,55.0,28
2,0.1,iou_global,18295,182.0,73.0,47
2,0.1,iou_grid_n1,18295,218.0,86.0,62
2,0.1,iou_grid_n2,18295,181.0,72.0,48
2,0.1,iou_grid_n3,18295,181.0,72.0,47
2,0.1,iou_grid_n4,18295,181.0,72.0,48
2,0.1,iou_grid_n5,18295,181.0,73.0,48
2,0.1,nn_center_global,18295,166.0,66.0,41
2,0.1,nn_center_grid_n1,18295,216.0,86.0,60
2,0.1,nn_center_grid_n2,18295,165.0,66.0,39
2,0.1,nn_center_grid_n3,18295,166.0,66.0,41
2,0.1,nn_center_grid_n4,18295,166.0,66.0,39
2,0.1,nn_center_grid_n5,18295,166.0,66.0,38
2,0.1,nn_cluster_global,18295,179.0,74.0,42
2,0.1,nn_cluster_grid_n1,18295,218.0,87.0,61
2,0.1,nn_cluster_grid_n2,18295,181.0,74.0,43
2,0.1,nn_cluster_grid_n3,18295,180.0,74.0,42
2,0.1,nn_cluster_grid_n4,18295,179.0,74.0,42
2,0.1,nn_cluster_grid_n5,18295,179.0,74.0,42
2,0.1,nn_dist_global,18295,184.0,75.0,49
2,0.1,nn_dist_grid_n1,18295,218.0,87.0,62
2,0.1,nn_dist_grid_n2,18295,183.0,75.0,49
2,0.1,nn_dist_grid_n3,18295,184.0,75.0,49
2,0.1,nn_dist_grid_n4,18295,184.0,75.0,49
2,0.1,nn_dist_grid_n5,18295,184.0,75.0,48
2,0.1,none,18295,1616.0,634.0,500
2,0.15,iou_edgecrop_global,20530,139.0,52.0,30
2,0.15,iou_edgecrop_grid_n1,20530,150.0,55.0,30
2,0.15,iou_edgecrop_grid_n2,20530,139.0,52.0,30
2,0.15,iou_edgecrop_grid_n3,20530,139.0,52.0,30
2,0.15,iou_edgecrop_grid_n4,20530,139.0,52.0,30
2,0.15,iou_edgecrop_grid_n5,20530,139.0,52.0,30
2,0.15,iou_global,20530,164.0,64.0,38
2,0.15,iou_grid_n1,20530,219.0,85.0,62
2,0.15,iou_grid_n2,20530,163.0,64.0,39
2,0.15,iou_grid_n3,20530,163.0,64.0,38
2,0.15,iou_grid_n4,20530,164.0,64.0,39
2,0.15,iou_grid_n5,20530,164.0,64.0,38
2,0.15,nn_center_global,20530,149.0,58.0,35
2,0.15,nn_center_grid_n1,20530,217.0,85.0,62
2,0.15,nn_center_grid_n2,20530,149.0,58.0,34
2,0.15,nn_center_grid_n3,20530,149.0,58.0,35
2,0.15,nn_center_grid_n4,20530,149.0,58.0,35
2,0.15,nn_center_grid_n5,20530,149.0,58.0,34
2,0.15,nn_cluster_global,20530,161.0,65.0,37
2,0.15,nn_cluster_grid_n1,20530,218.0,85.0,62
2,0.15,nn_cluster_grid_n2,20530,162.0,66.0,37
2,0.15,nn_cluster_grid_n3,20530,162.0,65.0,37
2,0.15,nn_cluster_grid_n4,20530,161.0,65.0,37
2,0.15,nn_cluster_grid_n5,20530,161.0,65.0,37
2,0.15,nn_dist_global,20530,165.0,67.0,37
2,0.15,nn_dist_grid_n1,20530,219.0,86.0,62
2,0.15,nn_dist_grid_n2,20530,165.0,66.0,39
2,0.15,nn_dist_grid_n3,20530,165.0,67.0,40
2,0.15,nn_dist_grid_n4,20530,165.0,67.0,39
2,0.15,nn_dist_grid_n5,20530,165.0,67.0,40
2,0.15,none,20530,1620.5,624.0,500
2,0.2,iou_edgecrop_global,23137,125.0,48.0,26
2,0.2,iou_edgecrop_grid_n1,23137,150.0,56.0,29
2,0.2,iou_edgecrop_grid_n2,23137,125.0,48.0,25
2,0.2,iou_edgecrop_grid_n3,23137,125.0,48.0,25
2,0.2,iou_edgecrop_grid_n4,23137,125.0,48.0,25
2,0.2,iou_edgecrop_grid_n5,23137,125.0,48.0,25
2,0.2,iou_global,23137,146.0,57.0,36
2,0.2,iou_grid_n1,23137,218.0,85.0,60
2,0.2,iou_grid_n2,23137,146.0,57.0,34
2,0.2,iou_grid_n3,23137,146.0,57.0,35
2,0.2,iou_grid_n4,23137,146.0,57.0,35
2,0.2,iou_grid_n5,23137,146.0,57.0,35
2,0.2,nn_center_global,23137,133.0,52.0,29
2,0.2,nn_center_grid_n1,23137,217.0,85.0,60
2,0.2,nn_center_grid_n2,23137,132.0,52.0,28
2,0.2,nn_center_grid_n3,23137,133.0,52.0,28
2,0.2,nn_center_grid_n4,23137,132.0,52.0,28
2,0.2,nn_center_grid_n5,23137,133.0,52.0,28
2,0.2,nn_cluster_global,23137,143.0,58.0,32
2,0.2,nn_cluster_grid_n1,23137,217.0,85.0,60
2,0.2,nn_cluster_grid_n2,23137,145.0,58.0,32
2,0.2,nn_cluster_grid_n3,23137,144.0,58.0,32
2,0.2,nn_cluster_grid_n4,23137,144.0,58.0,32
2,0.2,nn_cluster_grid_n5,23137,144.0,58.0,32
2,0.2,nn_dist_global,23137,147.0,59.0,36
2,0.2,nn_dist_grid_n1,23137,218.0,86.0,60
2,0.2,nn_dist_grid_n2,23137,147.0,59.0,34
2,0.2,nn_dist_grid_n3,23137,147.0,59.0,35
2,0.2,nn_dist_grid_n4,23137,147.0,59.0,35
2,0.2,nn_dist_grid_n5,23137,148.0,59.0,34
2,0.2,none,23137,1621.0,622.0,500
2,0.25,iou_edgecrop_global,26287,111.0,42.0,20
2,0.25,iou_edgecrop_grid_n1,26287,150.0,56.0,28
2,0.25,iou_edgecrop_grid_n2,26287,111.0,43.0,20
2,0.25,iou_edgecrop_grid_n3,26287,110.0,42.0,20
2,0.25,iou_edgecrop_grid_n4,26287,110.0,42.0,19
2,0.25,iou_edgecrop_grid_n5,26287,110.0,43.0,20
2,0.25,iou_global,26287,131.0,51.0,29
2,0.25,iou_grid_n1,26287,219.0,86.0,62
2,0.25,iou_grid_n2,26287,130.0,51.0,27
2,0.25,iou_grid_n3,26287,130.0,51.0,22
2,0.25,iou_grid_n4,26287,130.0,51.0,28
2,0.25,iou_grid_n5,26287,130.0,51.0,23
2,0.25,nn_center_global,26287,117.0,46.0,23
2,0.25,nn_center_grid_n1,26287,217.0,85.0,62
2,0.25,nn_center_grid_n2,26287,117.0,46.0,24
2,0.25,nn_center_grid_n3,26287,117.0,46.0,23
2,0.25,nn_center_grid_n4,26287,117.0,46.0,22
2,0.25,nn_center_grid_n5,26287,117.0,46.0,24
2,0.25,nn_cluster_global,26287,128.0,52.0,19
2,0.25,nn_cluster_grid_n1,26287,218.0,86.0,62
2,0.25,nn_cluster_grid_n2,26287,129.0,52.0,20
2,0.25,nn_cluster_grid_n3,26287,129.0,52.0,19
2,0.25,nn_cluster_grid_n4,26287,128.0,52.0,19
2,0.25,nn_cluster_grid_n5,26287,128.0,52.0,19
2,0.25,nn_dist_global,26287,132.0,53.0,24
2,0.25,nn_dist_grid_n1,26287,218.0,86.0,62
2,0.25,nn_dist_grid_n2,26287,131.0,53.0,23
2,0.25,nn_dist_grid_n3,26287,132.0,53.0,24
2,0.25,nn_dist_grid_n4,26287,131.0,53.0,25
2,0.25,nn_dist_grid_n5,26287,132.0,53.0,26
2,0.25,none,26287,1621.0,629.0,500
2,0.5,iou_edgecrop_global,58736,50.0,18.0,5
2,0.5,iou_edgecrop_grid_n1,58736,151.0,55.0,29
2,0.5,iou_edgecrop_grid_n2,58736,50.0,18.0,5
2,0.5,iou_edgecrop_grid_n3,58736,50.0,18.0,6
2,0.5,iou_edgecrop_grid_n4,58736,50.0,18.0,5
2,0.5,iou_edgecrop_grid_n5,58736,50.0,18.0,5
2,0.5,iou_global,58736,64.0,25.0,9
2,0.5,iou_grid_n1,58736,220.0,86.0,61
2,0.5,iou_grid_n2,58736,63.0,24.0,10
2,0.5,iou_grid_n3,58736,64.0,24.0,8
2,0.5,iou_grid_n4,58736,63.0,24.0,9
2,0.5,iou_grid_n5,58736,64.0,25.0,10
2,0.5,nn_center_global,58736,57.0,22.0,6
2,0.5,nn_center_grid_n1,58736,219.0,85.0,58
2,0.5,nn_center_grid_n2,58736,56.0,21.0,8
2,0.5,nn_center_grid_n3,58736,56.0,22.0,7
2,0.5,nn_center_grid_n4,58736,56.0,22.0,7
2,0.5,nn_center_grid_n5,58736,56.0,22.0,9
2,0.5,nn_cluster_global,58736,61.0,24.0,3
2,0.5,nn_cluster_grid_n1,58736,220.0,86.0,43
2,0.5,nn_cluster_grid_n2,58736,63.0,24.0,3
2,0.5,nn_cluster_grid_n3,58736,62.0,24.0,3
2,0.5,nn_cluster_grid_n4,58736,62.0,24.0,3
2,0.5,nn_cluster_grid_n5,58736,62.0,24.0,3
2,0.5,nn_dist_global,58736,65.0,26.0,9
2,0.5,nn_dist_grid_n1,58736,221.0,86.0,57
2,0.5,nn_dist_grid_n2,58736,64.0,26.0,9
2,0.5,nn_dist_grid_n3,58736,65.0,26.0,8
2,0.5,nn_dist_grid_n4,58736,65.0,26.0,9
2,0.5,nn_dist_grid_n5,58736,65.0,26.0,8
2,0.5,none,58736,1636.0,624.75,500
3,0.0,iou_edgecrop_global,7730,289.0,66.0,34
3,0.0,iou_edgecrop_grid_n1,7730,289.0,66.0,34
3,0.0,iou_edgecrop_grid_n2,7730,289.0,66.0,34
3,0.0,iou_edgecrop_grid_n3,7730,289.0,66.0,34
3,0.0,iou_edgecrop_grid_n4,7730,289.0,66.0,34
3,0.0,iou_edgecrop_grid_n5,7730,289.0,66.0,34
3,0.0,iou_global,7730,419.5,101.0,64
3,0.0,iou_grid_n1,7730,419.5,101.0,64
3,0.0,iou_grid_n2,7730,419.5,101.0,64
3,0.0,iou_grid_n3,7730,419.5,101.0,64
3,0.0,iou_grid_n4,7730,419.5,101.0,64
3,0.0,iou_grid_n5,7730,419.5,101.0,64
3,0.0,nn_center_global,7730,414.0,100.0,63
3,0.0,nn_center_grid_n1,7730,417.0,101.0,63
3,0.0,nn_center_grid_n2,7730,413.0,100.0,63
3,0.0,nn_center_grid_n3,7730,414.0,100.0,63
3,0.0,nn_center_grid_n4,7730,413.5,100.0,63
3,0.0,nn_center_grid_n5,7730,413.0,100.0,63
3,0.0,nn_cluster_global,7730,417.0,101.0,64
3,0.0,nn_cluster_grid_n1,7730,419.0,101.0,64
3,0.0,nn_cluster_grid_n2,7730,417.0,101.0,64
3,0.0,nn_cluster_grid_n3,7730,417.0,101.0,64
3,0.0,nn_cluster_grid_n4,7730,417.0,101.0,64
3,0.0,nn_cluster_grid_n5,7730,417.0,101.0,64
3,0.0,nn_dist_global,7730,419.0,102.0,64
3,0.0,nn_dist_grid_n1,7730,420.0,102.0,64
3,0.0,nn_dist_grid_n2,7730,419.0,102.0,64
3,0.0,nn_dist_grid_n3,7730,419.0,102.0,64
3,0.0,nn_dist_grid_n4,7730,419.0,102.0,64
3,0.0,nn_dist_grid_n5,7730,419.0,102.0,64
3,0.0,none,7730,3122.5,726.9000000000001,500
3,0.025,iou_edgecrop_global,8095,290.0,67.0,32
3,0.025,iou_edgecrop_grid_n1,8095,290.0,67.0,32
3,0.025,iou_edgecrop_grid_n2,8095,290.0,67.0,32
3,0.025,iou_edgecrop_grid_n3,8095,290.0,67.0,32
3,0.025,iou_edgecrop_grid_n4,8095,290.0,67.0,32
3,0.025,iou_edgecrop_grid_n5,8095,290.0,67.0,32
3,0.025,iou_global,8095,421.0,101.70000000000005,62
3,0.025,iou_grid_n1,8095,422.0,101.70000000000005,62
3,0.025,iou_grid_n2,8095,420.0,101.70000000000005,62
3,0.025,iou_grid_n3,8095,421.0,101.70000000000005,62
3,0.025,iou_grid_n4,8095,421.0,101.70000000000005,62
3,0.025,iou_grid_n5,8095,421.0,101.70000000000005,62
3,0.025,nn_center_global,8095,393.0,97.70000000000005,60
3,0.025,nn_center_grid_n1,8095,420.0,101.0,62
3,0.025,nn_center_grid_n2,8095,391.0,97.0,59
3,0.025,nn_center_grid_n3,8095,392.0,97.0,60
3,0.025,nn_center_grid_n4,8095,392.0,97.70000000000005,59
3,0.025,nn_center_grid_n5,8095,392.0,97.0,59
3,0.025,nn_cluster_global,8095,409.0,100.0,59
3,0.025,nn_cluster_grid_n1,8095,421.0,102.0,60
3,0.025,nn_cluster_grid_n2,8095,409.0,100.0,59
3,0.025,nn_cluster_grid_n3,8095,409.0,100.0,59
3,0.025,nn_cluster_grid_n4,8095,409.0,100.0,59
3,0.025,nn_cluster_grid_n5,8095,409.0,100.0,59
3,0.025,nn_dist_global,8095,412.0,100.0,60
3,0.025,nn_dist_grid_n1,8095,423.0,102.0,61
3,0.025,nn_dist_grid_n2,8095,412.0,100.0,60
3,0.025,nn_dist_grid_n3,8095,412.0,100.0,60
3,0.025,nn_dist_grid_n4,8095,412.0,100.0,60
3,0.025,nn_dist_grid_n5,8095,412.0,100.0,60
3,0.025,none,8095,3121.0,733.7,500
3,0.05,iou_edgecrop_global,8497,292.0,65.80000000000001,33
3,0.05,iou_edgecrop_grid_n1,8497,292.0,65.80000000000001,33
3,0.05,iou_edgecrop_grid_n2,8497,292.0,65.80000000000001,33
3,0.05,iou_edgecrop_grid_n3,8497,292.0,65.80000000000001,33
3,0.05,iou_edgecrop_grid_n4,8497,292.0,65.80000000000001,33
3,0.05,iou_edgecrop_grid_n5,8497,292.0,65.80000000000001,33
3,0.05,iou_global,8497,410.0,97.0,65
3,0.05,iou_grid_n1,8497,425.0,99.0,66
3,0.05,iou_grid_n2,8497,409.0,97.0,65
3,0.05,iou_grid_n3,8497,409.0,97.0,65
3,0.05,iou_grid_n4,8497,409.0,97.0,65
3,0.05,iou_grid_n5,8497,409.0,97.0,65
3,0.05,nn_center_global,8497,367.0,90.0,53
3,0.05,nn_center_grid_n1,8497,424.0,99.0,65
3,0.05,nn_center_grid_n2,8497,366.0,89.0,53
3,0.05,nn_center_grid_n3,8497,367.0,89.0,53
3,0.05,nn_center_grid_n4,8497,367.0,89.0,53
3,0.05,nn_center_grid_n5,8497,367.0,89.0,54
3,0.05,nn_cluster_global,8497,394.0,95.0,61
3,0.05,nn_cluster_grid_n1,8497,425.0,99.0,65
3,0.05,nn_cluster_grid_n2,8497,396.0,95.0,61
3,0.05,nn_cluster_grid_n3,8497,395.0,95.0,61
3,0.05,nn_cluster_grid_n4,8497,395.0,95.0,61
3,0.05,nn_cluster_grid_n5,8497,395.0,95.0,61
3,0.05,nn_dist_global,8497,400.0,96.0,61
3,0.05,nn_dist_grid_n1,8497,427.0,99.0,65
3,0.05,nn_dist_grid_n2,8497,400.0,96.0,61
3,0.05,nn_dist_grid_n3,8497,400.0,96.0,61
3,0.05,nn_dist_grid_n4,8497,400.0,96.0,61
3,0.05,nn_dist_grid_n5,8497,400.0,96.0,61
3,0.05,none,8497,3146.0,710.8000000000001,500
3,0.075,iou_edgecrop_global,8978,289.5,65.0,29
3,0.075,iou_edgecrop_grid_n1,8978,290.0,65.0,29
3,0.075,iou_edgecrop_grid_n2,8978,290.0,65.0,29
3,0.075,iou_edgecrop_grid_n3,8978,289.5,65.0,29
3,0.075,iou_edgecrop_grid_n4,8978,290.0,65.0,29
3,0.075,iou_edgecrop_grid_n5,8978,289.5,65.0,29
3,0.075,iou_global,8978,379.0,91.0,55
3,0.075,iou_grid_n1,8978,425.0,99.0,66
3,0.075,iou_grid_n2,8978,378.0,91.0,56
3,0.075,iou_grid_n3,8978,378.0,91.0,56
3,0.075,iou_grid_n4,8978,379.0,91.0,56
3,0.075,iou_grid_n5,8978,378.5,91.0,56
3,0.075,nn_center_global,8978,342.5,83.0,49
3,0.075,nn_center_grid_n1,8978,423.0,99.0,65
3,0.075,nn_center_grid_n2,8978,342.0,82.85000000000002,49
3,0.075,nn_center_grid_n3,8978,342.0,83.0,47
3,0.075,nn_center_grid_n4,8978,343.0,83.0,48
3,0.075,nn_center_grid_n5,8978,343.0,83.0,48
3,0.075,nn_cluster_global,8978,371.0,90.0,50
3,0.075,nn_cluster_grid_n1,8978,426.0,100.0,64
3,0.075,nn_cluster_grid_n2,8978,374.0,91.0,50
3,0.075,nn_cluster_grid_n3,8978,373.0,90.0,50
3,0.075,nn_cluster_grid_n4,8978,372.0,90.0,50
3,0.075,nn_cluster_grid_n5,8978,372.0,90.0,50
3,0.075,nn_dist_global,8978,382.0,91.0,53
3,0.075,nn_dist_grid_n1,8978,427.0,100.0,66
3,0.075,nn_dist_grid_n2,8978,380.0,91.0,52
3,0.075,nn_dist_grid_n3,8978,381.0,91.0,53
3,0.075,nn_dist_grid_n4,8978,381.0,92.0,54
3,0.075,nn_dist_grid_n5,8978,381.0,91.85000000000002,53
3,0.075,none,8978,3140.0,717.85,500
3,0.1,iou_edgecrop_global,9437,288.0,65.0,30
3,0.1,iou_edgecrop_grid_n1,9437,292.0,65.0,30
3,0.1,iou_edgecrop_grid_n2,9437,288.0,65.0,30
3,0.1,iou_edgecrop_grid_n3,9437,288.0,65.0,30
3,0.1,iou_edgecrop_grid_n4,9437,288.0,65.0,30
3,0.1,iou_edgecrop_grid_n5,9437,288.0,65.0,30
3,0.1,iou_global,9437,356.0,85.0,49
3,0.1,iou_grid_n1,9437,426.0,100.0,63
3,0.1,iou_grid_n2,9437,354.0,84.0,49
3,0.1,iou_grid_n3,9437,355.0,85.0,51
3,0.1,iou_grid_n4,9437,355.0,85.0,51
3,0.1,iou_grid_n5,9437,355.0,85.0,50
3,0.1,nn_center_global,9437,327.0,79.0,44
3,0.1,nn_center_grid_n1,9437,423.0,100.0,62
3,0.1,nn_center_grid_n2,9437,326.0,78.0,44
3,0.1,nn_center_grid_n3,9437,327.0,78.0,44
3,0.1,nn_center_grid_n4,9437,327.0,78.0,44
3,0.1,nn_center_grid_n5,9437,327.0,78.0,44
3,0.1,nn_cluster_global,9437,351.0,86.0,51
3,0.1,nn_cluster_grid_n1,9437,424.0,101.0,63
3,0.1,nn_cluster_grid_n2,9437,355.0,87.0,52
3,0.1,nn_cluster_grid_n3,9437,353.0,87.0,51
3,0.1,nn_cluster_grid_n4,9437,352.0,86.80000000000001,51
3,0.1,nn_cluster_grid_n5,9437,352.0,86.0,51
3,0.1,nn_dist_global,9437,361.0,88.0,53
3,0.1,nn_dist_grid_n1,9437,426.0,101.0,63
3,0.1,nn_dist_grid_n2,9437,360.0,88.0,53
3,0.1,nn_dist_grid_n3,9437,361.0,88.0,53
3,0.1,nn_dist_grid_n4,9437,361.0,88.0,53
3,0.1,nn_dist_grid_n5,9437,361.0,88.0,53
3,0.1,none,9437,3160.0,725.6,500
3,0.15,iou_edgecrop_global,10543,272.0,64.0,35
3,0.15,iou_edgecrop_grid_n1,10543,293.0,68.0,35
3,0.15,iou_edgecrop_grid_n2,10543,272.0,64.0,35
3,0.15,iou_edgecrop_grid_n3,10543,272.0,64.0,35
3,0.15,iou_edgecrop_grid_n4,10543,272.0,64.0,35
3,0.15,iou_edgecrop_grid_n5,10543,272.0,64.0,35
3,0.15,iou_global,10543,320.0,79.0,40
3,0.15,iou_grid_n1,10543,427.0,103.0,65
3,0.15,iou_grid_n2,10543,318.0,78.0,40
3,0.15,iou_grid_n3,10543,318.0,78.0,40
3,0.15,iou_grid_n4,10543,319.0,78.0,41
3,0.15,iou_grid_n5,10543,319.0,78.0,41
3,0.15,nn_center_global,10543,293.0,72.0,39
3,0.15,nn_center_grid_n1,10543,425.0,102.10000000000002,63
3,0.15,nn_center_grid_n2,10543,291.0,72.0,37
3,0.15,nn_center_grid_n3,10543,292.0,72.0,38
3,0.15,nn_center_grid_n4,10543,292.0,73.0,38
3,0.15,nn_center_grid_n5,10543,292.0,72.10000000000002,39
3,0.15,nn_cluster_global,10543,315.0,80.0,43
3,0.15,nn_cluster_grid_n1,10543,426.0,103.0,65
3,0.15,nn_cluster_grid_n2,10543,318.0,80.0,43
3,0.15,nn_cluster_grid_n3,10543,316.0,80.0,43
3,0.15,nn_cluster_grid_n4,10543,316.0,80.0,43
3,0.15,nn_cluster_grid_n5,10543,315.0,80.0,43
3,0.15,nn_dist_global,10543,323.0,82.0,42
3,0.15,nn_dist_grid_n1,10543,428.0,104.0,65
3,0.15,nn_dist_grid_n2,10543,322.0,82.0,42
3,0.15,nn_dist_grid_n3,10543,323.0,82.0,42
3,0.15,nn_dist_grid_n4,10543,323.0,82.0,40
3,0.15,nn_dist_grid_n5,10543,323.0,82.0,42
3,0.15,none,10543,3167.0,742.1,500
3,0.2,iou_edgecrop_global,11848,248.0,57.0,25
3,0.2,iou_edgecrop_grid_n1,11848,296.0,66.0,34
3,0.2,iou_edgecrop_grid_n2,11848,248.0,57.0,23
3,0.2,iou_edgecrop_grid_n3,11848,248.0,57.0,25
3,0.2,iou_edgecrop_grid_n4,11848,247.0,57.0,23
3,0.2,iou_edgecrop_grid_n5,11848,248.0,57.0,26
3,0.2,iou_global,11848,289.0,68.0,33
3,0.2,iou_grid_n1,11848,428.0,101.0,63
3,0.2,iou_grid_n2,11848,287.5,68.0,32
3,0.2,iou_grid_n3,11848,288.0,68.0,35
3,0.2,iou_grid_n4,11848,288.0,68.0,33
3,0.2,iou_grid_n5,11848,288.0,68.0,37
3,0.2,nn_center_global,11848,264.0,62.0,32
3,0.2,nn_center_grid_n1,11848,427.0,101.0,63
3,0.2,nn_center_grid_n2,11848,263.0,62.0,31
3,0.2,nn_center_grid_n3,11848,263.0,62.0,31
3,0.2,nn_center_grid_n4,11848,264.0,63.0,33
3,0.2,nn_center_grid_n5,11848,264.0,63.0,32
3,0.2,nn_cluster_global,11848,284.0,69.0,27
3,0.2,nn_cluster_grid_n1,11848,428.0,101.0,58
3,0.2,nn_cluster_grid_n2,11848,286.0,70.0,27
3,0.2,nn_cluster_grid_n3,11848,285.0,70.0,27
3,0.2,nn_cluster_grid_n4,11848,284.5,70.0,28
3,0.2,nn_cluster_grid_n5,11848,285.0,70.0,27
3,0.2,nn_dist_global,11848,291.0,72.0,28
3,0.2,nn_dist_grid_n1,11848,430.0,102.0,62
3,0.2,nn_dist_grid_n2,11848,290.0,71.0,29
3,0.2,nn_dist_grid_n3,11848,290.5,71.0,28
3,0.2,nn_dist_grid_n4,11848,291.0,71.0,28
3,0.2,nn_dist_grid_n5,11848,291.0,71.0,26
3,0.2,none,11848,3182.5,730.0,501
3,0.25,iou_edgecrop_global,13405,220.0,52.0,19
3,0.25,iou_edgecrop_grid_n1,13405,298.0,68.0,27
3,0.25,iou_edgecrop_grid_n2,13405,220.0,52.0,19
3,0.25,iou_edgecrop_grid_n3,13405,220.0,52.0,19
3,0.25,iou_edgecrop_grid_n4,13405,220.0,52.0,18
3,0.25,iou_edgecrop_grid_n5,13405,220.0,52.0,18
3,0.25,iou_global,13405,259.0,62.0,33
3,0.25,iou_grid_n1,13405,435.0,103.0,62
3,0.25,iou_grid_n2,13405,258.0,62.0,29
3,0.25,iou_grid_n3,13405,259.0,62.0,28
3,0.25,iou_grid_n4,13405,258.0,63.0,30
3,0.25,iou_grid_n5,13405,259.0,62.0,29
3,0.25,nn_center_global,13405,235.0,57.0,28
3,0.25,nn_center_grid_n1,13405,433.0,103.0,61
3,0.25,nn_center_grid_n2,13405,234.0,57.0,28
3,0.25,nn_center_grid_n3,13405,234.0,57.0,28
3,0.25,nn_center_grid_n4,13405,234.0,57.0,28
3,0.25,nn_center_grid_n5,13405,235.0,57.0,28
3,0.25,nn_cluster_global,13405,254.0,63.0,23
3,0.25,nn_cluster_grid_n1,13405,435.0,103.0,63
3,0.25,nn_cluster_grid_n2,13405,257.0,63.0,25
3,0.25,nn_cluster_grid_n3,13405,255.0,63.0,23
3,0.25,nn_cluster_grid_n4,13405,255.0,63.0,23
3,0.25,nn_cluster_grid_n5,13405,255.0,63.0,23
3,0.25,nn_dist_global,13405,262.0,65.0,29
3,0.25,nn_dist_grid_n1,13405,435.0,104.0,63
3,0.25,nn_dist_grid_n2,13405,261.0,65.0,28
3,0.25,nn_dist_grid_n3,13405,262.0,65.0,29
3,0.25,nn_dist_grid_n4,13405,262.0,65.0,30
3,0.25,nn_dist_grid_n5,13405,262.0,65.0,30
3,0.25,none,13405,3214.0,744.0,500
3,0.5,iou_edgecrop_global,29624,100.0,23.0,8
3,0.5,iou_edgecrop_grid_n1,29624,303.0,68.0,29
3,0.5,iou_edgecrop_grid_n2,29624,100.0,23.0,7
3,0.5,iou_edgecrop_grid_n3,29624,100.0,23.0,8
3,0.5,iou_edgecrop_grid_n4,29624,100.0,23.0,7
3,0.5,iou_edgecrop_grid_n5,29624,100.0,23.0,7
3,0.5,iou_global,29624,128.0,31.0,13
3,0.5,iou_grid_n1,29624,443.0,106.0,64
3,0.5,iou_grid_n2,29624,127.0,31.0,10
3,0.5,iou_grid_n3,29624,128.0,31.0,12
3,0.5,iou_grid_n4,29624,128.0,31.0,14
3,0.5,iou_grid_n5,29624,128.0,31.0,13
3,0.5,nn_center_global,29624,114.0,28.0,11
3,0.5,nn_center_grid_n1,29624,440.0,106.0,63
3,0.5,nn_center_grid_n2,29624,112.0,28.0,9
3,0.5,nn_center_grid_n3,29624,113.0,28.0,10
3,0.5,nn_center_grid_n4,29624,113.0,28.0,11
3,0.5,nn_center_grid_n5,29624,114.0,28.0,10
3,0.5,nn_cluster_global,29624,124.0,31.0,5
3,0.5,nn_cluster_grid_n1,29624,442.0,106.0,64
3,0.5,nn_cluster_grid_n2,29624,127.0,32.0,7
3,0.5,nn_cluster_grid_n3,29624,126.0,32.0,6
3,0.5,nn_cluster_grid_n4,29624,125.0,32.0,6
3,0.5,nn_cluster_grid_n5,29624,125.0,32.0,6
3,0.5,nn_dist_global,29624,131.0,33.0,11
3,0.5,nn_dist_grid_n1,29624,443.0,107.0,64
3,0.5,nn_dist_grid_n2,29624,130.0,33.0,11
3,0.5,nn_dist_grid_n3,29624,130.0,33.0,9
3,0.5,nn_dist_grid_n4,29624,130.0,33.0,11
3,0.5,nn_dist_grid_n5,29624,131.0,33.0,13
3,0.5,none,29624,3284.0,759.0,500
4,0.0,iou_edgecrop_global,4768,454.0,79.0,39
4,0.0,iou_edgecrop_grid_n1,4768,454.0,79.0,39
4,0.0,iou_edgecrop_grid_n2,4768,454.0,79.0,39
4,0.0,iou_edgecrop_grid_n3,4768,454.0,79.0,39
4,0.0,iou_edgecrop_grid_n4,4768,454.0,79.0,39
4,0.0,iou_edgecrop_grid_n5,4768,454.0,79.0,39
4,0.0,iou_global,4768,667.0,119.0,63
4,0.0,iou_grid_n1,4768,667.0,119.0,63
4,0.0,iou_grid_n2,4768,667.0,119.0,63
4,0.0,iou_grid_n3,4768,667.0,119.0,63
4,0.0,iou_grid_n4,4768,667.0,119.0,63
4,0.0,iou_grid_n5,4768,667.0,119.0,63
4,0.0,nn_center_global,4768,657.0,117.35000000000002,63
4,0.0,nn_center_grid_n1,4768,662.0,119.0,63
4,0.0,nn_center_grid_n2,4768,657.0,117.35000000000002,63
4,0.0,nn_center_grid_n3,4768,657.0,117.35000000000002,63
4,0.0,nn_center_grid_n4,4768,657.0,117.35000000000002,63
4,0.0,nn_center_grid_n5,4768,657.0,117.35000000000002,63
4,0.0,nn_cluster_global,4768,661.0,119.0,63
4,0.0,nn_cluster_grid_n1,4768,665.0,120.0,63
4,0.0,nn_cluster_grid_n2,4768,662.0,119.0,63
4,0.0,nn_cluster_grid_n3,4768,661.0,119.0,63
4,0.0,nn_cluster_grid_n4,4768,661.0,119.0,63
4,0.0,nn_cluster_grid_n5,4768,661.0,119.0,63
4,0.0,nn_dist_global,4768,665.5,119.35000000000002,63
4,0.0,nn_dist_grid_n1,4768,668.5,120.0,63
4,0.0,nn_dist_grid_n2,4768,666.0,119.35000000000002,63
4,0.0,nn_dist_grid_n3,4768,665.0,119.35000000000002,63
4,0.0,nn_dist_grid_n4,4768,665.5,119.35000000000002,63
4,0.0,nn_dist_grid_n5,4768,665.0,119.35000000000002,63
4,0.0,none,4768,4954.0,851.7,500
4,0.025,iou_edgecrop_global,4972,465.0,77.0,36
4,0.025,iou_edgecrop_grid_n1,4972,465.0,77.0,36
4,0.025,iou_edgecrop_grid_n2,4972,465.0,77.0,36
4,0.025,iou_edgecrop_grid_n3,4972,465.0,77.0,36
4,0.025,iou_edgecrop_grid_n4,4972,465.0,77.0,36
4,0.025,iou_edgecrop_grid_n5,4972,465.0,77.0,36
4,0.025,iou_global,4972,674.0,118.0,65
4,0.025,iou_grid_n1,4972,678.0,118.0,65
4,0.025,iou_grid_n2,4972,674.5,118.0,65
4,0.025,iou_grid_n3,4972,674.5,118.0,65
4,0.025,iou_grid_n4,4972,674.0,118.0,65
4,0.025,iou_grid_n5,4972,674.5,118.0,65
4,0.025,nn_center_global,4972,635.0,112.55000000000001,58
4,0.025,nn_center_grid_n1,4972,673.0,117.0,64
4,0.025,nn_center_grid_n2,4972,634.0,112.0,58
4,0.025,nn_center_grid_n3,4972,633.5,112.0,58
4,0.025,nn_center_grid_n4,4972,634.0,112.0,58
4,0.025,nn_center_grid_n5,4972,634.0,112.0,58
4,0.025,nn_cluster_global,4972,658.0,116.0,61
4,0.025,nn_cluster_grid_n1,4972,675.5,118.55000000000001,65
4,0.025,nn_cluster_grid_n2,4972,658.5,116.0,61
4,0.025,nn_cluster_grid_n3,4972,658.0,116.0,61
4,0.025,nn_cluster_grid_n4,4972,658.0,116.0,61
4,0.025,nn_cluster_grid_n5,4972,658.0,116.0,61
4,0.025,nn_dist_global,4972,663.0,117.0,61
4,0.025,nn_dist_grid_n1,4972,677.5,118.55000000000001,65
4,0.025,nn_dist_grid_n2,4972,662.0,117.0,61
4,0.025,nn_dist_grid_n3,4972,663.0,117.0,61
4,0.025,nn_dist_grid_n4,4972,663.0,117.0,61
4,0.025,nn_dist_grid_n5,4972,663.0,117.0,61
4,0.025,none,4972,5001.0,836.8500000000001,501
4,0.05,iou_edgecrop_global,5234,466.0,75.65000000000003,37
4,0.05,iou_edgecrop_grid_n1,5234,466.0,75.65000000000003,37
4,0.05,iou_edgecrop_grid_n2,5234,466.0,75.65000000000003,37
4,0.05,iou_edgecrop_grid_n3,5234,466.0,75.65000000000003,37
4,0.05,iou_edgecrop_grid_n4,5234,466.0,75.65000000000003,37
4,0.05,iou_edgecrop_grid_n5,5234,466.0,75.65000000000003,37
4,0.05,iou_global,5234,657.0,111.0,62
4,0.05,iou_grid_n1,5234,679.5,114.0,64
4,0.05,iou_grid_n2,5234,656.0,111.0,62
4,0.05,iou_grid_n3,5234,657.0,111.0,62
4,0.05,iou_grid_n4,5234,657.0,111.0,62
4,0.05,iou_grid_n5,5234,656.5,111.0,62
4,0.05,nn_center_global,5234,590.0,101.0,58
4,0.05,nn_center_grid_n1,5234,676.0,113.0,64
4,0.05,nn_center_grid_n2,5234,588.5,100.65000000000003,58
4,0.05,nn_center_grid_n3,5234,589.0,100.65000000000003,58
4,0.05,nn_center_grid_n4,5234,589.5,101.0,59
4,0.05,nn_center_grid_n5,5234,589.5,100.65000000000003,59
4,0.05,nn_cluster_global,5234,631.5,108.0,60
4,0.05,nn_cluster_grid_n1,5234,677.5,114.0,65
4,0.05,nn_cluster_grid_n2,5234,634.0,108.0,60
4,0.05,nn_cluster_grid_n3,5234,632.5,108.0,60
4,0.05,nn_cluster_grid_n4,5234,632.0,108.0,60
4,0.05,nn_cluster_grid_n5,5234,632.0,108.0,60
4,0.05,nn_dist_global,5234,641.0,109.65000000000003,61
4,0.05,nn_dist_grid_n1,5234,681.0,114.0,65
4,0.05,nn_dist_grid_n2,5234,640.0,109.0,61
4,0.05,nn_dist_grid_n3,5234,640.0,109.0,61
4,0.05,nn_dist_grid_n4,5234,640.5,109.0,61
4,0.05,nn_dist_grid_n5,5234,640.0,109.65000000000003,61
4,0.05,none,5234,5038.5,806.0,501
4,0.075,iou_edgecrop_global,5518,462.5,77.0,37
4,0.075,iou_edgecrop_grid_n1,5518,464.0,77.0,37
4,0.075,iou_edgecrop_grid_n2,5518,462.5,77.0,37
4,0.075,iou_edgecrop_grid_n3,5518,462.5,77.0,37
4,0.075,iou_edgecrop_grid_n4,5518,462.5,77.0,37
4,0.075,iou_edgecrop_grid_n5,5518,462.5,77.0,37
4,0.075,iou_global,5518,609.0,107.0,58
4,0.075,iou_grid_n1,5518,681.0,118.0,67
4,0.075,iou_grid_n2,5518,606.0,107.0,58
4,0.075,iou_grid_n3,5518,607.0,107.0,58
4,0.075,iou_grid_n4,5518,607.5,107.0,58
4,0.075,iou_grid_n5,5518,610.0,107.0,58
4,0.075,nn_center_global,5518,555.0,97.85000000000002,52
4,0.075,nn_center_grid_n1,5518,678.0,117.85000000000002,67
4,0.075,nn_center_grid_n2,5518,553.0,97.0,52
4,0.075,nn_center_grid_n3,5518,554.0,97.0,53
4,0.075,nn_center_grid_n4,5518,553.5,98.0,52
4,0.075,nn_center_grid_n5,5518,554.0,97.85000000000002,51
4,0.075,nn_cluster_global,5518,594.0,106.0,56
4,0.075,nn_cluster_grid_n1,5518,679.0,118.0,67
4,0.075,nn_cluster_grid_n2,5518,599.0,106.0,56
4,0.075,nn_cluster_grid_n3,5518,597.0,106.0,56
4,0.075,nn_cluster_grid_n4,5518,596.5,106.0,56
4,0.075,nn_cluster_grid_n5,5518,596.0,106.0,56
4,0.075,nn_dist_global,5518,610.0,107.85000000000002,56
4,0.075,nn_dist_grid_n1,5518,681.5,118.0,67
4,0.075,nn_dist_grid_n2,5518,608.5,107.0,56
4,0.075,nn_dist_grid_n3,5518,609.0,107.85000000000002,57
4,0.075,nn_dist_grid_n4,5518,610.0,107.0,56
4,0.075,nn_dist_grid_n5,5518,610.0,107.85000000000002,56
4,0.075,none,5518,5052.0,842.0,501
4,0.1,iou_edgecrop_global,5790,462.0,79.44999999999999,34
4,0.1,iou_edgecrop_grid_n1,5790,469.0,80.0,34
4,0.1,iou_edgecrop_grid_n2,5790,462.0,79.44999999999999,34
4,0.1,iou_edgecrop_grid_n3,5790,462.0,80.0,34
4,0.1,iou_edgecrop_grid_n4,5790,462.0,79.44999999999999,34
4,0.1,iou_edgecrop_grid_n5,5790,462.0,79.0,34
4,0.1,iou_global,5790,574.0,103.0,50
4,0.1,iou_grid_n1,5790,686.0,123.0,63
4,0.1,iou_grid_n2,5790,571.0,103.0,49
4,0.1,iou_grid_n3,5790,572.0,102.44999999999999,52
4,0.1,iou_grid_n4,5790,573.0,103.44999999999999,49
4,0.1,iou_grid_n5,5790,573.0,103.44999999999999,51
4,0.1,nn_center_global,5790,527.0,97.0,47
4,0.1,nn_center_grid_n1,5790,682.0,122.0,64
4,0.1,nn_center_grid_n2,5790,526.0,96.0,46
4,0.1,nn_center_grid_n3,5790,526.0,96.0,48
4,0.1,nn_center_grid_n4,5790,526.0,97.0,47
4,0.1,nn_center_grid_n5,5790,527.0,97.0,48
4,0.1,nn_cluster_global,5790,566.5,104.0,52
4,0.1,nn_cluster_grid_n1,5790,684.0,123.0,65
4,0.1,nn_cluster_grid_n2,5790,571.5,105.0,52
4,0.1,nn_cluster_grid_n3,5790,569.0,104.0,52
4,0.1,nn_cluster_grid_n4,5790,568.0,104.0,52
4,0.1,nn_cluster_grid_n5,5790,567.5,104.0,52
4,0.1,nn_dist_global,5790,582.0,107.0,53
4,0.1,nn_dist_grid_n1,5790,688.0,123.0,65
4,0.1,nn_dist_grid_n2,5790,580.0,107.0,54
4,0.1,nn_dist_grid_n3,5790,582.0,107.0,52
4,0.1,nn_dist_grid_n4,5790,581.5,107.0,52
4,0.1,nn_dist_grid_n5,5790,582.0,107.0,53
4,0.1,none,5790,5066.5,861.9,500
4,0.15,iou_edgecrop_global,6422,445.0,77.0,29
4,0.15,iou_edgecrop_grid_n1,6422,479.0,82.0,35
4,0.15,iou_edgecrop_grid_n2,6422,445.0,77.0,30
4,0.15,iou_edgecrop_grid_n3,6422,445.0,76.0,28
4,0.15,iou_edgecrop_grid_n4,6422,445.5,77.0,28
4,0.15,iou_edgecrop_grid_n5,6422,446.0,76.0,29
4,0.15,iou_global,6422,521.0,94.0,39
4,0.15,iou_grid_n1,6422,696.0,122.0,66
4,0.15,iou_grid_n2,6422,518.0,93.0,40
4,0.15,iou_grid_n3,6422,519.0,93.0,38
4,0.15,iou_grid_n4,6422,520.0,93.0,42
4,0.15,iou_grid_n5,6422,520.0,93.0,38
4,0.15,nn_center_global,6422,477.5,87.0,37
4,0.15,nn_center_grid_n1,6422,693.0,122.0,66
4,0.15,nn_center_grid_n2,6422,477.0,87.0,35
4,0.15,nn_center_grid_n3,6422,476.0,87.0,37
4,0.15,nn_center_grid_n4,6422,477.5,86.05000000000001,36
4,0.15,nn_center_grid_n5,6422,477.0,87.0,36
4,0.15,nn_cluster_global,6422,515.0,94.0,32
4,0.15,nn_cluster_grid_n1,6422,696.5,122.0,65
4,0.15,nn_cluster_grid_n2,6422,520.0,95.0,32
4,0.15,nn_cluster_grid_n3,6422,518.0,94.05000000000001,32
4,0.15,nn_cluster_grid_n4,6422,516.0,94.05000000000001,32
4,0.15,nn_cluster_grid_n5,6422,517.0,94.05000000000001,32
4,0.15,nn_dist_global,6422,530.0,97.0,38
4,0.15,nn_dist_grid_n1,6422,700.0,122.0,66
4,0.15,nn_dist_grid_n2,6422,527.0,97.0,39
4,0.15,nn_dist_grid_n3,6422,529.0,97.0,36
4,0.15,nn_dist_grid_n4,6422,529.0,97.0,38
4,0.15,nn_dist_grid_n5,6422,529.0,97.0,36
4,0.15,none,6422,5150.0,866.0,500
4,0.2,iou_edgecrop_global,7201,407.0,72.0,22
4,0.2,iou_edgecrop_grid_n1,7201,487.0,84.0,30
4,0.2,iou_edgecrop_grid_n2,7201,407.0,72.0,23
4,0.2,iou_edgecrop_grid_n3,7201,407.0,73.0,22
4,0.2,iou_edgecrop_grid_n4,7201,407.0,72.0,22
4,0.2,iou_edgecrop_grid_n5,7201,407.0,73.0,22
4,0.2,iou_global,7201,473.0,87.0,38
4,0.2,iou_grid_n1,7201,701.0,127.0,65
4,0.2,iou_grid_n2,7201,470.0,86.0,40
4,0.2,iou_grid_n3,7201,471.0,86.0,41
4,0.2,iou_grid_n4,7201,472.0,87.0,40
4,0.2,iou_grid_n5,7201,472.0,86.0,39
4,0.2,nn_center_global,7201,432.0,80.0,34
4,0.2,nn_center_grid_n1,7201,697.0,126.0,65
4,0.2,nn_center_grid_n2,7201,430.0,79.0,35
4,0.2,nn_center_grid_n3,7201,431.0,80.0,35
4,0.2,nn_center_grid_n4,7201,432.0,79.0,35
4,0.2,nn_center_grid_n5,7201,433.0,80.0,35
4,0.2,nn_cluster_global,7201,464.0,87.0,33
4,0.2,nn_cluster_grid_n1,7201,700.0,128.0,65
4,0.2,nn_cluster_grid_n2,7201,468.0,88.0,34
4,0.2,nn_cluster_grid_n3,7201,467.0,88.0,34
4,0.2,nn_cluster_grid_n4,7201,466.0,88.0,34
4,0.2,nn_cluster_grid_n5,7201,465.0,87.0,34
4,0.2,nn_dist_global,7201,477.0,89.0,38
4,0.2,nn_dist_grid_n1,7201,704.0,128.0,65
4,0.2,nn_dist_grid_n2,7201,476.0,89.0,39
4,0.2,nn_dist_grid_n3,7201,476.0,89.0,36
4,0.2,nn_dist_grid_n4,7201,476.0,90.0,38
4,0.2,nn_dist_grid_n5,7201,477.0,89.0,38
4,0.2,none,7201,5198.0,901.0,500
4,0.25,iou_edgecrop_global,8176,357.0,61.0,25
4,0.25,iou_edgecrop_grid_n1,8176,483.0,79.0,32
4,0.25,iou_edgecrop_grid_n2,8176,357.0,61.0,24
4,0.25,iou_edgecrop_grid_n3,8176,357.0,62.0,25
4,0.25,iou_edgecrop_grid_n4,8176,357.0,62.0,24
4,0.25,iou_edgecrop_grid_n5,8176,357.0,61.75,25
4,0.25,iou_global,8176,421.0,74.0,32
4,0.25,iou_grid_n1,8176,707.5,122.0,64
4,0.25,iou_grid_n2,8176,419.0,73.0,32
4,0.25,iou_grid_n3,8176,419.5,74.0,32
4,0.25,iou_grid_n4,8176,420.0,73.75,30
4,0.25,iou_grid_n5,8176,420.0,74.0,31
4,0.25,nn_center_global,8176,380.0,68.0,30
4,0.25,nn_center_grid_n1,8176,702.0,122.0,64
4,0.25,nn_center_grid_n2,8176,380.0,68.0,31
4,0.25,nn_center_grid_n3,8176,380.0,68.0,30
4,0.25,nn_center_grid_n4,8176,380.0,68.0,30
4,0.25,nn_center_grid_n5,8176,380.0,68.0,29
4,0.25,nn_cluster_global,8176,413.0,74.0,31
4,0.25,nn_cluster_grid_n1,8176,706.0,122.75,64
4,0.25,nn_cluster_grid_n2,8176,417.0,75.0,32
4,0.25,nn_cluster_grid_n3,8176,415.0,75.0,31
4,0.25,nn_cluster_grid_n4,8176,414.5,75.0,31
4,0.25,nn_cluster_grid_n5,8176,414.0,74.75,31
4,0.25,nn_dist_global,8176,426.0,77.0,32
4,0.25,nn_dist_grid_n1,8176,708.0,123.0,64
4,0.25,nn_dist_grid_n2,8176,424.0,77.0,33
4,0.25,nn_dist_grid_n3,8176,425.5,77.0,33
4,0.25,nn_dist_grid_n4,8176,425.0,77.0,33
4,0.25,nn_dist_grid_n5,8176,426.0,77.0,32
4,0.25,none,8176,5251.0,863.75,500
4,0.5,iou_edgecrop_global,17666,168.0,30.0,7
4,0.5,iou_edgecrop_grid_n1,17666,509.0,87.0,27
4,0.5,iou_edgecrop_grid_n2,17666,168.0,30.0,8
4,0.5,iou_edgecrop_grid_n3,17666,168.0,30.0,9
4,0.5,iou_edgecrop_grid_n4,17666,168.0,30.0,8
4,0.5,iou_edgecrop_grid_n5,17666,168.0,30.0,8
4,0.5,iou_global,17666,215.0,39.0,12
4,0.5,iou_grid_n1,17666,742.0,132.0,65
4,0.5,iou_grid_n2,17666,213.0,39.0,15
4,0.5,iou_grid_n3,17666,214.0,39.0,16
4,0.5,iou_grid_n4,17666,214.0,39.0,13
4,0.5,iou_grid_n5,17666,214.0,39.0,16
4,0.5,nn_center_global,17666,192.0,36.0,13
4,0.5,nn_center_grid_n1,17666,739.0,131.0,64
4,0.5,nn_center_grid_n2,17666,189.0,36.0,11
4,0.5,nn_center_grid_n3,17666,190.0,36.0,12
4,0.5,nn_center_grid_n4,17666,191.0,36.0,13
4,0.5,nn_center_grid_n5,17666,192.0,35.0,11
4,0.5,nn_cluster_global,17666,207.0,38.0,8
4,0.5,nn_cluster_grid_n1,17666,740.5,132.0,65
4,0.5,nn_cluster_grid_n2,17666,212.0,38.0,8
4,0.5,nn_cluster_grid_n3,17666,210.0,38.0,8
4,0.5,nn_cluster_grid_n4,17666,209.0,38.0,8
4,0.5,nn_cluster_grid_n5,17666,209.0,38.0,8
4,0.5,nn_dist_global,17666,219.0,42.0,14
4,0.5,nn_dist_grid_n1,17666,743.0,132.0,65
4,0.5,nn_dist_grid_n2,17666,217.0,42.0,13
4,0.5,nn_dist_grid_n3,17666,218.0,42.0,15
4,0.5,nn_dist_grid_n4,17666,218.0,42.0,11
4,0.5,nn_dist_grid_n5,17666,219.0,41.0,14
4,0.5,none,17666,5499.0,934.25,500
5,0.0,iou_edgecrop_global,3263,658.0,87.0,40
5,0.0,iou_edgecrop_grid_n1,3263,658.0,87.0,40
5,0.0,iou_edgecrop_grid_n2,3263,658.0,87.0,40
5,0.0,iou_edgecrop_grid_n3,3263,658.0,87.0,40
5,0.0,iou_edgecrop_grid_n4,3263,658.0,87.0,40
5,0.0,iou_edgecrop_grid_n5,3263,658.0,87.0,40
5,0.0,iou_global,3263,983.0,131.10000000000002,65
5,0.0,iou_grid_n1,3263,983.0,131.10000000000002,65
5,0.0,iou_grid_n2,3263,983.0,131.10000000000002,65
5,0.0,iou_grid_n3,3263,983.0,131.10000000000002,65
5,0.0,iou_grid_n4,3263,983.0,131.10000000000002,65
5,0.0,iou_grid_n5,3263,983.0,131.10000000000002,65
5,0.0,nn_center_global,3263,963.0,128.10000000000002,63
5,0.0,nn_center_grid_n1,3263,973.0,130.20000000000005,64
5,0.0,nn_center_grid_n2,3263,962.0,128.0,63
5,0.0,nn_center_grid_n3,3263,963.0,128.10000000000002,63
5,0.0,nn_center_grid_n4,3263,963.0,128.10000000000002,63
5,0.0,nn_center_grid_n5,3263,963.0,128.10000000000002,63
5,0.0,nn_cluster_global,3263,969.0,132.0,65
5,0.0,nn_cluster_grid_n1,3263,975.0,132.0,65
5,0.0,nn_cluster_grid_n2,3263,970.0,132.0,65
5,0.0,nn_cluster_grid_n3,3263,969.0,132.0,65
5,0.0,nn_cluster_grid_n4,3263,969.0,132.0,65
5,0.0,nn_cluster_grid_n5,3263,969.0,132.0,65
5,0.0,nn_dist_global,3263,977.0,132.0,65
5,0.0,nn_dist_grid_n1,3263,981.0,132.0,65
5,0.0,nn_dist_grid_n2,3263,977.0,132.0,65
5,0.0,nn_dist_grid_n3,3263,977.0,132.0,65
5,0.0,nn_dist_grid_n4,3263,977.0,132.0,65
5,0.0,nn_dist_grid_n5,3263,977.0,132.0,65
5,0.0,none,3263,7211.0,917.2,502
5,0.025,iou_edgecrop_global,3440,657.0,83.0,34
5,0.025,iou_edgecrop_grid_n1,3440,657.0,83.0,34
5,0.025,iou_edgecrop_grid_n2,3440,657.0,83.0,34
5,0.025,iou_edgecrop_grid_n3,3440,657.0,83.0,34
5,0.025,iou_edgecrop_grid_n4,3440,657.0,83.0,34
5,0.025,iou_edgecrop_grid_n5,3440,657.0,83.0,34
5,0.025,iou_global,3440,969.0,125.0,67
5,0.025,iou_grid_n1,3440,971.0,125.95000000000002,67
5,0.025,iou_grid_n2,3440,969.0,125.0,67
5,0.025,iou_grid_n3,3440,969.0,125.0,67
5,0.025,iou_grid_n4,3440,969.0,125.0,67
5,0.025,iou_grid_n5,3440,969.0,125.0,67
5,0.025,nn_center_global,3440,912.0,120.0,62
5,0.025,nn_center_grid_n1,3440,965.0,125.95000000000002,67
5,0.025,nn_center_grid_n2,3440,909.5,119.95000000000002,62
5,0.025,nn_center_grid_n3,3440,911.0,120.0,62
5,0.025,nn_center_grid_n4,3440,911.0,120.0,63
5,0.025,nn_center_grid_n5,3440,911.5,120.0,63
5,0.025,nn_cluster_global,3440,948.0,121.95000000000002,65
5,0.025,nn_cluster_grid_n1,3440,970.0,125.95000000000002,67
5,0.025,nn_cluster_grid_n2,3440,948.5,121.95000000000002,66
5,0.025,nn_cluster_grid_n3,3440,948.0,121.95000000000002,66
5,0.025,nn_cluster_grid_n4,3440,948.0,121.95000000000002,66
5,0.025,nn_cluster_grid_n5,3440,948.0,121.95000000000002,66
5,0.025,nn_dist_global,3440,953.0,123.0,67
5,0.025,nn_dist_grid_n1,3440,973.5,125.95000000000002,67
5,0.025,nn_dist_grid_n2,3440,953.0,123.0,67
5,0.025,nn_dist_grid_n3,3440,952.5,123.0,67
5,0.025,nn_dist_grid_n4,3440,953.0,123.0,67
5,0.025,nn_dist_grid_n5,3440,953.0,123.0,67
5,0.025,none,3440,7158.0,877.75,501
5,0.05,iou_edgecrop_global,3637,654.0,89.0,37
5,0.05,iou_edgecrop_grid_n1,3637,654.0,89.0,37
5,0.05,iou_edgecrop_grid_n2,3637,654.0,89.0,37
5,0.05,iou_edgecrop_grid_n3,3637,654.0,89.0,37
5,0.05,iou_edgecrop_grid_n4,3637,654.0,89.0,37
5,0.05,iou_edgecrop_grid_n5,3637,654.0,89.0,37
5,0.05,iou_global,3637,930.0,131.0,65
5,0.05,iou_grid_n1,3637,967.0,135.0,66
5,0.05,iou_grid_n2,3637,929.0,131.0,65
5,0.05,iou_grid_n3,3637,930.0,131.0,65
5,0.05,iou_grid_n4,3637,930.0,130.8,65
5,0.05,iou_grid_n5,3637,930.0,130.8,65
5,0.05,nn_center_global,3637,833.0,119.80000000000001,53
5,0.05,nn_center_grid_n1,3637,958.0,135.0,66
5,0.05,nn_center_grid_n2,3637,830.0,119.0,53
5,0.05,nn_center_grid_n3,3637,832.0,119.80000000000001,53
5,0.05,nn_center_grid_n4,3637,833.0,119.80000000000001,53
5,0.05,nn_center_grid_n5,3637,833.0,119.80000000000001,53
5,0.05,nn_cluster_global,3637,896.0,126.0,58
5,0.05,nn_cluster_grid_n1,3637,962.0,135.0,66
5,0.05,nn_cluster_grid_n2,3637,900.0,126.80000000000001,61
5,0.05,nn_cluster_grid_n3,3637,899.0,126.80000000000001,61
5,0.05,nn_cluster_grid_n4,3637,898.0,126.0,59
5,0.05,nn_cluster_grid_n5,3637,897.0,126.0,58
5,0.05,nn_dist_global,3637,912.0,128.0,63
5,0.05,nn_dist_grid_n1,3637,964.0,135.8,66
5,0.05,nn_dist_grid_n2,3637,910.0,128.0,63
5,0.05,nn_dist_grid_n3,3637,910.0,128.0,63
5,0.05,nn_dist_grid_n4,3637,911.0,128.0,63
5,0.05,nn_dist_grid_n5,3637,912.0,128.0,63
5,0.05,none,3637,7115.0,948.8,500
5,0.075,iou_edgecrop_global,3810,659.5,90.0,36
5,0.075,iou_edgecrop_grid_n1,3810,661.0,90.0,36
5,0.075,iou_edgecrop_grid_n2,3810,659.5,90.0,36
5,0.075,iou_edgecrop_grid_n3,3810,659.5,90.0,36
5,0.075,iou_edgecrop_grid_n4,3810,659.5,90.0,36
5,0.075,iou_edgecrop_grid_n5,3810,659.5,90.0,36
5,0.075,iou_global,3810,873.0,123.0,60
5,0.075,iou_grid_n1,3810,975.0,136.0,66
5,0.075,iou_grid_n2,3810,866.5,123.0,59
5,0.075,iou_grid_n3,3810,869.0,123.0,59
5,0.075,iou_grid_n4,3810,870.5,122.45000000000002,61
5,0.075,iou_grid_n5,3810,870.0,123.0,60
5,0.075,nn_center_global,3810,791.5,114.0,54
5,0.075,nn_center_grid_n1,3810,966.5,135.45000000000002,66
5,0.075,nn_center_grid_n2,3810,788.5,113.0,53
5,0.075,nn_center_grid_n3,3810,788.5,113.0,53
5,0.075,nn_center_grid_n4,3810,789.0,114.0,55
5,0.075,nn_center_grid_n5,3810,789.0,114.0,53
5,0.075,nn_cluster_global,3810,854.0,121.45000000000002,56
5,0.075,nn_cluster_grid_n1,3810,974.5,135.45000000000002,66
5,0.075,nn_cluster_grid_n2,3810,860.0,122.0,57
5,0.075,nn_cluster_grid_n3,3810,856.5,122.0,56
5,0.075,nn_cluster_grid_n4,3810,856.0,121.45000000000002,56
5,0.075,nn_cluster_grid_n5,3810,856.0,121.45000000000002,56
5,0.075,nn_dist_global,3810,873.0,124.0,57
5,0.075,nn_dist_grid_n1,3810,977.5,136.0,66
5,0.075,nn_dist_grid_n2,3810,872.0,124.0,57
5,0.075,nn_dist_grid_n3,3810,873.0,124.0,56
5,0.075,nn_dist_grid_n4,3810,873.5,124.0,58
5,0.075,nn_dist_grid_n5,3810,872.5,124.0,58
5,0.075,none,3810,7180.0,962.45,502
5,0.1,iou_edgecrop_global,3959,659.0,94.0,32
5,0.1,iou_edgecrop_grid_n1,3959,669.0,95.0,32
5,0.1,iou_edgecrop_grid_n2,3959,659.0,94.0,32
5,0.1,iou_edgecrop_grid_n3,3959,659.0,94.0,32
5,0.1,iou_edgecrop_grid_n4,3959,659.0,94.0,32
5,0.1,iou_edgecrop_grid_n5,3959,659.0,94.0,32
5,0.1,iou_global,3959,826.0,120.0,51
5,0.1,iou_grid_n1,3959,986.0,142.9,64
5,0.1,iou_grid_n2,3959,822.0,119.9,52
5,0.1,iou_grid_n3,3959,825.0,120.0,52
5,0.1,iou_grid_n4,3959,826.0,119.0,51
5,0.1,iou_grid_n5,3959,826.0,119.9,52
5,0.1,nn_center_global,3959,755.0,112.0,47
5,0.1,nn_center_grid_n1,3959,980.0,139.0,65
5,0.1,nn_center_grid_n2,3959,753.0,111.0,47
5,0.1,nn_center_grid_n3,3959,755.0,111.9,47
5,0.1,nn_center_grid_n4,3959,755.0,112.0,47
5,0.1,nn_center_grid_n5,3959,755.0,111.0,47
5,0.1,nn_cluster_global,3959,819.0,121.0,55
5,0.1,nn_cluster_grid_n1,3959,985.0,142.0,65
5,0.1,nn_cluster_grid_n2,3959,826.0,123.0,56
5,0.1,nn_cluster_grid_n3,3959,823.0,122.0,55
5,0.1,nn_cluster_grid_n4,3959,821.0,121.0,56
5,0.1,nn_cluster_grid_n5,3959,822.0,122.0,55
5,0.1,nn_dist_global,3959,838.0,124.9,55
5,0.1,nn_dist_grid_n1,3959,989.0,142.9,65
5,0.1,nn_dist_grid_n2,3959,835.0,124.0,55
5,0.1,nn_dist_grid_n3,3959,836.0,124.9,57
5,0.1,nn_dist_grid_n4,3959,837.0,124.0,57
5,0.1,nn_dist_grid_n5,3959,837.0,124.0,55
5,0.1,none,3959,7311.0,1001.9,504
5,0.15,iou_edgecrop_global,4397,637.0,82.0,35
5,0.15,iou_edgecrop_grid_n1,4397,683.0,87.80000000000001,35
5,0.15,iou_edgecrop_grid_n2,4397,637.0,82.0,35
5,0.15,iou_edgecrop_grid_n3,4397,638.0,82.0,35
5,0.15,iou_edgecrop_grid_n4,4397,637.0,82.0,35
5,0.15,iou_edgecrop_grid_n5,4397,638.0,82.0,35
5,0.15,iou_global,4397,757.0,102.0,47
5,0.15,iou_grid_n1,4397,1005.0,137.0,68
5,0.15,iou_grid_n2,4397,753.0,101.0,45
5,0.15,iou_grid_n3,4397,755.0,102.0,45
5,0.15,iou_grid_n4,4397,755.0,101.0,45
5,0.15,iou_grid_n5,4397,756.0,102.0,46
5,0.15,nn_center_global,4397,693.0,94.0,38
5,0.15,nn_center_grid_n1,4397,1001.0,136.0,68
5,0.15,nn_center_grid_n2,4397,689.0,94.0,39
5,0.15,nn_center_grid_n3,4397,691.0,94.80000000000001,39
5,0.15,nn_center_grid_n4,4397,690.0,94.0,38
5,0.15,nn_center_grid_n5,4397,692.0,94.0,37
5,0.15,nn_cluster_global,4397,749.0,103.0,43
5,0.15,nn_cluster_grid_n1,4397,1001.0,136.0,65
5,0.15,nn_cluster_grid_n2,4397,755.0,104.0,44
5,0.15,nn_cluster_grid_n3,4397,751.0,103.0,43
5,0.15,nn_cluster_grid_n4,4397,750.0,103.0,44
5,0.15,nn_cluster_grid_n5,4397,750.0,103.0,43
5,0.15,nn_dist_global,4397,768.0,105.0,44
5,0.15,nn_dist_grid_n1,4397,1005.0,137.0,68
5,0.15,nn_dist_grid_n2,4397,766.0,105.0,46
5,0.15,nn_dist_grid_n3,4397,767.0,105.0,46
5,0.15,nn_dist_grid_n4,4397,768.0,105.0,45
5,0.15,nn_dist_grid_n5,4397,768.0,105.80000000000001,46
5,0.15,none,4397,7437.0,963.6,504
5,0.2,iou_edgecrop_global,4928,578.0,80.0,28
5,0.2,iou_edgecrop_grid_n1,4928,686.0,94.35000000000002,33
5,0.2,iou_edgecrop_grid_n2,4928,578.5,80.0,28
5,0.2,iou_edgecrop_grid_n3,4928,579.5,80.0,28
5,0.2,iou_edgecrop_grid_n4,4928,578.0,80.0,28
5,0.2,iou_edgecrop_grid_n5,4928,578.0,80.0,28
5,0.2,iou_global,4928,677.5,95.0,42
5,0.2,iou_grid_n1,4928,1005.5,139.0,68
5,0.2,iou_grid_n2,4928,675.0,94.0,42
5,0.2,iou_grid_n3,4928,676.0,94.35000000000002,42
5,0.2,iou_grid_n4,4928,676.0,95.0,43
5,0.2,iou_grid_n5,4928,676.0,94.0,42
5,0.2,nn_center_global,4928,618.5,89.0,34
5,0.2,nn_center_grid_n1,4928,1002.5,140.0,69
5,0.2,nn_center_grid_n2,4928,617.0,88.35000000000002,35
5,0.2,nn_center_grid_n3,4928,616.5,89.0,34
5,0.2,nn_center_grid_n4,4928,618.0,89.0,34
5,0.2,nn_center_grid_n5,4928,617.5,89.0,34
5,0.2,nn_cluster_global,4928,668.0,95.0,45
5,0.2,nn_cluster_grid_n1,4928,1003.0,139.35000000000002,69
5,0.2,nn_cluster_grid_n2,4928,675.0,96.0,45
5,0.2,nn_cluster_grid_n3,4928,672.0,96.0,45
5,0.2,nn_cluster_grid_n4,4928,671.0,95.35000000000002,45
5,0.2,nn_cluster_grid_n5,4928,670.0,96.0,45
5,0.2,nn_dist_global,4928,686.5,98.0,47
5,0.2,nn_dist_grid_n1,4928,1008.5,140.0,69
5,0.2,nn_dist_grid_n2,4928,684.0,97.35000000000002,46
5,0.2,nn_dist_grid_n3,4928,686.0,97.35000000000002,47
5,0.2,nn_dist_grid_n4,4928,686.0,98.0,46
5,0.2,nn_dist_grid_n5,4928,685.5,97.35000000000002,46
5,0.2,none,4928,7450.0,978.7,503
5,0.25,iou_edgecrop_global,5542,523.0,71.0,27
5,0.25,iou_edgecrop_grid_n1,5542,706.5,93.05000000000001,37
5,0.25,iou_edgecrop_grid_n2,5542,522.0,71.0,27
5,0.25,iou_edgecrop_grid_n3,5542,522.5,71.05000000000001,27
5,0.25,iou_edgecrop_grid_n4,5542,523.0,71.05000000000001,25
5,0.25,iou_edgecrop_grid_n5,5542,522.0,71.0,30
5,0.25,iou_global,5542,617.0,85.0,32
5,0.25,iou_grid_n1,5542,1029.0,143.0,67
5,0.25,iou_grid_n2,5542,613.0,84.0,37
5,0.25,iou_grid_n3,5542,614.0,85.0,36
5,0.25,iou_grid_n4,5542,616.0,85.0,38
5,0.25,iou_grid_n5,5542,615.0,85.05000000000001,37
5,0.25,nn_center_global,5542,559.0,80.0,32
5,0.25,nn_center_grid_n1,5542,1024.0,143.0,69
5,0.25,nn_center_grid_n2,5542,555.0,79.0,32
5,0.25,nn_center_grid_n3,5542,558.0,79.0,33
5,0.25,nn_center_grid_n4,5542,556.5,79.0,31
5,0.25,nn_center_grid_n5,5542,558.0,79.0,34
5,0.25,nn_cluster_global,5542,603.5,86.0,32
5,0.25,nn_cluster_grid_n1,5542,1026.5,143.0,69
5,0.25,nn_cluster_grid_n2,5542,610.0,87.0,32
5,0.25,nn_cluster_grid_n3,5542,607.0,86.0,32
5,0.25,nn_cluster_grid_n4,5542,606.0,87.0,32
5,0.25,nn_cluster_grid_n5,5542,605.0,86.0,32
5,0.25,nn_dist_global,5542,624.0,89.0,37
5,0.25,nn_dist_grid_n1,5542,1031.0,143.0,69
5,0.25,nn_dist_grid_n2,5542,620.0,88.0,38
5,0.25,nn_dist_grid_n3,5542,621.0,89.0,38
5,0.25,nn_dist_grid_n4,5542,621.0,88.0,38
5,0.25,nn_dist_grid_n5,5542,621.0,87.0,40
5,0.25,none,5542,7633.0,981.1,503
5,0.5,iou_edgecrop_global,11800,250.0,36.0,10
5,0.5,iou_edgecrop_grid_n1,11800,756.0,103.0,26
5,0.5,iou_edgecrop_grid_n2,11800,250.0,35.0,8
5,0.5,iou_edgecrop_grid_n3,11800,250.0,35.950000000000045,7
5,0.5,iou_edgecrop_grid_n4,11800,250.0,35.0,9
5,0.5,iou_edgecrop_grid_n5,11800,250.0,35.0,6
5,0.5,iou_global,11800,319.0,47.0,16
5,0.5,iou_grid_n1,11800,1104.0,161.0,66
5,0.5,iou_grid_n2,11800,316.0,48.0,17
5,0.5,iou_grid_n3,11800,317.0,48.0,15
5,0.5,iou_grid_n4,11800,318.0,47.0,16
5,0.5,iou_grid_n5,11800,319.0,47.0,14
5,0.5,nn_center_global,11800,286.0,44.0,14
5,0.5,nn_center_grid_n1,11800,1099.0,159.95000000000005,58
5,0.5,nn_center_grid_n2,11800,280.0,43.0,11
5,0.5,nn_center_grid_n3,11800,283.0,44.0,14
5,0.5,nn_center_grid_n4,11800,284.0,43.0,14
5,0.5,nn_center_grid_n5,11800,284.0,43.0,13
5,0.5,nn_cluster_global,11800,310.0,47.0,10
5,0.5,nn_cluster_grid_n1,11800,1104.0,161.0,66
5,0.5,nn_cluster_grid_n2,11800,318.0,48.0,11
5,0.5,nn_cluster_grid_n3,11800,314.0,47.0,10
5,0.5,nn_cluster_grid_n4,11800,313.0,47.0,10
5,0.5,nn_cluster_grid_n5,11800,312.0,47.0,10
5,0.5,nn_dist_global,11800,325.0,51.0,14
5,0.5,nn_dist_grid_n1,11800,1107.0,162.0,66
5,0.5,nn_dist_grid_n2,11800,323.0,51.0,14
5,0.5,nn_dist_grid_n3,11800,324.0,50.0,16
5,0.5,nn_dist_grid_n4,11800,324.0,51.0,14
5,0.5,nn_dist_grid_n5,11800,325.0,51.0,17
5,0.5,none,11800,8142.5,1116.9,500
