setting,nms_method,coord,n,median,ci_low,ci_high,equivalent
s=0.5 (study),iou_grid_n1,alr_Eos,76,0.11609117635332478,0.09472726311407476,0.1390662515526797,True
s=0.5 (study),iou_grid_n1,alr_Mac,76,-0.06467175563192074,-0.09705790883455745,-0.056436756637848,True
s=0.5 (study),iou_grid_n1,alr_Neu,76,0.06255124699103798,0.042467520147343674,0.08307993180312856,True
s=0.5 (study),nn_dist_grid_n1,alr_Eos,76,0.29857231114001537,0.22504081877801396,0.34181176537344266,False
s=0.5 (study),nn_dist_grid_n1,alr_Mac,76,-0.06216414022780714,-0.10230342357994782,-0.042293423228236204,True
s=0.5 (study),nn_dist_grid_n1,alr_Neu,76,0.09306547114982966,0.045028394113973746,0.10599132837344527,True
s=0.5 (study),nn_dist_grid_n2,alr_Eos,76,0.31011216824921073,0.2436777054546444,0.35545898340259635,False
s=0.5 (study),nn_dist_grid_n2,alr_Mac,76,-0.044280089255783195,-0.08721655222814728,-0.024127184257824508,True
s=0.5 (study),nn_dist_grid_n2,alr_Neu,76,0.10441485799785533,0.05511658243478479,0.11750922267697807,True
s=0.5 (study),nn_dist_grid_n3,alr_Eos,76,0.31001564625798395,0.2432362724117052,0.3551517707666208,False
s=0.5 (study),nn_dist_grid_n3,alr_Mac,76,-0.04463293789257894,-0.08761217174721081,-0.024432597507136333,True
s=0.5 (study),nn_dist_grid_n3,alr_Neu,76,0.10434591625351997,0.05498140163025278,0.11739996198259187,True
s=0.5 (study),nn_dist_grid_n4,alr_Eos,76,0.3098548176677074,0.24297907976435407,0.35520563965804036,False
s=0.5 (study),nn_dist_grid_n4,alr_Mac,76,-0.044729442972301414,-0.08752906085283474,-0.02435808512608023,True
s=0.5 (study),nn_dist_grid_n4,alr_Neu,76,0.10420806127608195,0.05457596882518567,0.11721917021676398,True
s=0.5 (study),nn_dist_grid_n5,alr_Eos,76,0.3098548176677074,0.24303019321773145,0.35498234741295176,False
s=0.5 (study),nn_dist_grid_n5,alr_Mac,76,-0.04489893950215562,-0.08777561194245553,-0.024346614375161835,True
s=0.5 (study),nn_dist_grid_n5,alr_Neu,76,0.10427698401380237,0.05484623909710118,0.11735529247702015,True
s=0.5 (study),nn_dist_global,alr_Eos,76,0.30979050071366965,0.24274976586659713,0.3550430049835729,False
s=0.5 (study),nn_dist_global,alr_Mac,76,-0.04522185939819989,-0.08787882743849362,-0.024673285721842027,True
s=0.5 (study),nn_dist_global,alr_Neu,76,0.10420806127608184,0.054440861076550995,0.11711079676199865,True
s=0.5 (study),nn_center_grid_n1,alr_Eos,76,0.29116319105163946,0.2195448886355301,0.3314013059053702,False
s=0.5 (study),nn_center_grid_n1,alr_Mac,76,-0.0981438667250808,-0.12446881017827433,-0.07647901286926712,True
s=0.5 (study),nn_center_grid_n1,alr_Neu,76,0.07621306992490018,0.04102144338081937,0.08854351890017176,True
s=0.5 (study),nn_center_grid_n2,alr_Eos,76,0.29580232990684174,0.22795575700252543,0.3387719843904664,False
s=0.5 (study),nn_center_grid_n2,alr_Mac,76,-0.10541556450836953,-0.13173806747691177,-0.08441868929528076,True
s=0.5 (study),nn_center_grid_n2,alr_Neu,76,0.07832639671381092,0.050998871924210674,0.09737018465483549,True
s=0.5 (study),nn_center_grid_n3,alr_Eos,76,0.295762332573309,0.22779629446494112,0.3387583331363251,False
s=0.5 (study),nn_center_grid_n3,alr_Mac,76,-0.1053595695767151,-0.13138435551135177,-0.08406982873110246,True
s=0.5 (study),nn_center_grid_n3,alr_Neu,76,0.07816329865353866,0.05102649775877286,0.09699314238271373,True
s=0.5 (study),nn_center_grid_n4,alr_Eos,76,0.29572233843909435,0.2276652615028279,0.33861051175867374,False
s=0.5 (study),nn_center_grid_n4,alr_Mac,76,-0.10489381566331124,-0.13165463109691494,-0.08404197465129873,True
s=0.5 (study),nn_center_grid_n4,alr_Neu,76,0.07799052237723636,0.0510242094331803,0.09707259719376682,True
s=0.5 (study),nn_center_grid_n5,alr_Eos,76,0.2957756646623151,0.22777706566952038,0.33852979499362634,False
s=0.5 (study),nn_center_grid_n5,alr_Mac,76,-0.1052023190779412,-0.1315382183457557,-0.08429762583690911,True
s=0.5 (study),nn_center_grid_n5,alr_Neu,76,0.07805480871099957,0.051133637086400986,0.09679128968982775,True
s=0.5 (study),nn_center_global,alr_Eos,76,0.29574900083978295,0.22752463347752033,0.33840859811359136,False
s=0.5 (study),nn_center_global,alr_Mac,76,-0.1050185028753774,-0.13131413101382539,-0.08412373283254257,True
s=0.5 (study),nn_center_global,alr_Neu,76,0.07799284711523846,0.05113132536791524,0.09658948497638975,True
s=0.5 (study),nn_cluster_grid_n1,alr_Eos,76,0.30934993087755003,0.24280260514040064,0.3540255118421358,False
s=0.5 (study),nn_cluster_grid_n1,alr_Mac,76,-0.058428037652906495,-0.09971167898302435,-0.03350324248259079,True
s=0.5 (study),nn_cluster_grid_n1,alr_Neu,76,0.09579492733417638,0.04770864230117322,0.11554290859397964,True
s=0.5 (study),nn_cluster_grid_n2,alr_Eos,76,0.324993576157959,0.2650336415365635,0.36836987664149023,False
s=0.5 (study),nn_cluster_grid_n2,alr_Mac,76,-0.03689224523594481,-0.0804554600640296,-0.012843504569064357,True
s=0.5 (study),nn_cluster_grid_n2,alr_Neu,76,0.11251566488428966,0.06120298752556952,0.13215564458416487,True
s=0.5 (study),nn_cluster_grid_n3,alr_Eos,76,0.32753645240463825,0.26700564080546596,0.36994731459801056,False
s=0.5 (study),nn_cluster_grid_n3,alr_Mac,76,-0.03597409404565732,-0.07938655305198328,-0.011995864842964887,True
s=0.5 (study),nn_cluster_grid_n3,alr_Neu,76,0.11384227781828538,0.06275658700947329,0.13313062021818894,True
s=0.5 (study),nn_cluster_grid_n4,alr_Eos,76,0.32784309338148243,0.2683681847871626,0.37026686146191756,False
s=0.5 (study),nn_cluster_grid_n4,alr_Mac,76,-0.035939133991666594,-0.0796456204152921,-0.011528390724820092,True
s=0.5 (study),nn_cluster_grid_n4,alr_Neu,76,0.1144116679783097,0.062238452282855405,0.13330083651440305,True
s=0.5 (study),nn_cluster_grid_n5,alr_Eos,76,0.3285446940228025,0.26847298206305004,0.3705325881220938,False
s=0.5 (study),nn_cluster_grid_n5,alr_Mac,76,-0.03542625099408436,-0.0790231602673035,-0.011276720383428807,True
s=0.5 (study),nn_cluster_grid_n5,alr_Neu,76,0.11470627193735483,0.06301575508141743,0.13338735755035883,True
s=0.5 (study),nn_cluster_global,alr_Eos,76,0.33001248361661517,0.27013815502837857,0.3710263304066861,False
s=0.5 (study),nn_cluster_global,alr_Mac,76,-0.03529848422700199,-0.07883507336411721,-0.010846338538741618,True
s=0.5 (study),nn_cluster_global,alr_Neu,76,0.11615458950242141,0.06327499033886408,0.13384839988558372,True
s=0.1,iou_grid_n1,alr_Eos,76,0.11609117635332478,0.09472726311407476,0.1390662515526797,True
s=0.1,iou_grid_n1,alr_Mac,76,-0.06467175563192074,-0.09705790883455745,-0.056436756637848,True
s=0.1,iou_grid_n1,alr_Neu,76,0.06255124699103798,0.042467520147343674,0.08307993180312856,True
s=0.1,nn_dist_grid_n1,alr_Eos,76,0.29857231114001537,0.22504081877801396,0.34181176537344266,False
s=0.1,nn_dist_grid_n1,alr_Mac,76,-0.06216414022780714,-0.10230342357994782,-0.042293423228236204,True
s=0.1,nn_dist_grid_n1,alr_Neu,76,0.09306547114982966,0.045028394113973746,0.10599132837344527,True
s=0.1,nn_dist_grid_n2,alr_Eos,76,0.31011216824921073,0.2436777054546444,0.35545898340259635,False
s=0.1,nn_dist_grid_n2,alr_Mac,76,-0.044280089255783195,-0.08721655222814728,-0.024127184257824508,True
s=0.1,nn_dist_grid_n2,alr_Neu,76,0.10441485799785533,0.05511658243478479,0.11750922267697807,True
s=0.1,nn_dist_grid_n3,alr_Eos,76,0.31001564625798395,0.2432362724117052,0.3551517707666208,False
s=0.1,nn_dist_grid_n3,alr_Mac,76,-0.04463293789257894,-0.08761217174721081,-0.024432597507136333,True
s=0.1,nn_dist_grid_n3,alr_Neu,76,0.10434591625351997,0.05498140163025278,0.11739996198259187,True
s=0.1,nn_dist_grid_n4,alr_Eos,76,0.3098548176677074,0.24297907976435407,0.35520563965804036,False
s=0.1,nn_dist_grid_n4,alr_Mac,76,-0.044729442972301414,-0.08752906085283474,-0.02435808512608023,True
s=0.1,nn_dist_grid_n4,alr_Neu,76,0.10420806127608195,0.05457596882518567,0.11721917021676398,True
s=0.1,nn_dist_grid_n5,alr_Eos,76,0.3098548176677074,0.24303019321773145,0.35498234741295176,False
s=0.1,nn_dist_grid_n5,alr_Mac,76,-0.04489893950215562,-0.08777561194245553,-0.024346614375161835,True
s=0.1,nn_dist_grid_n5,alr_Neu,76,0.10427698401380237,0.05484623909710118,0.11735529247702015,True
s=0.1,nn_dist_global,alr_Eos,76,0.30979050071366965,0.24274976586659713,0.3550430049835729,False
s=0.1,nn_dist_global,alr_Mac,76,-0.04522185939819989,-0.08787882743849362,-0.024673285721842027,True
s=0.1,nn_dist_global,alr_Neu,76,0.10420806127608184,0.054440861076550995,0.11711079676199865,True
s=0.1,nn_center_grid_n1,alr_Eos,76,0.29116319105163946,0.2195448886355301,0.3314013059053702,False
s=0.1,nn_center_grid_n1,alr_Mac,76,-0.0981438667250808,-0.12446881017827433,-0.07647901286926712,True
s=0.1,nn_center_grid_n1,alr_Neu,76,0.07621306992490018,0.04102144338081937,0.08854351890017176,True
s=0.1,nn_center_grid_n2,alr_Eos,76,0.29580232990684174,0.22795575700252543,0.3387719843904664,False
s=0.1,nn_center_grid_n2,alr_Mac,76,-0.10541556450836953,-0.13173806747691177,-0.08441868929528076,True
s=0.1,nn_center_grid_n2,alr_Neu,76,0.07832639671381092,0.050998871924210674,0.09737018465483549,True
s=0.1,nn_center_grid_n3,alr_Eos,76,0.295762332573309,0.22779629446494112,0.3387583331363251,False
s=0.1,nn_center_grid_n3,alr_Mac,76,-0.1053595695767151,-0.13138435551135177,-0.08406982873110246,True
s=0.1,nn_center_grid_n3,alr_Neu,76,0.07816329865353866,0.05102649775877286,0.09699314238271373,True
s=0.1,nn_center_grid_n4,alr_Eos,76,0.29572233843909435,0.2276652615028279,0.33861051175867374,False
s=0.1,nn_center_grid_n4,alr_Mac,76,-0.10489381566331124,-0.13165463109691494,-0.08404197465129873,True
s=0.1,nn_center_grid_n4,alr_Neu,76,0.07799052237723636,0.0510242094331803,0.09707259719376682,True
s=0.1,nn_center_grid_n5,alr_Eos,76,0.2957756646623151,0.22777706566952038,0.33852979499362634,False
s=0.1,nn_center_grid_n5,alr_Mac,76,-0.1052023190779412,-0.1315382183457557,-0.08429762583690911,True
s=0.1,nn_center_grid_n5,alr_Neu,76,0.07805480871099957,0.051133637086400986,0.09679128968982775,True
s=0.1,nn_center_global,alr_Eos,76,0.29574900083978295,0.22752463347752033,0.33840859811359136,False
s=0.1,nn_center_global,alr_Mac,76,-0.1050185028753774,-0.13131413101382539,-0.08412373283254257,True
s=0.1,nn_center_global,alr_Neu,76,0.07799284711523846,0.05113132536791524,0.09658948497638975,True
s=0.1,nn_cluster_grid_n1,alr_Eos,76,0.30934993087755003,0.24280260514040064,0.3540255118421358,False
s=0.1,nn_cluster_grid_n1,alr_Mac,76,-0.058428037652906495,-0.09971167898302435,-0.03350324248259079,True
s=0.1,nn_cluster_grid_n1,alr_Neu,76,0.09579492733417638,0.04770864230117322,0.11554290859397964,True
s=0.1,nn_cluster_grid_n2,alr_Eos,76,0.324993576157959,0.2650336415365635,0.36836987664149023,False
s=0.1,nn_cluster_grid_n2,alr_Mac,76,-0.03689224523594481,-0.0804554600640296,-0.012843504569064357,True
s=0.1,nn_cluster_grid_n2,alr_Neu,76,0.11251566488428966,0.06120298752556952,0.13215564458416487,True
s=0.1,nn_cluster_grid_n3,alr_Eos,76,0.32753645240463825,0.26700564080546596,0.36994731459801056,False
s=0.1,nn_cluster_grid_n3,alr_Mac,76,-0.03597409404565732,-0.07938655305198328,-0.011995864842964887,True
s=0.1,nn_cluster_grid_n3,alr_Neu,76,0.11384227781828538,0.06275658700947329,0.13313062021818894,True
s=0.1,nn_cluster_grid_n4,alr_Eos,76,0.32784309338148243,0.2683681847871626,0.37026686146191756,False
s=0.1,nn_cluster_grid_n4,alr_Mac,76,-0.035939133991666594,-0.0796456204152921,-0.011528390724820092,True
s=0.1,nn_cluster_grid_n4,alr_Neu,76,0.1144116679783097,0.062238452282855405,0.13330083651440305,True
s=0.1,nn_cluster_grid_n5,alr_Eos,76,0.3285446940228025,0.26847298206305004,0.3705325881220938,False
s=0.1,nn_cluster_grid_n5,alr_Mac,76,-0.03542625099408436,-0.0790231602673035,-0.011276720383428807,True
s=0.1,nn_cluster_grid_n5,alr_Neu,76,0.11470627193735483,0.06301575508141743,0.13338735755035883,True
s=0.1,nn_cluster_global,alr_Eos,76,0.33001248361661517,0.27013815502837857,0.3710263304066861,False
s=0.1,nn_cluster_global,alr_Mac,76,-0.03529848422700199,-0.07883507336411721,-0.010846338538741618,True
s=0.1,nn_cluster_global,alr_Neu,76,0.11615458950242141,0.06327499033886408,0.13384839988558372,True
s=1.0,iou_grid_n1,alr_Eos,76,0.11609117635332478,0.09472726311407476,0.1390662515526797,True
s=1.0,iou_grid_n1,alr_Mac,76,-0.06467175563192074,-0.09705790883455745,-0.056436756637848,True
s=1.0,iou_grid_n1,alr_Neu,76,0.06255124699103798,0.042467520147343674,0.08307993180312856,True
s=1.0,nn_dist_grid_n1,alr_Eos,76,0.29857231114001537,0.22504081877801396,0.34181176537344266,False
s=1.0,nn_dist_grid_n1,alr_Mac,76,-0.06216414022780714,-0.10230342357994782,-0.042293423228236204,True
s=1.0,nn_dist_grid_n1,alr_Neu,76,0.09306547114982966,0.045028394113973746,0.10599132837344527,True
s=1.0,nn_dist_grid_n2,alr_Eos,76,0.31011216824921073,0.2436777054546444,0.35545898340259635,False
s=1.0,nn_dist_grid_n2,alr_Mac,76,-0.044280089255783195,-0.08721655222814728,-0.024127184257824508,True
s=1.0,nn_dist_grid_n2,alr_Neu,76,0.10441485799785533,0.05511658243478479,0.11750922267697807,True
s=1.0,nn_dist_grid_n3,alr_Eos,76,0.31001564625798395,0.2432362724117052,0.3551517707666208,False
s=1.0,nn_dist_grid_n3,alr_Mac,76,-0.04463293789257894,-0.08761217174721081,-0.024432597507136333,True
s=1.0,nn_dist_grid_n3,alr_Neu,76,0.10434591625351997,0.05498140163025278,0.11739996198259187,True
s=1.0,nn_dist_grid_n4,alr_Eos,76,0.3098548176677074,0.24297907976435407,0.35520563965804036,False
s=1.0,nn_dist_grid_n4,alr_Mac,76,-0.044729442972301414,-0.08752906085283474,-0.02435808512608023,True
s=1.0,nn_dist_grid_n4,alr_Neu,76,0.10420806127608195,0.05457596882518567,0.11721917021676398,True
s=1.0,nn_dist_grid_n5,alr_Eos,76,0.3098548176677074,0.24303019321773145,0.35498234741295176,False
s=1.0,nn_dist_grid_n5,alr_Mac,76,-0.04489893950215562,-0.08777561194245553,-0.024346614375161835,True
s=1.0,nn_dist_grid_n5,alr_Neu,76,0.10427698401380237,0.05484623909710118,0.11735529247702015,True
s=1.0,nn_dist_global,alr_Eos,76,0.30979050071366965,0.24274976586659713,0.3550430049835729,False
s=1.0,nn_dist_global,alr_Mac,76,-0.04522185939819989,-0.08787882743849362,-0.024673285721842027,True
s=1.0,nn_dist_global,alr_Neu,76,0.10420806127608184,0.054440861076550995,0.11711079676199865,True
s=1.0,nn_center_grid_n1,alr_Eos,76,0.29116319105163946,0.2195448886355301,0.3314013059053702,False
s=1.0,nn_center_grid_n1,alr_Mac,76,-0.0981438667250808,-0.12446881017827433,-0.07647901286926712,True
s=1.0,nn_center_grid_n1,alr_Neu,76,0.07621306992490018,0.04102144338081937,0.08854351890017176,True
s=1.0,nn_center_grid_n2,alr_Eos,76,0.29580232990684174,0.22795575700252543,0.3387719843904664,False
s=1.0,nn_center_grid_n2,alr_Mac,76,-0.10541556450836953,-0.13173806747691177,-0.08441868929528076,True
s=1.0,nn_center_grid_n2,alr_Neu,76,0.07832639671381092,0.050998871924210674,0.09737018465483549,True
s=1.0,nn_center_grid_n3,alr_Eos,76,0.295762332573309,0.22779629446494112,0.3387583331363251,False
s=1.0,nn_center_grid_n3,alr_Mac,76,-0.1053595695767151,-0.13138435551135177,-0.08406982873110246,True
s=1.0,nn_center_grid_n3,alr_Neu,76,0.07816329865353866,0.05102649775877286,0.09699314238271373,True
s=1.0,nn_center_grid_n4,alr_Eos,76,0.29572233843909435,0.2276652615028279,0.33861051175867374,False
s=1.0,nn_center_grid_n4,alr_Mac,76,-0.10489381566331124,-0.13165463109691494,-0.08404197465129873,True
s=1.0,nn_center_grid_n4,alr_Neu,76,0.07799052237723636,0.0510242094331803,0.09707259719376682,True
s=1.0,nn_center_grid_n5,alr_Eos,76,0.2957756646623151,0.22777706566952038,0.33852979499362634,False
s=1.0,nn_center_grid_n5,alr_Mac,76,-0.1052023190779412,-0.1315382183457557,-0.08429762583690911,True
s=1.0,nn_center_grid_n5,alr_Neu,76,0.07805480871099957,0.051133637086400986,0.09679128968982775,True
s=1.0,nn_center_global,alr_Eos,76,0.29574900083978295,0.22752463347752033,0.33840859811359136,False
s=1.0,nn_center_global,alr_Mac,76,-0.1050185028753774,-0.13131413101382539,-0.08412373283254257,True
s=1.0,nn_center_global,alr_Neu,76,0.07799284711523846,0.05113132536791524,0.09658948497638975,True
s=1.0,nn_cluster_grid_n1,alr_Eos,76,0.30934993087755003,0.24280260514040064,0.3540255118421358,False
s=1.0,nn_cluster_grid_n1,alr_Mac,76,-0.058428037652906495,-0.09971167898302435,-0.03350324248259079,True
s=1.0,nn_cluster_grid_n1,alr_Neu,76,0.09579492733417638,0.04770864230117322,0.11554290859397964,True
s=1.0,nn_cluster_grid_n2,alr_Eos,76,0.324993576157959,0.2650336415365635,0.36836987664149023,False
s=1.0,nn_cluster_grid_n2,alr_Mac,76,-0.03689224523594481,-0.0804554600640296,-0.012843504569064357,True
s=1.0,nn_cluster_grid_n2,alr_Neu,76,0.11251566488428966,0.06120298752556952,0.13215564458416487,True
s=1.0,nn_cluster_grid_n3,alr_Eos,76,0.32753645240463825,0.26700564080546596,0.36994731459801056,False
s=1.0,nn_cluster_grid_n3,alr_Mac,76,-0.03597409404565732,-0.07938655305198328,-0.011995864842964887,True
s=1.0,nn_cluster_grid_n3,alr_Neu,76,0.11384227781828538,0.06275658700947329,0.13313062021818894,True
s=1.0,nn_cluster_grid_n4,alr_Eos,76,0.32784309338148243,0.2683681847871626,0.37026686146191756,False
s=1.0,nn_cluster_grid_n4,alr_Mac,76,-0.035939133991666594,-0.0796456204152921,-0.011528390724820092,True
s=1.0,nn_cluster_grid_n4,alr_Neu,76,0.1144116679783097,0.062238452282855405,0.13330083651440305,True
s=1.0,nn_cluster_grid_n5,alr_Eos,76,0.3285446940228025,0.26847298206305004,0.3705325881220938,False
s=1.0,nn_cluster_grid_n5,alr_Mac,76,-0.03542625099408436,-0.0790231602673035,-0.011276720383428807,True
s=1.0,nn_cluster_grid_n5,alr_Neu,76,0.11470627193735483,0.06301575508141743,0.13338735755035883,True
s=1.0,nn_cluster_global,alr_Eos,76,0.33001248361661517,0.27013815502837857,0.3710263304066861,False
s=1.0,nn_cluster_global,alr_Mac,76,-0.03529848422700199,-0.07883507336411721,-0.010846338538741618,True
s=1.0,nn_cluster_global,alr_Neu,76,0.11615458950242141,0.06327499033886408,0.13384839988558372,True
"s=0.5, common total 1000",iou_grid_n1,alr_Eos,76,0.11609117635332522,0.09472726311407476,0.1390662515526797,True
"s=0.5, common total 1000",iou_grid_n1,alr_Mac,76,-0.06467175563192074,-0.09705790883455734,-0.056436756637848,True
"s=0.5, common total 1000",iou_grid_n1,alr_Neu,76,0.06255124699103787,0.04246752014734345,0.08307993180312856,True
"s=0.5, common total 1000",nn_dist_grid_n1,alr_Eos,76,0.29857231114001537,0.22504081877801396,0.34181176537344266,False
"s=0.5, common total 1000",nn_dist_grid_n1,alr_Mac,76,-0.06216414022780714,-0.1023034235799477,-0.04229342322823604,True
"s=0.5, common total 1000",nn_dist_grid_n1,alr_Neu,76,0.09306547114982955,0.045028394113973746,0.10599132837344527,True
"s=0.5, common total 1000",nn_dist_grid_n2,alr_Eos,76,0.31011216824921073,0.2436777054546444,0.35545898340259696,False
"s=0.5, common total 1000",nn_dist_grid_n2,alr_Mac,76,-0.044280089255783195,-0.08721655222814728,-0.024127184257824397,True
"s=0.5, common total 1000",nn_dist_grid_n2,alr_Neu,76,0.10441485799785521,0.05511658243478479,0.11750922267697807,True
"s=0.5, common total 1000",nn_dist_grid_n3,alr_Eos,76,0.3100156462579844,0.24323627241170453,0.3551517707666208,False
"s=0.5, common total 1000",nn_dist_grid_n3,alr_Mac,76,-0.04463293789257894,-0.08761217174721059,-0.02443259750713639,True
"s=0.5, common total 1000",nn_dist_grid_n3,alr_Neu,76,0.10434591625351974,0.054981401630253224,0.1173999619825921,True
"s=0.5, common total 1000",nn_dist_grid_n4,alr_Eos,76,0.30985481766770784,0.24297907976435407,0.35520563965804036,False
"s=0.5, common total 1000",nn_dist_grid_n4,alr_Mac,76,-0.0447294429723013,-0.0875290608528343,-0.02435808512608023,True
"s=0.5, common total 1000",nn_dist_grid_n4,alr_Neu,76,0.10420806127608206,0.05457596882518567,0.1172191702167642,True
"s=0.5, common total 1000",nn_dist_grid_n5,alr_Eos,76,0.30985481766770784,0.24303019321773167,0.35498234741295176,False
"s=0.5, common total 1000",nn_dist_grid_n5,alr_Mac,76,-0.04489893950215551,-0.08777561194245542,-0.024346614375161835,True
"s=0.5, common total 1000",nn_dist_grid_n5,alr_Neu,76,0.10427698401380225,0.05484623909710118,0.11735529247702026,True
"s=0.5, common total 1000",nn_dist_global,alr_Eos,76,0.30979050071366965,0.2427497658665969,0.3550430049835729,False
"s=0.5, common total 1000",nn_dist_global,alr_Mac,76,-0.04522185939819978,-0.08787882743849351,-0.024673285721842027,True
"s=0.5, common total 1000",nn_dist_global,alr_Neu,76,0.10420806127608173,0.05444086107655055,0.11711079676199876,True
"s=0.5, common total 1000",nn_center_grid_n1,alr_Eos,76,0.29116319105163946,0.2195448886355301,0.3314013059053702,False
"s=0.5, common total 1000",nn_center_grid_n1,alr_Mac,76,-0.09814386672508091,-0.1244688101782741,-0.07647901286926712,True
"s=0.5, common total 1000",nn_center_grid_n1,alr_Neu,76,0.07621306992489962,0.04102144338081981,0.08854351890017176,True
"s=0.5, common total 1000",nn_center_grid_n2,alr_Eos,76,0.29580232990684174,0.22795575700252585,0.3387719843904664,False
"s=0.5, common total 1000",nn_center_grid_n2,alr_Mac,76,-0.10541556450836942,-0.13173806747691166,-0.08441868929528087,True
"s=0.5, common total 1000",nn_center_grid_n2,alr_Neu,76,0.0783263967138107,0.050998871924210945,0.0973701846548356,True
"s=0.5, common total 1000",nn_center_grid_n3,alr_Eos,76,0.295762332573309,0.2277962944649411,0.3387583331363251,False
"s=0.5, common total 1000",nn_center_grid_n3,alr_Mac,76,-0.1053595695767151,-0.13138435551135166,-0.08406982873110246,True
"s=0.5, common total 1000",nn_center_grid_n3,alr_Neu,76,0.07816329865353844,0.05102649775877307,0.09699314238271373,True
"s=0.5, common total 1000",nn_center_grid_n4,alr_Eos,76,0.29572233843909435,0.22766526150282787,0.3386105117586742,False
"s=0.5, common total 1000",nn_center_grid_n4,alr_Mac,76,-0.10489381566331113,-0.13165463109691494,-0.08404197465129873,True
"s=0.5, common total 1000",nn_center_grid_n4,alr_Neu,76,0.07799052237723592,0.05102420943318024,0.09707259719376693,True
"s=0.5, common total 1000",nn_center_grid_n5,alr_Eos,76,0.2957756646623151,0.2277770656695208,0.33852979499362634,False
"s=0.5, common total 1000",nn_center_grid_n5,alr_Mac,76,-0.1052023190779412,-0.13153821834575546,-0.08429762583690911,True
"s=0.5, common total 1000",nn_center_grid_n5,alr_Neu,76,0.07805480871099935,0.051133637086400875,0.09679128968982786,True
"s=0.5, common total 1000",nn_center_global,alr_Eos,76,0.29574900083978295,0.22752463347752075,0.33840859811359136,False
"s=0.5, common total 1000",nn_center_global,alr_Mac,76,-0.1050185028753774,-0.13131413101382539,-0.08412373283254256,True
"s=0.5, common total 1000",nn_center_global,alr_Neu,76,0.07799284711523824,0.051131325367915294,0.09658948497638975,True
"s=0.5, common total 1000",nn_cluster_grid_n1,alr_Eos,76,0.30934993087755003,0.24280260514040064,0.3540255118421358,False
"s=0.5, common total 1000",nn_cluster_grid_n1,alr_Mac,76,-0.058428037652906495,-0.09971167898302435,-0.03350324248259079,True
"s=0.5, common total 1000",nn_cluster_grid_n1,alr_Neu,76,0.0957949273341765,0.04770864230117322,0.11554290859397975,True
"s=0.5, common total 1000",nn_cluster_grid_n2,alr_Eos,76,0.324993576157959,0.26503364153656306,0.36836987664149023,False
"s=0.5, common total 1000",nn_cluster_grid_n2,alr_Mac,76,-0.03689224523594481,-0.0804554600640296,-0.012843504569064246,True
"s=0.5, common total 1000",nn_cluster_grid_n2,alr_Neu,76,0.11251566488428966,0.06120298752556952,0.13215564458416476,True
"s=0.5, common total 1000",nn_cluster_grid_n3,alr_Eos,76,0.3275364524046387,0.26700564080546596,0.36994731459801056,False
"s=0.5, common total 1000",nn_cluster_grid_n3,alr_Mac,76,-0.03597409404565721,-0.07938655305198317,-0.01199586484296522,True
"s=0.5, common total 1000",nn_cluster_grid_n3,alr_Neu,76,0.11384227781828526,0.06275658700947329,0.13313062021818894,True
"s=0.5, common total 1000",nn_cluster_grid_n4,alr_Eos,76,0.3278430933814829,0.2683681847871626,0.37026686146191756,False
"s=0.5, common total 1000",nn_cluster_grid_n4,alr_Mac,76,-0.035939133991666594,-0.079645620415292,-0.011528390724820092,True
"s=0.5, common total 1000",nn_cluster_grid_n4,alr_Neu,76,0.1144116679783097,0.062238452282855405,0.13330083651440305,True
"s=0.5, common total 1000",nn_cluster_grid_n5,alr_Eos,76,0.3285446940228025,0.26847298206305004,0.3705325881220938,False
"s=0.5, common total 1000",nn_cluster_grid_n5,alr_Mac,76,-0.03542625099408436,-0.07902316026730327,-0.011276720383428696,True
"s=0.5, common total 1000",nn_cluster_grid_n5,alr_Neu,76,0.11470627193735483,0.06301575508141788,0.13338735755035883,True
"s=0.5, common total 1000",nn_cluster_global,alr_Eos,76,0.33001248361661517,0.27013815502837857,0.3710263304066861,False
"s=0.5, common total 1000",nn_cluster_global,alr_Mac,76,-0.03529848422700188,-0.0788350733641171,-0.010846338538741618,True
"s=0.5, common total 1000",nn_cluster_global,alr_Neu,76,0.11615458950242141,0.06327499033886408,0.1338483998855836,True
