scope,overlap,coord,n,median,ci_low,ci_high,equivalent
grid_n1,0.0,alr_Mac,76,-0.2452453383999423,-0.25393230553173995,-0.23271532343269527,False
grid_n1,0.0,alr_Neu,76,-0.02487991698280112,-0.032715534732406626,-0.02072789058631841,True
grid_n1,0.0,alr_Eos,76,0.00978423079687829,-0.015790607303894033,0.018155931147788795,True
grid_n5,0.0,alr_Mac,76,-0.2453346462530041,-0.2534185453907185,-0.2329911551253182,False
grid_n5,0.0,alr_Neu,76,-0.025429684298217015,-0.0321217413240642,-0.02069458086593512,True
grid_n5,0.0,alr_Eos,76,0.009455775943658429,-0.013649806056387567,0.021250412586146794,True
global,0.0,alr_Mac,76,-0.24538391923880964,-0.25392343230667946,-0.23304503668530846,False
global,0.0,alr_Neu,76,-0.02491547102458369,-0.03170674188592515,-0.02057031150740334,True
global,0.0,alr_Eos,76,0.009462443987676261,-0.018300530586826014,0.019003701973485665,True
grid_n1,0.25,alr_Mac,76,-0.24346596284208077,-0.25538504524386924,-0.2358898725724266,False
grid_n1,0.25,alr_Neu,76,-0.027158476033199985,-0.033418523950155765,-0.02088611279019377,True
grid_n1,0.25,alr_Eos,76,0.004109552612685863,-0.012636600641406037,0.01880523065692219,True
grid_n5,0.25,alr_Mac,76,-0.10693255519360845,-0.11587183148850144,-0.1026823901351408,True
grid_n5,0.25,alr_Neu,76,0.009129496531592118,0.0048618629425070115,0.017141706176906756,True
grid_n5,0.25,alr_Eos,76,0.026686020380800764,0.011428342339265374,0.03526625973337727,True
global,0.25,alr_Mac,76,-0.10858464229468168,-0.11588457005015296,-0.10353088000701866,True
global,0.25,alr_Neu,76,0.009910598795308423,0.0035757628194037494,0.01752300634809817,True
global,0.25,alr_Eos,76,0.029260127705019623,0.010846364614542026,0.03765162640314168,True
