nms_method,overlap,coord,n,median,q05,q95,n_outside_020
iou_edgecrop_global,0.0,alr_Mac,76,-0.3268903073572795,-0.45943199865250955,-0.19730232214951407,71
iou_edgecrop_global,0.0,alr_Neu,76,0.023384273639239672,-0.14727332499708806,0.20409676856361703,7
iou_edgecrop_global,0.0,alr_Eos,76,0.08511709084572505,-0.10341817345381865,0.35281550894554403,14
iou_edgecrop_grid_n1,0.0,alr_Mac,76,-0.32661613244214605,-0.4595319233264537,-0.19758507388242183,71
iou_edgecrop_grid_n1,0.0,alr_Neu,76,0.023419258221276107,-0.14809318361157886,0.20480522708507098,7
iou_edgecrop_grid_n1,0.0,alr_Eos,76,0.08683185889306189,-0.10310443068249253,0.3548996580040109,15
iou_edgecrop_grid_n2,0.0,alr_Mac,76,-0.3268599492560928,-0.46005299879011147,-0.19730232214951407,71
iou_edgecrop_grid_n2,0.0,alr_Neu,76,0.023231887860289513,-0.147789817645279,0.20367834084389402,7
iou_edgecrop_grid_n2,0.0,alr_Eos,76,0.0837574083765742,-0.1037368722169506,0.3527479953765298,16
iou_edgecrop_grid_n3,0.0,alr_Mac,76,-0.32682756269002905,-0.46009916645925386,-0.19772472867023935,71
iou_edgecrop_grid_n3,0.0,alr_Neu,76,0.023339806392111195,-0.1475531597922023,0.20369101736444528,7
iou_edgecrop_grid_n3,0.0,alr_Eos,76,0.0831670105920157,-0.10355937650755831,0.3543737286268237,15
iou_edgecrop_grid_n4,0.0,alr_Mac,76,-0.3268599492560928,-0.4591716732082259,-0.19737389181335,71
iou_edgecrop_grid_n4,0.0,alr_Neu,76,0.02320339702008689,-0.14751002783716272,0.2040840914002564,7
iou_edgecrop_grid_n4,0.0,alr_Eos,76,0.08656055778240024,-0.10433785474625185,0.35388406364156144,16
iou_edgecrop_grid_n5,0.0,alr_Mac,76,-0.32669017491791896,-0.45956098473103635,-0.19756883028990754,71
iou_edgecrop_grid_n5,0.0,alr_Neu,76,0.02344601346768138,-0.14809318361157886,0.2044643280712144,7
iou_edgecrop_grid_n5,0.0,alr_Eos,76,0.08400557827228261,-0.10250268109908334,0.3550070976807864,15
iou_global,0.0,alr_Mac,76,-0.06467850471883646,-0.26235399020757966,0.018438239405839635,8
iou_global,0.0,alr_Neu,76,0.06156178324132222,-0.1386178071591062,0.2430565624793095,9
iou_global,0.0,alr_Eos,76,0.1128095005327836,-0.09276683859230253,0.3633595204954818,25
iou_grid_n1,0.0,alr_Mac,76,-0.06467175563192074,-0.2625211723079217,0.01846467160404583,8
iou_grid_n1,0.0,alr_Neu,76,0.06255124699103798,-0.13825972646478923,0.24258345953726013,9
iou_grid_n1,0.0,alr_Eos,76,0.11609117635332478,-0.09185526145182202,0.36317440172426896,23
iou_grid_n2,0.0,alr_Mac,76,-0.06461342261480513,-0.2624518581017601,0.018467920276963007,8
iou_grid_n2,0.0,alr_Neu,76,0.06156178324132222,-0.13825972646478923,0.24055761508474038,9
iou_grid_n2,0.0,alr_Eos,76,0.1120606536424349,-0.09310874055126367,0.3633595204954818,25
iou_grid_n3,0.0,alr_Mac,76,-0.06472526437284681,-0.2617960552065842,0.018348417684721147,8
iou_grid_n3,0.0,alr_Neu,76,0.06261478161541745,-0.13825972646478923,0.242465041956753,9
iou_grid_n3,0.0,alr_Eos,76,0.11202256275756506,-0.09368989792751364,0.3633516019613603,24
iou_grid_n4,0.0,alr_Mac,76,-0.06476782338027565,-0.263163020347592,0.018589254996854404,8
iou_grid_n4,0.0,alr_Neu,76,0.061483323245839494,-0.13825972646478923,0.2407719847671408,9
iou_grid_n4,0.0,alr_Eos,76,0.11571525481738032,-0.09265295202310642,0.3630209996986964,25
iou_grid_n5,0.0,alr_Mac,76,-0.0645865250140975,-0.26188386796655316,0.018479511254548137,8
iou_grid_n5,0.0,alr_Neu,76,0.061674947288813065,-0.13762507889949005,0.24083410674291228,9
iou_grid_n5,0.0,alr_Eos,76,0.11216350241893114,-0.09426045710299547,0.36317440172426896,24
nn_center_global,0.0,alr_Mac,76,-0.1050185028753774,-0.2978173369428613,0.006857338351460601,16
nn_center_global,0.0,alr_Neu,76,0.07799284711523846,-0.1387322978959275,0.2767072079794316,13
nn_center_global,0.0,alr_Eos,76,0.29574900083978295,-0.04845899822396088,0.5601571689124998,49
nn_center_grid_n1,0.0,alr_Mac,76,-0.0981438667250808,-0.29345536737121747,0.013685986169570924,17
nn_center_grid_n1,0.0,alr_Neu,76,0.07621306992490018,-0.14580994559175225,0.2758319150498968,13
nn_center_grid_n1,0.0,alr_Eos,76,0.29116319105163946,-0.05492390779736714,0.5590082522238882,49
nn_center_grid_n2,0.0,alr_Mac,76,-0.10541556450836953,-0.298584079141469,0.006045732620929223,17
nn_center_grid_n2,0.0,alr_Neu,76,0.07832639671381092,-0.13884872449111682,0.27708336436537373,12
nn_center_grid_n2,0.0,alr_Eos,76,0.29580232990684174,-0.048458998223960964,0.5600351283947786,50
nn_center_grid_n3,0.0,alr_Mac,76,-0.1053595695767151,-0.29817563120868146,0.006486117248997919,17
nn_center_grid_n3,0.0,alr_Neu,76,0.07816329865353866,-0.13906496589872042,0.2768044933020327,12
nn_center_grid_n3,0.0,alr_Eos,76,0.295762332573309,-0.04845899822396091,0.5601571689124998,49
nn_center_grid_n4,0.0,alr_Mac,76,-0.10489381566331124,-0.2980556863988052,0.006713949421575938,16
nn_center_grid_n4,0.0,alr_Neu,76,0.07799052237723636,-0.13880630487618528,0.27675946732533485,13
nn_center_grid_n4,0.0,alr_Eos,76,0.29572233843909435,-0.048565207952949635,0.5601571689124998,49
nn_center_grid_n5,0.0,alr_Mac,76,-0.1052023190779412,-0.29777414049468426,0.0065551017968970005,16
nn_center_grid_n5,0.0,alr_Neu,76,0.07805480871099957,-0.1387322978959275,0.27676384808820775,12
nn_center_grid_n5,0.0,alr_Eos,76,0.2957756646623151,-0.04845899822396088,0.5600351283947789,49
nn_cluster_global,0.0,alr_Mac,76,-0.03529848422700199,-0.26365673228580544,0.13016184925296465,12
nn_cluster_global,0.0,alr_Neu,76,0.11615458950242141,-0.14419304609733896,0.3304289626959892,23
nn_cluster_global,0.0,alr_Eos,76,0.33001248361661517,-0.03782884006427531,0.5992281714225377,54
nn_cluster_grid_n1,0.0,alr_Mac,76,-0.058428037652906495,-0.2718863129302432,0.10223100296456697,12
nn_cluster_grid_n1,0.0,alr_Neu,76,0.09579492733417638,-0.14957169610021087,0.30938254381515273,19
nn_cluster_grid_n1,0.0,alr_Eos,76,0.30934993087755003,-0.04950514733860223,0.58145178596431,51
nn_cluster_grid_n2,0.0,alr_Mac,76,-0.03689224523594481,-0.26426138148980083,0.12284071081372724,12
nn_cluster_grid_n2,0.0,alr_Neu,76,0.11251566488428966,-0.14441091102261822,0.32822519949399553,20
nn_cluster_grid_n2,0.0,alr_Eos,76,0.324993576157959,-0.03880013309879729,0.5963958163427604,54
nn_cluster_grid_n3,0.0,alr_Mac,76,-0.03597409404565732,-0.26400925873177883,0.1264813769479861,12
nn_cluster_grid_n3,0.0,alr_Neu,76,0.11384227781828538,-0.14441091102261822,0.3290322881674891,22
nn_cluster_grid_n3,0.0,alr_Eos,76,0.32753645240463825,-0.03858439888186321,0.5977844186182039,54
nn_cluster_grid_n4,0.0,alr_Mac,76,-0.035939133991666594,-0.26390897927493,0.1274023589465773,12
nn_cluster_grid_n4,0.0,alr_Neu,76,0.1144116679783097,-0.14419304609733896,0.32948398056909245,22
nn_cluster_grid_n4,0.0,alr_Eos,76,0.32784309338148243,-0.03815274419368883,0.5986443480093943,54
nn_cluster_grid_n5,0.0,alr_Mac,76,-0.03542625099408436,-0.2639211426534304,0.12831776657048016,12
nn_cluster_grid_n5,0.0,alr_Neu,76,0.11470627193735483,-0.14419304609733896,0.3294025727312814,22
nn_cluster_grid_n5,0.0,alr_Eos,76,0.3285446940228025,-0.038368602592070616,0.5984288170129778,54
nn_dist_global,0.0,alr_Mac,76,-0.04522185939819989,-0.2666712052822048,0.08147955246616355,11
nn_dist_global,0.0,alr_Neu,76,0.10420806127608184,-0.1455994217717782,0.3129664201993537,19
nn_dist_global,0.0,alr_Eos,76,0.30979050071366965,-0.04283440953869608,0.5783970236059854,51
nn_dist_grid_n1,0.0,alr_Mac,76,-0.06216414022780714,-0.2732521015143447,0.06602859634221492,11
nn_dist_grid_n1,0.0,alr_Neu,76,0.09306547114982966,-0.15016053300400914,0.2970072607962294,17
nn_dist_grid_n1,0.0,alr_Eos,76,0.29857231114001537,-0.05236835336106099,0.5661106260204926,50
nn_dist_grid_n2,0.0,alr_Mac,76,-0.044280089255783195,-0.2661143051219158,0.08220737980493262,11
nn_dist_grid_n2,0.0,alr_Neu,76,0.10441485799785533,-0.14505450208753673,0.313298953673798,19
nn_dist_grid_n2,0.0,alr_Eos,76,0.31011216824921073,-0.04261990932273374,0.5785180463606262,51
nn_dist_grid_n3,0.0,alr_Mac,76,-0.04463293789257894,-0.2665834808537757,0.08183896678309947,11
nn_dist_grid_n3,0.0,alr_Neu,76,0.10434591625351997,-0.145164513090412,0.3128870129737277,19
nn_dist_grid_n3,0.0,alr_Eos,76,0.31001564625798395,-0.04283440953869608,0.5784520266863797,51
nn_dist_grid_n4,0.0,alr_Mac,76,-0.044729442972301414,-0.266377570788926,0.08156297529409184,11
nn_dist_grid_n4,0.0,alr_Neu,76,0.10420806127608195,-0.14538199895535486,0.3132692723590885,19
nn_dist_grid_n4,0.0,alr_Eos,76,0.3098548176677074,-0.04272716709910529,0.5784355244915819,51
nn_dist_grid_n5,0.0,alr_Mac,76,-0.04489893950215562,-0.2664774548682086,0.08150312785944057,11
nn_dist_grid_n5,0.0,alr_Neu,76,0.10427698401380237,-0.14570938438626274,0.31298478792115225,19
nn_dist_grid_n5,0.0,alr_Eos,76,0.3098548176677074,-0.04283440953869608,0.578430024002038,51
iou_edgecrop_global,0.025,alr_Mac,76,-0.3277535190956627,-0.4687184228403618,-0.1976692002849246,72
iou_edgecrop_global,0.025,alr_Neu,76,0.02696449338805862,-0.20561451960884597,0.18359081145812384,8
iou_edgecrop_global,0.025,alr_Eos,76,0.08886914581217309,-0.17370856549012392,0.358214079123937,17
iou_edgecrop_grid_n1,0.025,alr_Mac,76,-0.32735569855438895,-0.46829610702787494,-0.19801753870616845,72
iou_edgecrop_grid_n1,0.025,alr_Neu,76,0.027278530873520834,-0.20760127573752862,0.1836836413729358,8
iou_edgecrop_grid_n1,0.025,alr_Eos,76,0.08756684339668408,-0.17416705715483805,0.3631178541316825,18
iou_edgecrop_grid_n2,0.025,alr_Mac,76,-0.32748254125694154,-0.4672949251899112,-0.19773034740520007,72
iou_edgecrop_grid_n2,0.025,alr_Neu,76,0.02597732623619997,-0.20613229664011146,0.18345584735341935,8
iou_edgecrop_grid_n2,0.025,alr_Eos,76,0.08792202755001988,-0.1744317474918986,0.35807610243107746,18
iou_edgecrop_grid_n3,0.025,alr_Mac,76,-0.32780570922730556,-0.4666545737700254,-0.19801753870616845,72
iou_edgecrop_grid_n3,0.025,alr_Neu,76,0.026186662642858183,-0.20811905276879428,0.18339193671462317,8
iou_edgecrop_grid_n3,0.025,alr_Eos,76,0.08792202755001988,-0.17416201739110204,0.36615304986254527,18
iou_edgecrop_grid_n4,0.025,alr_Mac,76,-0.32732439190453555,-0.46875135874709273,-0.19807867087421974,72
iou_edgecrop_grid_n4,0.025,alr_Neu,76,0.02696449338805862,-0.20660723980672724,0.18323242644924786,8
iou_edgecrop_grid_n4,0.025,alr_Eos,76,0.09591614212266641,-0.17434037423311455,0.36010440561061374,18
iou_edgecrop_grid_n5,0.025,alr_Mac,76,-0.3277943626835939,-0.46760435124206956,-0.19781275469598938,72
iou_edgecrop_grid_n5,0.025,alr_Neu,76,0.026186662642858183,-0.20514088869667468,0.18356109128405618,7
iou_edgecrop_grid_n5,0.025,alr_Eos,76,0.08788531474503058,-0.17384108603391069,0.35875057186243486,18
iou_global,0.025,alr_Mac,76,-0.054067100533194135,-0.25939456293986407,0.024969444506246774,8
iou_global,0.025,alr_Neu,76,0.07795434461979484,-0.13522839474140508,0.2497469715331455,9
iou_global,0.025,alr_Eos,76,0.13679269952300732,-0.09056509705491206,0.38561253959894304,26
iou_grid_n1,0.025,alr_Mac,76,-0.06607617131558585,-0.26411942711889436,0.019159966201675427,8
iou_grid_n1,0.025,alr_Neu,76,0.06452553019863083,-0.14135581935232966,0.23559239859824677,8
iou_grid_n1,0.025,alr_Eos,76,0.13067786843077323,-0.09191919421064312,0.37330667279546326,25
iou_grid_n2,0.025,alr_Mac,76,-0.05189441304561693,-0.25909606519095896,0.026400750069119183,8
iou_grid_n2,0.025,alr_Neu,76,0.0788966486122169,-0.1338013267864735,0.2513871537780984,10
iou_grid_n2,0.025,alr_Eos,76,0.13280068530556444,-0.09023827955421393,0.38637007349497254,27
iou_grid_n3,0.025,alr_Mac,76,-0.05293177774272795,-0.25905496592251576,0.025542701852467264,8
iou_grid_n3,0.025,alr_Neu,76,0.07848773065441444,-0.13340388581414742,0.251299531416186,9
iou_grid_n3,0.025,alr_Eos,76,0.13693989857622013,-0.08886285895382603,0.3854006990964439,27
iou_grid_n4,0.025,alr_Mac,76,-0.053153610989142897,-0.2589088939415123,0.025579852259723423,8
iou_grid_n4,0.025,alr_Neu,76,0.07845905674617332,-0.13548520699459232,0.25012734666417935,9
iou_grid_n4,0.025,alr_Eos,76,0.13212561033158088,-0.09046687635031597,0.39820826748367744,27
iou_grid_n5,0.025,alr_Mac,76,-0.053200665390128354,-0.2585487475714672,0.025323721471762595,8
iou_grid_n5,0.025,alr_Neu,76,0.0782767356695131,-0.13498344772916793,0.2496986628244492,10
iou_grid_n5,0.025,alr_Eos,76,0.1368645818169445,-0.09022426541987133,0.3828270650759159,27
nn_center_global,0.025,alr_Mac,76,-0.1104855590589035,-0.3165258024028328,0.0070499235589991174,21
nn_center_global,0.025,alr_Neu,76,0.10211758091351997,-0.12199791799192944,0.29779066567657275,21
nn_center_global,0.025,alr_Eos,76,0.3404700854427565,-0.04566032703997969,0.570435155508526,52
nn_center_grid_n1,0.025,alr_Mac,76,-0.10000136102952845,-0.2858233274342375,0.018816034882174704,17
nn_center_grid_n1,0.025,alr_Neu,76,0.0741437444412153,-0.14592462554152047,0.2728485446973008,13
nn_center_grid_n1,0.025,alr_Eos,76,0.2917535688703343,-0.06680675874331965,0.5329588497442821,47
nn_center_grid_n2,0.025,alr_Mac,76,-0.11369743660937348,-0.3186245416383057,0.006617886760780151,22
nn_center_grid_n2,0.025,alr_Neu,76,0.10016324343646943,-0.12268012962437563,0.29873952197515985,20
nn_center_grid_n2,0.025,alr_Eos,76,0.3414105365829243,-0.04518277197595022,0.5706100160873567,52
nn_center_grid_n3,0.025,alr_Mac,76,-0.11218893224698595,-0.31760665202198324,0.00653845983375604,21
nn_center_grid_n3,0.025,alr_Neu,76,0.09975801714817834,-0.12239342736979672,0.2982070797030184,21
nn_center_grid_n3,0.025,alr_Eos,76,0.34092211434311714,-0.04566032703997969,0.5705455795385898,52
nn_center_grid_n4,0.025,alr_Mac,76,-0.1114609716202945,-0.31734419066121045,0.007423626608009125,21
nn_center_grid_n4,0.025,alr_Neu,76,0.10213499202834508,-0.12219181190196449,0.2983448841820342,20
nn_center_grid_n4,0.025,alr_Eos,76,0.3405333565595765,-0.04566032703997969,0.5705179689581876,52
nn_center_grid_n5,0.025,alr_Mac,76,-0.1114374703601872,-0.3172516231639747,0.006735131893243741,21
nn_center_grid_n5,0.025,alr_Neu,76,0.10092928671580359,-0.1224697421689685,0.2979394326820439,21
nn_center_grid_n5,0.025,alr_Eos,76,0.3406960702636721,-0.04566032703997969,0.5705179689581876,52
nn_cluster_global,0.025,alr_Mac,76,0.020045616484286266,-0.2257962203337568,0.1839188023887553,14
nn_cluster_global,0.025,alr_Neu,76,0.12779075371813164,-0.14169558559981238,0.3481043666749175,29
nn_cluster_global,0.025,alr_Eos,76,0.38108970992268576,-0.04449595285131469,0.6621528633928481,56
nn_cluster_grid_n1,0.025,alr_Mac,76,-0.0575703704083117,-0.26472398017248716,0.10246527880744255,14
nn_cluster_grid_n1,0.025,alr_Neu,76,0.09689537614931931,-0.14651199871044207,0.3109954875986036,20
nn_cluster_grid_n1,0.025,alr_Eos,76,0.31805924236113725,-0.0644121206936919,0.5939175815183174,52
nn_cluster_grid_n2,0.025,alr_Mac,76,0.01923715644971602,-0.22662405260387108,0.17798216844051762,14
nn_cluster_grid_n2,0.025,alr_Neu,76,0.13007118575010834,-0.14070014825846178,0.34755939471801145,29
nn_cluster_grid_n2,0.025,alr_Eos,76,0.382982689652686,-0.04550064154810707,0.6578449729397697,56
nn_cluster_grid_n3,0.025,alr_Mac,76,0.019895333400683946,-0.2269119999541791,0.18102496723722575,14
nn_cluster_grid_n3,0.025,alr_Neu,76,0.12916457799972036,-0.1422461256648233,0.34874559329575827,29
nn_cluster_grid_n3,0.025,alr_Eos,76,0.37995089453815534,-0.045124040987846614,0.6599895188516095,56
nn_cluster_grid_n4,0.025,alr_Mac,76,0.019756518367371467,-0.22623098153052323,0.18180507485591163,14
nn_cluster_grid_n4,0.025,alr_Neu,76,0.12828132603309994,-0.1422096463381289,0.3473771667625809,29
nn_cluster_grid_n4,0.025,alr_Eos,76,0.382494153521463,-0.044872868848861436,0.6607575618976946,56
nn_cluster_grid_n5,0.025,alr_Mac,76,0.019995985128140936,-0.22635442477434164,0.18261671810444605,14
nn_cluster_grid_n5,0.025,alr_Neu,76,0.12867743081077676,-0.14184376604918175,0.3493586337141551,29
nn_cluster_grid_n5,0.025,alr_Eos,76,0.3803478249638703,-0.04462161256510444,0.6608933157281977,56
nn_dist_global,0.025,alr_Mac,76,0.008309086816555955,-0.23104937826989502,0.1429471562117307,13
nn_dist_global,0.025,alr_Neu,76,0.12557727607889713,-0.1428273180528687,0.33315562792185516,24
nn_dist_global,0.025,alr_Eos,76,0.36948337520837105,-0.047234886980434265,0.6228212676447661,56
nn_dist_grid_n1,0.025,alr_Mac,76,-0.06100664660400901,-0.26712689084130037,0.0657841745845298,13
nn_dist_grid_n1,0.025,alr_Neu,76,0.09243365374987786,-0.1473401858626711,0.2990106928046836,19
nn_dist_grid_n1,0.025,alr_Eos,76,0.31358747934940734,-0.06620881563582837,0.5678048767276077,51
nn_dist_grid_n2,0.025,alr_Mac,76,0.008799489139551309,-0.23100182020672144,0.14391370554901672,13
nn_dist_grid_n2,0.025,alr_Neu,76,0.12243326099972207,-0.14324927519949532,0.33362552400038326,24
nn_dist_grid_n2,0.025,alr_Eos,76,0.3702383284817441,-0.04710977229167962,0.6237642419785805,56
nn_dist_grid_n3,0.025,alr_Mac,76,0.008483898557846148,-0.23109046290433422,0.14362375437931757,13
nn_dist_grid_n3,0.025,alr_Neu,76,0.12439941923266762,-0.1430720020265296,0.3333640563833621,24
nn_dist_grid_n3,0.025,alr_Eos,76,0.36984974269133186,-0.04710977229167962,0.6231439183877159,56
nn_dist_grid_n4,0.025,alr_Mac,76,0.008516982654944716,-0.2309470361924778,0.14353369050582182,13
nn_dist_grid_n4,0.025,alr_Neu,76,0.1221590254244942,-0.1429210923209641,0.3334071031076127,24
nn_dist_grid_n4,0.025,alr_Eos,76,0.36964347731361324,-0.047234886980434265,0.6230536144127758,56
nn_dist_grid_n5,0.025,alr_Mac,76,0.00832423786994374,-0.2310630723978564,0.1433099008538506,13
nn_dist_grid_n5,0.025,alr_Neu,76,0.1257058823612529,-0.1429421880902506,0.33338017607729076,24
nn_dist_grid_n5,0.025,alr_Eos,76,0.36964347731361324,-0.04710977229167962,0.6229820781433993,56
iou_edgecrop_global,0.05,alr_Mac,76,-0.329512059707037,-0.46156378498277983,-0.19928496475766022,71
iou_edgecrop_global,0.05,alr_Neu,76,0.027061557420319238,-0.1753135096197922,0.18927277968491696,5
iou_edgecrop_global,0.05,alr_Eos,76,0.06368313069879172,-0.15775499547205418,0.3315940312546224,18
iou_edgecrop_grid_n1,0.05,alr_Mac,76,-0.329512059707037,-0.46236882043456795,-0.20035025373182921,72
iou_edgecrop_grid_n1,0.05,alr_Neu,76,0.02711430838307327,-0.17884429629236284,0.1871603970763056,5
iou_edgecrop_grid_n1,0.05,alr_Eos,76,0.06459455412469883,-0.15720189463146161,0.331404016738434,18
iou_edgecrop_grid_n2,0.05,alr_Mac,76,-0.32979670022155594,-0.461715306581423,-0.20029626497944167,72
iou_edgecrop_grid_n2,0.05,alr_Neu,76,0.026217848340877925,-0.17493036778234766,0.18922158097432773,5
iou_edgecrop_grid_n2,0.05,alr_Eos,76,0.0661645253698564,-0.1568595035717365,0.33162643725196406,17
iou_edgecrop_grid_n3,0.05,alr_Mac,76,-0.32976733796832103,-0.461715306581423,-0.20053638634491958,72
iou_edgecrop_grid_n3,0.05,alr_Neu,76,0.02583910443079762,-0.17544109318979773,0.1890934900221325,5
iou_edgecrop_grid_n3,0.05,alr_Eos,76,0.0634098319764913,-0.1581377461820711,0.33198439851032147,18
iou_edgecrop_grid_n4,0.05,alr_Mac,76,-0.32972026468678206,-0.461715306581423,-0.20012190719648731,72
iou_edgecrop_grid_n4,0.05,alr_Neu,76,0.025918715926865787,-0.17457832719294802,0.1890156129581988,5
iou_edgecrop_grid_n4,0.05,alr_Eos,76,0.06607340919648363,-0.1574990559443653,0.3320141267091248,18
iou_edgecrop_grid_n5,0.05,alr_Mac,76,-0.329613489872716,-0.46156378498277983,-0.19953325865226898,71
iou_edgecrop_grid_n5,0.05,alr_Neu,76,0.027070815143366844,-0.17518586090627092,0.18905768151812485,5
iou_edgecrop_grid_n5,0.05,alr_Eos,76,0.06463754260997479,-0.15734333735093442,0.3313931194562144,18
iou_global,0.05,alr_Mac,76,-0.004160385709064851,-0.20816746576348244,0.09876847082738865,5
iou_global,0.05,alr_Neu,76,0.09069383854419244,-0.14551090485049453,0.25140064744040824,11
iou_global,0.05,alr_Eos,76,0.1212524332317304,-0.11041536558036572,0.37975707077022935,26
iou_grid_n1,0.05,alr_Mac,76,-0.06333744645641859,-0.26884044353070546,0.017495971901132112,10
iou_grid_n1,0.05,alr_Neu,76,0.0643174230631487,-0.1496595982129416,0.23001761243329455,9
iou_grid_n1,0.05,alr_Eos,76,0.10432535771531182,-0.10363374860714383,0.36906455336472344,24
iou_grid_n2,0.05,alr_Mac,76,-0.004423568802768174,-0.20530038101950188,0.10067966197893463,6
iou_grid_n2,0.05,alr_Neu,76,0.09145702585722626,-0.1463706553270537,0.2502732325610195,11
iou_grid_n2,0.05,alr_Eos,76,0.12062826552535943,-0.10530880083494867,0.38310143781552175,27
iou_grid_n3,0.05,alr_Mac,76,-0.004906521744484582,-0.20667507211301694,0.09991002233401272,5
iou_grid_n3,0.05,alr_Neu,76,0.09245174449281446,-0.14450789387598012,0.25121880282844955,11
iou_grid_n3,0.05,alr_Eos,76,0.12126347324832976,-0.10950432426746154,0.38163534721883696,26
iou_grid_n4,0.05,alr_Mac,76,-0.004562310349304766,-0.20641971592368225,0.0998077928769969,5
iou_grid_n4,0.05,alr_Neu,76,0.09077374472857191,-0.14546436107671776,0.25007221236834354,11
iou_grid_n4,0.05,alr_Eos,76,0.12311507875391081,-0.11061187935101255,0.37967030444003314,27
iou_grid_n5,0.05,alr_Mac,76,-0.004415004868896788,-0.20659524189355227,0.09909899638022765,5
iou_grid_n5,0.05,alr_Neu,76,0.09230492560456316,-0.14457551640384947,0.2517610120965095,11
iou_grid_n5,0.05,alr_Eos,76,0.12066113573419246,-0.10816081290837848,0.3595518709538923,27
nn_center_global,0.05,alr_Mac,76,-0.14034089646861586,-0.3590840989238205,-0.008265005065517722,24
nn_center_global,0.05,alr_Neu,76,0.10298478466613276,-0.16233659683247817,0.3146368553048804,18
nn_center_global,0.05,alr_Eos,76,0.33372334709758755,-0.05135462517335776,0.6061676396851134,53
nn_center_grid_n1,0.05,alr_Mac,76,-0.09266876115917895,-0.289232000719634,0.01623382395025036,17
nn_center_grid_n1,0.05,alr_Neu,76,0.07633004241885133,-0.15679810894545596,0.2711071038998645,12
nn_center_grid_n1,0.05,alr_Eos,76,0.2778883572697053,-0.052247317200227295,0.5398160112564077,47
nn_center_grid_n2,0.05,alr_Mac,76,-0.14397566132469397,-0.36317337607515754,-0.009320996664406583,25
nn_center_grid_n2,0.05,alr_Neu,76,0.09981660292568584,-0.16490098925763158,0.31509125877728406,18
nn_center_grid_n2,0.05,alr_Eos,76,0.3344867333745305,-0.054318427108444034,0.607516874167558,53
nn_center_grid_n3,0.05,alr_Mac,76,-0.14220355504355303,-0.36069478051623644,-0.008880869871009889,24
nn_center_grid_n3,0.05,alr_Neu,76,0.10081321715477409,-0.1636377862066272,0.3146853389268828,18
nn_center_grid_n3,0.05,alr_Eos,76,0.33424787977609194,-0.053843526685489945,0.6067460711394869,53
nn_center_grid_n4,0.05,alr_Mac,76,-0.14153594201245473,-0.36062431453133126,-0.008938057411827183,24
nn_center_grid_n4,0.05,alr_Neu,76,0.10283299458942358,-0.16329101389698691,0.31502538539110403,18
nn_center_grid_n4,0.05,alr_Eos,76,0.33398396283337606,-0.05108510025339702,0.6065028300328902,53
nn_center_grid_n5,0.05,alr_Mac,76,-0.14145555951328354,-0.3600635970567714,-0.008887824381534293,24
nn_center_grid_n5,0.05,alr_Neu,76,0.10226635527331938,-0.1628989253631812,0.31431432594352426,18
nn_center_grid_n5,0.05,alr_Eos,76,0.33402593903329736,-0.05384352668549011,0.6064378970758026,53
nn_cluster_global,0.05,alr_Mac,76,0.021483317444723926,-0.24167646711001112,0.21784222647072005,12
nn_cluster_global,0.05,alr_Neu,76,0.12859347521942177,-0.18356029636041157,0.37220752546768665,25
nn_cluster_global,0.05,alr_Eos,76,0.37814210053455,-0.0546404085114382,0.7068529213883279,56
nn_cluster_grid_n1,0.05,alr_Mac,76,-0.055695055898566215,-0.2688488267615488,0.10365849885219708,14
nn_cluster_grid_n1,0.05,alr_Neu,76,0.10741199524429756,-0.1600423886091779,0.3083120475505803,17
nn_cluster_grid_n1,0.05,alr_Eos,76,0.2872992273935877,-0.05215598822775264,0.6153013744479543,51
nn_cluster_grid_n2,0.05,alr_Mac,76,0.026008563685403108,-0.23469787182781743,0.21214783705790158,11
nn_cluster_grid_n2,0.05,alr_Neu,76,0.13120692812172607,-0.18192014557454897,0.3693425018168439,25
nn_cluster_grid_n2,0.05,alr_Eos,76,0.379248317013527,-0.05509173817524299,0.699726850361039,56
nn_cluster_grid_n3,0.05,alr_Mac,76,0.023476137522211227,-0.23839256567781897,0.2145791183298435,11
nn_cluster_grid_n3,0.05,alr_Neu,76,0.12976229016458296,-0.1826373242035555,0.3711138736945906,25
nn_cluster_grid_n3,0.05,alr_Eos,76,0.3787629738229845,-0.05469924038553747,0.7031610713402574,56
nn_cluster_grid_n4,0.05,alr_Mac,76,0.022579884235467862,-0.23954892938838745,0.21596833753978423,12
nn_cluster_grid_n4,0.05,alr_Neu,76,0.12784872902728095,-0.1832867863775139,0.371482110308588,25
nn_cluster_grid_n4,0.05,alr_Eos,76,0.37913274268796604,-0.05469924038553739,0.7044597637466301,56
nn_cluster_grid_n5,0.05,alr_Mac,76,0.022381081000488245,-0.24032368488563138,0.21606443993810792,12
nn_cluster_grid_n5,0.05,alr_Neu,76,0.12947448118339921,-0.18325763110261803,0.3716733101105326,25
nn_cluster_grid_n5,0.05,alr_Eos,76,0.3792946413150955,-0.05469924038553739,0.7049841620964835,56
nn_dist_global,0.05,alr_Mac,76,0.027436892864998286,-0.22576696651282235,0.18020216660585914,10
nn_dist_global,0.05,alr_Neu,76,0.1263842114564433,-0.17957254005159623,0.3567556812213645,20
nn_dist_global,0.05,alr_Eos,76,0.36681139984870503,-0.0575092937447515,0.6778241078169381,56
nn_dist_grid_n1,0.05,alr_Mac,76,-0.05957901743747712,-0.26991519480446197,0.06709269473161575,14
nn_dist_grid_n1,0.05,alr_Neu,76,0.09891466110475944,-0.16030496166734656,0.2850085789657689,16
nn_dist_grid_n1,0.05,alr_Eos,76,0.28098631594796,-0.05274368578949462,0.6042134549531307,51
nn_dist_grid_n2,0.05,alr_Mac,76,0.025516965097225897,-0.2281311039460171,0.18002917671842877,10
nn_dist_grid_n2,0.05,alr_Neu,76,0.12602241198362796,-0.18125056844744097,0.35707930879812533,20
nn_dist_grid_n2,0.05,alr_Eos,76,0.3675717475568949,-0.05771715144510903,0.6783543939820328,56
nn_dist_grid_n3,0.05,alr_Mac,76,0.026452687459602164,-0.22675644330861255,0.180258576755,10
nn_dist_grid_n3,0.05,alr_Neu,76,0.12632567107938697,-0.18057497725254368,0.35684150017595495,20
nn_dist_grid_n3,0.05,alr_Eos,76,0.3670756429951254,-0.05740166656511664,0.6780982905647526,56
nn_dist_grid_n4,0.05,alr_Mac,76,0.026702895818141226,-0.2267554560977565,0.1799454868434091,10
nn_dist_grid_n4,0.05,alr_Neu,76,0.12577699712461998,-0.18021766749450652,0.3571346226169657,20
nn_dist_grid_n4,0.05,alr_Eos,76,0.3668439678343862,-0.057451711697160485,0.6778578950251525,56
nn_dist_grid_n5,0.05,alr_Mac,76,0.027043943056179964,-0.22638074466377134,0.1800559674215445,10
nn_dist_grid_n5,0.05,alr_Neu,76,0.12627663464527727,-0.18001818481472637,0.3567322684769806,20
nn_dist_grid_n5,0.05,alr_Eos,76,0.36698166146452316,-0.057509293744751666,0.6777670727578473,56
iou_edgecrop_global,0.075,alr_Mac,76,-0.3235076429685631,-0.4547034890239898,-0.20229674854662577,73
iou_edgecrop_global,0.075,alr_Neu,76,0.03583431891075828,-0.1841990217884174,0.21121043237671477,9
iou_edgecrop_global,0.075,alr_Eos,76,0.08730473195647581,-0.123643113800598,0.3422517170525362,20
iou_edgecrop_grid_n1,0.075,alr_Mac,76,-0.3323292082742594,-0.4613052520016159,-0.20806352780908216,73
iou_edgecrop_grid_n1,0.075,alr_Neu,76,0.028568099554567628,-0.19005755835471433,0.20011298476114714,8
iou_edgecrop_grid_n1,0.075,alr_Eos,76,0.08410389498950244,-0.1256818090534364,0.33020500221501625,18
iou_edgecrop_grid_n2,0.075,alr_Mac,76,-0.3233216820720306,-0.4541243476019632,-0.20220462084514018,73
iou_edgecrop_grid_n2,0.075,alr_Neu,76,0.035672007596234456,-0.18489067019613087,0.21164372416804245,10
iou_edgecrop_grid_n2,0.075,alr_Eos,76,0.0858659513355795,-0.12344224152575045,0.342685600420065,20
iou_edgecrop_grid_n3,0.075,alr_Mac,76,-0.3234463108346307,-0.4545416243372087,-0.20229674854662577,73
iou_edgecrop_grid_n3,0.075,alr_Neu,76,0.03590076527286645,-0.18734649160711703,0.2116366899394857,10
iou_edgecrop_grid_n3,0.075,alr_Eos,76,0.08679905971927637,-0.12302330296582586,0.34216745947280547,20
iou_edgecrop_grid_n4,0.075,alr_Mac,76,-0.3235340532232038,-0.45386403954376076,-0.20229674854662577,73
iou_edgecrop_grid_n4,0.075,alr_Neu,76,0.03586205290453781,-0.18383019949383672,0.2113668246670416,9
iou_edgecrop_grid_n4,0.075,alr_Eos,76,0.08870076782733105,-0.12293699347033382,0.342324889436758,20
iou_edgecrop_grid_n5,0.075,alr_Mac,76,-0.32349018395359896,-0.45451211014087645,-0.20223477862674188,73
iou_edgecrop_grid_n5,0.075,alr_Neu,76,0.03585346829510794,-0.18759219187259413,0.21126255827511276,10
iou_edgecrop_grid_n5,0.075,alr_Eos,76,0.08667059106492081,-0.12343770617267313,0.34205724180009844,20
iou_global,0.075,alr_Mac,76,-0.04017480632702599,-0.24721228026488212,0.07150049008251574,6
iou_global,0.075,alr_Neu,76,0.07133654505318887,-0.14100518743082158,0.23483013409591647,11
iou_global,0.075,alr_Eos,76,0.11827897524457498,-0.10502296923807539,0.3725959455336689,28
iou_grid_n1,0.075,alr_Mac,76,-0.06379485002702656,-0.26281752682988646,0.018949984216168975,9
iou_grid_n1,0.075,alr_Neu,76,0.06711922305059237,-0.14341277655338752,0.22534352461236973,9
iou_grid_n1,0.075,alr_Eos,76,0.10849428021918772,-0.10976260307493718,0.35929806963075006,23
iou_grid_n2,0.075,alr_Mac,76,-0.04341462477509092,-0.2509718822087287,0.06877956762154007,6
iou_grid_n2,0.075,alr_Neu,76,0.06969910608340002,-0.14251453657436491,0.23309570826333548,11
iou_grid_n2,0.075,alr_Eos,76,0.11971245585108115,-0.10488965049898535,0.37615631652208437,27
iou_grid_n3,0.075,alr_Mac,76,-0.04161605134901734,-0.24950285994382876,0.0698431136510162,6
iou_grid_n3,0.075,alr_Neu,76,0.06904377162391578,-0.14066759650716598,0.23410288136922264,11
iou_grid_n3,0.075,alr_Eos,76,0.11970701920204707,-0.10529330960627573,0.3741563897389567,24
iou_grid_n4,0.075,alr_Mac,76,-0.04140741520938845,-0.2488802604872421,0.0708078316338572,6
iou_grid_n4,0.075,alr_Neu,76,0.0721285377114691,-0.14069938584050873,0.23450883604049721,11
iou_grid_n4,0.075,alr_Eos,76,0.11849465032948325,-0.10465305444751938,0.3734890725470078,28
iou_grid_n5,0.075,alr_Mac,76,-0.04091021217485777,-0.24908563248908672,0.07011019935409911,6
iou_grid_n5,0.075,alr_Neu,76,0.07282467833435047,-0.14052101564809788,0.23245475649171343,11
iou_grid_n5,0.075,alr_Eos,76,0.11879740031292108,-0.10643070025773146,0.37320434475688047,26
nn_center_global,0.075,alr_Mac,76,-0.15640688134894604,-0.3799368522600116,-0.02121650261502605,27
nn_center_global,0.075,alr_Neu,76,0.0886206540068073,-0.16248412658074235,0.31033820394248735,18
nn_center_global,0.075,alr_Eos,76,0.33558643321017767,-0.06109328035081954,0.6512710899377071,53
nn_center_grid_n1,0.075,alr_Mac,76,-0.09525446334365414,-0.29170465950498153,0.01656272190391128,17
nn_center_grid_n1,0.075,alr_Neu,76,0.08089803988489819,-0.1452280641266397,0.27124895558697115,12
nn_center_grid_n1,0.075,alr_Eos,76,0.2694120087539107,-0.0550763394351651,0.546121899947527,48
nn_center_grid_n2,0.075,alr_Mac,76,-0.16045009213070996,-0.38466098233049384,-0.025641748843194326,27
nn_center_grid_n2,0.075,alr_Neu,76,0.08843172179552605,-0.16585631412865626,0.31077789737248196,18
nn_center_grid_n2,0.075,alr_Eos,76,0.33622182242028154,-0.061675928723449375,0.6518446680177146,53
nn_center_grid_n3,0.075,alr_Mac,76,-0.15883816200652928,-0.3818784898968066,-0.023983040339750086,27
nn_center_grid_n3,0.075,alr_Neu,76,0.08845454392339458,-0.1641686314544026,0.3106100526109903,18
nn_center_grid_n3,0.075,alr_Eos,76,0.33585278845240607,-0.06162350306643438,0.6514349678628943,53
nn_center_grid_n4,0.075,alr_Mac,76,-0.15768022610917506,-0.3821233205057769,-0.02246436733868703,27
nn_center_grid_n4,0.075,alr_Neu,76,0.08853761253647252,-0.16428439899525343,0.3106712140083677,18
nn_center_grid_n4,0.075,alr_Eos,76,0.33549830255041213,-0.06077401819629999,0.6512710899377071,53
nn_center_grid_n5,0.075,alr_Mac,76,-0.1579093919452843,-0.38026966262701434,-0.02238332867722867,27
nn_center_grid_n5,0.075,alr_Neu,76,0.08841573775173583,-0.16399774969792036,0.31022333508870603,18
nn_center_grid_n5,0.075,alr_Eos,76,0.3356888607430566,-0.06146473537693564,0.6513589068111584,53
nn_cluster_global,0.075,alr_Mac,76,0.006077496360612278,-0.2753222606386132,0.21294299397595204,12
nn_cluster_global,0.075,alr_Neu,76,0.12086806415258855,-0.17135222953904397,0.3572659621916463,26
nn_cluster_global,0.075,alr_Eos,76,0.3580793557213182,-0.05564847145031279,0.6994852285293045,57
nn_cluster_grid_n1,0.075,alr_Mac,76,-0.05519142490175788,-0.2705995208688021,0.10313179085860194,13
nn_cluster_grid_n1,0.075,alr_Neu,76,0.1024978362571966,-0.14590756790856704,0.30819590746713643,19
nn_cluster_grid_n1,0.075,alr_Eos,76,0.2767580072830067,-0.0500436846703573,0.5967394086699588,51
nn_cluster_grid_n2,0.075,alr_Mac,76,0.011251419427193932,-0.26251330887179136,0.20807825147999276,11
nn_cluster_grid_n2,0.075,alr_Neu,76,0.1196096860976339,-0.17050056581042974,0.3540044653034644,23
nn_cluster_grid_n2,0.075,alr_Eos,76,0.3541382044518302,-0.05545485912221407,0.6992074507229489,57
nn_cluster_grid_n3,0.075,alr_Mac,76,0.009668249865639966,-0.26915091736524255,0.2099450356958371,11
nn_cluster_grid_n3,0.075,alr_Neu,76,0.12019249115257957,-0.1713241787449947,0.3553067873736767,25
nn_cluster_grid_n3,0.075,alr_Eos,76,0.3561906018782688,-0.05581390296542427,0.6993463010458738,57
nn_cluster_grid_n4,0.075,alr_Mac,76,0.007742968439075959,-0.2715244442957959,0.21168099556628253,12
nn_cluster_grid_n4,0.075,alr_Neu,76,0.12052612224528181,-0.1706778610930866,0.35602487419139306,25
nn_cluster_grid_n4,0.075,alr_Eos,76,0.3566481236470689,-0.05559816874849011,0.6993463010458738,57
nn_cluster_grid_n5,0.075,alr_Mac,76,0.007530743623540892,-0.2725731861817685,0.21185339034597472,12
nn_cluster_grid_n5,0.075,alr_Neu,76,0.12039848196425695,-0.17125386872705056,0.35613283400661777,25
nn_cluster_grid_n5,0.075,alr_Eos,76,0.35729725689117275,-0.05570604361383241,0.6994852285293045,57
nn_dist_global,0.075,alr_Mac,76,0.022998248877673495,-0.23903348414839964,0.1910305304403223,11
nn_dist_global,0.075,alr_Neu,76,0.11246885372840454,-0.16833866669346997,0.3424682866619895,20
nn_dist_global,0.075,alr_Eos,76,0.34829440178728155,-0.060410647273938106,0.6920819329430817,55
nn_dist_grid_n1,0.075,alr_Mac,76,-0.05819783931133027,-0.27146447851647776,0.06736140194853264,12
nn_dist_grid_n1,0.075,alr_Neu,76,0.09874819633648801,-0.14773650299471364,0.28254648901348667,18
nn_dist_grid_n1,0.075,alr_Eos,76,0.2737192164842157,-0.052792954611088544,0.5822532350290921,50
nn_dist_grid_n2,0.075,alr_Mac,76,0.018581292633556235,-0.24391421389593204,0.1883945606993805,11
nn_dist_grid_n2,0.075,alr_Neu,76,0.11163720246756548,-0.16944216185666225,0.3428948135355411,20
nn_dist_grid_n2,0.075,alr_Eos,76,0.34842789531363816,-0.0605176601870111,0.6924447827201035,55
nn_dist_grid_n3,0.075,alr_Mac,76,0.02060980540954427,-0.24142728242199785,0.18977963854411017,11
nn_dist_grid_n3,0.075,alr_Neu,76,0.1112743388389531,-0.16845425207467193,0.3427438399211389,20
nn_dist_grid_n3,0.075,alr_Eos,76,0.3484278953136384,-0.0605176601870111,0.6924776969456369,54
nn_dist_grid_n4,0.075,alr_Mac,76,0.021400909302088524,-0.24087447894336134,0.19012737657737144,10
nn_dist_grid_n4,0.075,alr_Neu,76,0.11241960962534614,-0.1680253884998798,0.3426304761694595,20
nn_dist_grid_n4,0.075,alr_Eos,76,0.3482944017872813,-0.060410647273938106,0.6920983851822321,55
nn_dist_grid_n5,0.075,alr_Mac,76,0.021749200444499066,-0.240142722123025,0.19075819166717273,11
nn_dist_grid_n5,0.075,alr_Neu,76,0.11113474004070567,-0.16833866669346997,0.3425938434490482,20
nn_dist_grid_n5,0.075,alr_Eos,76,0.3484278953136384,-0.06041064727393794,0.6922802332558744,55
iou_edgecrop_global,0.1,alr_Mac,76,-0.28113585493109094,-0.4226990544569439,-0.16383138199151936,66
iou_edgecrop_global,0.1,alr_Neu,76,0.061009452624800176,-0.17205087056884505,0.2264914032247043,13
iou_edgecrop_global,0.1,alr_Eos,76,0.0943977640833018,-0.1351510456728493,0.3561812450567542,18
iou_edgecrop_grid_n1,0.1,alr_Mac,76,-0.3224997132108612,-0.4614165450423326,-0.19151419700335645,71
iou_edgecrop_grid_n1,0.1,alr_Neu,76,0.024015845223743337,-0.20672353937292332,0.18996426751235063,8
iou_edgecrop_grid_n1,0.1,alr_Eos,76,0.06849403007930599,-0.16629959300050778,0.32787392531730786,17
iou_edgecrop_grid_n2,0.1,alr_Mac,76,-0.28128945028027874,-0.4223027532588194,-0.162740101885954,66
iou_edgecrop_grid_n2,0.1,alr_Neu,76,0.06032302826235991,-0.1702524221919416,0.22653321040997665,12
iou_edgecrop_grid_n2,0.1,alr_Eos,76,0.0943977640833018,-0.14173520785650395,0.3556433709010035,18
iou_edgecrop_grid_n3,0.1,alr_Mac,76,-0.2813083278495868,-0.4226990544569439,-0.16310622344558015,66
iou_edgecrop_grid_n3,0.1,alr_Neu,76,0.06007397757965616,-0.1708303008366192,0.22638822407518344,12
iou_edgecrop_grid_n3,0.1,alr_Eos,76,0.09558364100699945,-0.14209311767002475,0.35596981571785213,18
iou_edgecrop_grid_n4,0.1,alr_Mac,76,-0.28149713108796526,-0.4222467287574113,-0.16399920824453923,66
iou_edgecrop_grid_n4,0.1,alr_Neu,76,0.06054687244882451,-0.17147304883009434,0.22657768976525194,13
iou_edgecrop_grid_n4,0.1,alr_Eos,76,0.09765976694358525,-0.1420801084681823,0.3557779688097885,18
iou_edgecrop_grid_n5,0.1,alr_Mac,76,-0.28149713108796526,-0.4226430299555358,-0.16253436402887764,66
iou_edgecrop_grid_n5,0.1,alr_Neu,76,0.060122008045165765,-0.17083030083661915,0.22462097427434058,12
iou_edgecrop_grid_n5,0.1,alr_Eos,76,0.09855564963701124,-0.13475292527013127,0.35583830856671805,18
iou_global,0.1,alr_Mac,76,-0.056795431467735184,-0.27243791430688635,0.0414795573222535,8
iou_global,0.1,alr_Neu,76,0.06664002501491129,-0.14709275836636077,0.23332748538256676,9
iou_global,0.1,alr_Eos,76,0.12622873096471476,-0.092218583139318,0.37028674559981267,27
iou_grid_n1,0.1,alr_Mac,76,-0.06425896400148895,-0.26393307768068597,0.01767261642179609,8
iou_grid_n1,0.1,alr_Neu,76,0.060064839941147086,-0.14894664731373308,0.22445725654049486,8
iou_grid_n1,0.1,alr_Eos,76,0.11481174418988349,-0.10008312448933115,0.3244123337266681,26
iou_grid_n2,0.1,alr_Mac,76,-0.05950734368911527,-0.28031518022201773,0.038026358528129856,8
iou_grid_n2,0.1,alr_Neu,76,0.06569303394497694,-0.14661538696691934,0.23348529635823356,9
iou_grid_n2,0.1,alr_Eos,76,0.12805253245073,-0.09038569926983814,0.3681325578479273,26
iou_grid_n3,0.1,alr_Mac,76,-0.058114650783975035,-0.2745251754733422,0.03988486665451432,8
iou_grid_n3,0.1,alr_Neu,76,0.06496139403307288,-0.14676204338055554,0.23385235504431978,8
iou_grid_n3,0.1,alr_Eos,76,0.1285247961463991,-0.08951303202012928,0.37099975744226155,28
iou_grid_n4,0.1,alr_Mac,76,-0.05760391526818196,-0.2767837266720825,0.03929124932159139,8
iou_grid_n4,0.1,alr_Neu,76,0.06546249280261729,-0.14696346308004105,0.23359601983097011,9
iou_grid_n4,0.1,alr_Eos,76,0.1297043989139861,-0.09417318484058321,0.3667949481969246,26
iou_grid_n5,0.1,alr_Mac,76,-0.05736272097704855,-0.27568454708328594,0.040076153684523746,8
iou_grid_n5,0.1,alr_Neu,76,0.06500114874075846,-0.1450085667683081,0.23294269190463124,9
iou_grid_n5,0.1,alr_Eos,76,0.13185466887571673,-0.09152185338919475,0.3667178632479726,27
nn_center_global,0.1,alr_Mac,76,-0.16255483960233025,-0.41203915344762665,-0.027141747899591062,27
nn_center_global,0.1,alr_Neu,76,0.08648590641775133,-0.18029503055776208,0.30374584742808697,18
nn_center_global,0.1,alr_Eos,76,0.34032311827212824,-0.0525425877177598,0.62383496434685,58
nn_center_grid_n1,0.1,alr_Mac,76,-0.09454193831038639,-0.29201410334973865,0.013224295274843922,17
nn_center_grid_n1,0.1,alr_Neu,76,0.07736246020390491,-0.16021057799699695,0.264386327443507,12
nn_center_grid_n1,0.1,alr_Eos,76,0.272010732441923,-0.06232051021302981,0.534288254955585,49
nn_center_grid_n2,0.1,alr_Mac,76,-0.16828987891527797,-0.4171565194623278,-0.029550892170025267,28
nn_center_grid_n2,0.1,alr_Neu,76,0.08661659372727926,-0.1813402152133994,0.30409653144427207,19
nn_center_grid_n2,0.1,alr_Eos,76,0.3406837710692996,-0.052064118672188714,0.6220537222594019,58
nn_center_grid_n3,0.1,alr_Mac,76,-0.16554818928229714,-0.4148950363968714,-0.028001089599963058,27
nn_center_grid_n3,0.1,alr_Neu,76,0.08682168859702821,-0.18094907680415118,0.3039156132144356,18
nn_center_grid_n3,0.1,alr_Eos,76,0.34050341215310453,-0.052064118672188714,0.6216981530359292,58
nn_center_grid_n4,0.1,alr_Mac,76,-0.16495853351856904,-0.41328386499315417,-0.028381819314899026,27
nn_center_grid_n4,0.1,alr_Neu,76,0.08631947541881435,-0.18073226388205066,0.3037746157093646,18
nn_center_grid_n4,0.1,alr_Eos,76,0.34045833258764113,-0.0520641186721888,0.6238691401655414,58
nn_center_grid_n5,0.1,alr_Mac,76,-0.16457463934936395,-0.4127726548004428,-0.028149493622388083,27
nn_center_grid_n5,0.1,alr_Neu,76,0.0867429619974468,-0.18090646195703525,0.3036336395023683,18
nn_center_grid_n5,0.1,alr_Eos,76,0.34032311827212824,-0.0520641186721888,0.6239473431664013,58
nn_cluster_global,0.1,alr_Mac,76,0.0018212741896147522,-0.280832076120099,0.20804385847269094,13
nn_cluster_global,0.1,alr_Neu,76,0.12056234916521724,-0.1962715565764091,0.3519534825903481,24
nn_cluster_global,0.1,alr_Eos,76,0.3598217762655973,-0.06406712098187184,0.655049097644615,61
nn_cluster_grid_n1,0.1,alr_Mac,76,-0.05587264772521383,-0.27191846649683726,0.10441988896602795,13
nn_cluster_grid_n1,0.1,alr_Neu,76,0.1026140059946814,-0.16403827736641738,0.30533365534813317,19
nn_cluster_grid_n1,0.1,alr_Eos,76,0.2828692489126128,-0.06077610342079284,0.5576035197799847,52
nn_cluster_grid_n2,0.1,alr_Mac,76,0.011885614484599571,-0.2680905595652735,0.20626583922580202,12
nn_cluster_grid_n2,0.1,alr_Neu,76,0.11828793814046312,-0.19473667456168356,0.34635744492096576,23
nn_cluster_grid_n2,0.1,alr_Eos,76,0.3551447063979647,-0.06461391281343137,0.6484852074173626,61
nn_cluster_grid_n3,0.1,alr_Mac,76,0.00734066039161263,-0.2739903279460626,0.20723280269735808,12
nn_cluster_grid_n3,0.1,alr_Neu,76,0.11897723698176099,-0.19551688364636763,0.34904439661636566,24
nn_cluster_grid_n3,0.1,alr_Eos,76,0.3569125905848003,-0.06448541435579322,0.6519096353918745,61
nn_cluster_grid_n4,0.1,alr_Mac,76,0.0056627095853242215,-0.27661313654960673,0.20691783227704055,12
nn_cluster_grid_n4,0.1,alr_Neu,76,0.11992693343822958,-0.19615302679314936,0.3502104425555278,24
nn_cluster_grid_n4,0.1,alr_Eos,76,0.3578180145902863,-0.06469447359059627,0.652519604590283,61
nn_cluster_grid_n5,0.1,alr_Mac,76,0.004530866413000378,-0.27723585052714483,0.20767625113881885,13
nn_cluster_grid_n5,0.1,alr_Neu,76,0.1202263346447805,-0.19617539584522198,0.3502403707971078,24
nn_cluster_grid_n5,0.1,alr_Eos,76,0.35835773052581166,-0.06427629683038982,0.6539378080124423,61
nn_dist_global,0.1,alr_Mac,76,0.023101017321146687,-0.2530921148776446,0.18412631532018114,12
nn_dist_global,0.1,alr_Neu,76,0.10983393266002595,-0.19488670902478009,0.3299351441506454,21
nn_dist_global,0.1,alr_Eos,76,0.3472839983987317,-0.06595839333548029,0.6371770852435683,61
nn_dist_grid_n1,0.1,alr_Mac,76,-0.059761751744635605,-0.2730751422756722,0.06771800844660286,12
nn_dist_grid_n1,0.1,alr_Neu,76,0.09786641178310507,-0.1643375104117038,0.29324003568825563,16
nn_dist_grid_n1,0.1,alr_Eos,76,0.27723018316629444,-0.061475893534543136,0.5534889577675717,50
nn_dist_grid_n2,0.1,alr_Mac,76,0.019029866270583902,-0.257617946149464,0.17966655800215148,12
nn_dist_grid_n2,0.1,alr_Neu,76,0.10969783639424957,-0.19474768362948383,0.3302241412602419,21
nn_dist_grid_n2,0.1,alr_Eos,76,0.3480954341815583,-0.06512598481495949,0.6380125854892698,61
nn_dist_grid_n3,0.1,alr_Mac,76,0.020995796830533993,-0.25520468704546095,0.18234882744130848,12
nn_dist_grid_n3,0.1,alr_Neu,76,0.10986776634466255,-0.19488122252106693,0.3298890087307026,21
nn_dist_grid_n3,0.1,alr_Eos,76,0.34750656684220194,-0.06554230455920493,0.6377594204209756,61
nn_dist_grid_n4,0.1,alr_Mac,76,0.021589282830158756,-0.25456486840303066,0.18275690060348398,12
nn_dist_grid_n4,0.1,alr_Neu,76,0.10986287647419923,-0.19502993151512818,0.3299258286225577,21
nn_dist_grid_n4,0.1,alr_Eos,76,0.3474212918873065,-0.0657503778023206,0.637632772355474,61
nn_dist_grid_n5,0.1,alr_Mac,76,0.022203999787743976,-0.25429582875771123,0.18277509853744656,12
nn_dist_grid_n5,0.1,alr_Neu,76,0.10990407073749353,-0.1946628932115303,0.32995617984696335,21
nn_dist_grid_n5,0.1,alr_Eos,76,0.34755232714974316,-0.06554230455920493,0.6373546058907311,61
iou_edgecrop_global,0.15,alr_Mac,76,-0.19477681163384258,-0.3592940973020685,-0.07591865226782069,37
iou_edgecrop_global,0.15,alr_Neu,76,0.08377878057525512,-0.14904738323851435,0.24056506951642398,12
iou_edgecrop_global,0.15,alr_Eos,76,0.1292363553669027,-0.1233842419931685,0.40377775666461435,26
iou_edgecrop_grid_n1,0.15,alr_Mac,76,-0.3305013439800763,-0.46637131613818966,-0.19070631467084379,71
iou_edgecrop_grid_n1,0.15,alr_Neu,76,0.03132303776792855,-0.1878248917054558,0.19889478370075953,8
iou_edgecrop_grid_n1,0.15,alr_Eos,76,0.10588629449512765,-0.14977743461626974,0.355587673267718,20
iou_edgecrop_grid_n2,0.15,alr_Mac,76,-0.19483478066008658,-0.36000478602162134,-0.07608218745944567,37
iou_edgecrop_grid_n2,0.15,alr_Neu,76,0.08352859292930448,-0.1494017419087577,0.24143633201485792,12
iou_edgecrop_grid_n2,0.15,alr_Eos,76,0.12529701471235444,-0.12444731800389858,0.402522797722756,26
iou_edgecrop_grid_n3,0.15,alr_Mac,76,-0.19478423995195443,-0.36012543184038415,-0.07613570313185458,37
iou_edgecrop_grid_n3,0.15,alr_Neu,76,0.08458843877797717,-0.14857412233049994,0.2402766971967959,12
iou_edgecrop_grid_n3,0.15,alr_Eos,76,0.12845604592438864,-0.12190051138235086,0.4018472536682348,25
iou_edgecrop_grid_n4,0.15,alr_Mac,76,-0.19467144389424124,-0.3595721738175456,-0.07591966685500229,37
iou_edgecrop_grid_n4,0.15,alr_Neu,76,0.0837876142149977,-0.149283678152136,0.2405492772697737,12
iou_edgecrop_grid_n4,0.15,alr_Eos,76,0.1335673755033524,-0.12408033672047586,0.4018944903238951,26
iou_edgecrop_grid_n5,0.15,alr_Mac,76,-0.1948046520525697,-0.3597098588947665,-0.07583926807637081,37
iou_edgecrop_grid_n5,0.15,alr_Neu,76,0.08534303795953246,-0.14881086477243394,0.24101646861455506,12
iou_edgecrop_grid_n5,0.15,alr_Eos,76,0.11755412540494459,-0.12264910678592061,0.40318204428818594,27
iou_global,0.15,alr_Mac,76,-0.05674252250579935,-0.2787799282688289,0.04546245482974004,10
iou_global,0.15,alr_Neu,76,0.0782725207373598,-0.1689968032752429,0.2544917501057985,13
iou_global,0.15,alr_Eos,76,0.13275626586863254,-0.11138984731353321,0.502352362075452,29
iou_grid_n1,0.15,alr_Mac,76,-0.06492473224484696,-0.25670227057888484,0.01604604328712339,9
iou_grid_n1,0.15,alr_Neu,76,0.06893894012440449,-0.1412983793301043,0.2306944949507017,11
iou_grid_n1,0.15,alr_Eos,76,0.12659092433886332,-0.08749959619272965,0.40234241139204385,23
iou_grid_n2,0.15,alr_Mac,76,-0.05963094674277819,-0.2840384889590206,0.04120031390517864,11
iou_grid_n2,0.15,alr_Neu,76,0.07888384291581119,-0.16941479562236011,0.2492543548770636,13
iou_grid_n2,0.15,alr_Eos,76,0.13689645938431383,-0.11326858427415396,0.49564858609306406,28
iou_grid_n3,0.15,alr_Mac,76,-0.05828806053557742,-0.27986941052269454,0.04299455298837218,11
iou_grid_n3,0.15,alr_Neu,76,0.07757797124576227,-0.16863763282759087,0.24990556489586413,13
iou_grid_n3,0.15,alr_Eos,76,0.1335891288890002,-0.11230601281100802,0.5098640185922241,28
iou_grid_n4,0.15,alr_Mac,76,-0.05769154723227653,-0.27978559261961,0.04355785581714949,10
iou_grid_n4,0.15,alr_Neu,76,0.07589190660703204,-0.16890815995258873,0.2504164129864175,13
iou_grid_n4,0.15,alr_Eos,76,0.1330605753256766,-0.11293284717886881,0.5139803090472953,28
iou_grid_n5,0.15,alr_Mac,76,-0.0576400645268499,-0.27826739388442323,0.044079156440124945,10
iou_grid_n5,0.15,alr_Neu,76,0.07733978148341736,-0.16898578887768917,0.25154159221598316,13
iou_grid_n5,0.15,alr_Eos,76,0.13148279162749787,-0.11118343765975691,0.5085319676076578,28
nn_center_global,0.15,alr_Mac,76,-0.1612855544188726,-0.4265041717558198,-0.025590544042885355,29
nn_center_global,0.15,alr_Neu,76,0.10178724311305332,-0.20799646879282524,0.3248953391711983,20
nn_center_global,0.15,alr_Eos,76,0.38933280653206026,-0.04878381199407983,0.6775830002020146,57
nn_center_grid_n1,0.15,alr_Mac,76,-0.0953564633962966,-0.2896587039238003,0.017844104034283575,16
nn_center_grid_n1,0.15,alr_Neu,76,0.08261571987660654,-0.14876388865470774,0.2711379546554826,13
nn_center_grid_n1,0.15,alr_Eos,76,0.3001797499636478,-0.05034459352865692,0.5791419572508836,47
nn_center_grid_n2,0.15,alr_Mac,76,-0.16519836776808045,-0.4317304135622061,-0.028048606336553566,30
nn_center_grid_n2,0.15,alr_Neu,76,0.10115318801064666,-0.2095624575646058,0.32549473104346216,19
nn_center_grid_n2,0.15,alr_Eos,76,0.38969986906833154,-0.048679391526150306,0.6778834207948558,57
nn_center_grid_n3,0.15,alr_Mac,76,-0.16343749355852283,-0.42946361061874805,-0.027278206107346437,30
nn_center_grid_n3,0.15,alr_Neu,76,0.10138807719259468,-0.209391818032515,0.3250012080060578,20
nn_center_grid_n3,0.15,alr_Eos,76,0.38933280653206026,-0.04871420319507791,0.677432835019813,57
nn_center_grid_n4,0.15,alr_Mac,76,-0.16283007445876935,-0.42877662997845434,-0.027441081749695312,29
nn_center_grid_n4,0.15,alr_Neu,76,0.10183624839507466,-0.2088010361794098,0.3252585216236864,19
nn_center_grid_n4,0.15,alr_Eos,76,0.389728493656861,-0.048679391526150306,0.6777331954563462,57
nn_center_grid_n5,0.15,alr_Mac,76,-0.1624011707246622,-0.4281987333236489,-0.026818392293037924,29
nn_center_grid_n5,0.15,alr_Neu,76,0.10135770822279955,-0.2085035682036246,0.32494331753457073,20
nn_center_grid_n5,0.15,alr_Eos,76,0.38936142292926346,-0.04878381199407977,0.677432835019813,57
nn_cluster_global,0.15,alr_Mac,76,0.00017208728470885504,-0.2847694320910791,0.21368286440038453,14
nn_cluster_global,0.15,alr_Neu,76,0.13042468700768148,-0.21701240393345228,0.3703215897282397,31
nn_cluster_global,0.15,alr_Eos,76,0.43081166805650684,-0.0515434697233266,0.8210572501749628,60
nn_cluster_grid_n1,0.15,alr_Mac,76,-0.054016894732831944,-0.2663302935881312,0.10257965687545752,13
nn_cluster_grid_n1,0.15,alr_Neu,76,0.10752033942302978,-0.15076466424615148,0.3046415101901099,17
nn_cluster_grid_n1,0.15,alr_Eos,76,0.31248267776030225,-0.04416138351162294,0.6251545362796144,52
nn_cluster_grid_n2,0.15,alr_Mac,76,0.00805686432214714,-0.2763082268020474,0.2103569438440795,12
nn_cluster_grid_n2,0.15,alr_Neu,76,0.12837082736801284,-0.2154391065157552,0.3671807280006707,30
nn_cluster_grid_n2,0.15,alr_Eos,76,0.4250415606909579,-0.05296020057619691,0.8108620615041819,59
nn_cluster_grid_n3,0.15,alr_Mac,76,0.0041922697735123915,-0.28062158337798004,0.21185029447061204,13
nn_cluster_grid_n3,0.15,alr_Neu,76,0.1299449556204357,-0.21637327947025933,0.3684062884088647,30
nn_cluster_grid_n3,0.15,alr_Eos,76,0.427804628429707,-0.05301230172793869,0.8162086692206552,59
nn_cluster_grid_n4,0.15,alr_Mac,76,0.002943942842548175,-0.28174119572777945,0.21335680456795364,14
nn_cluster_grid_n4,0.15,alr_Neu,76,0.1293292558392671,-0.2168195122414073,0.36935756208325865,30
nn_cluster_grid_n4,0.15,alr_Eos,76,0.4288290148800691,-0.052888507686806835,0.8174487898454442,60
nn_cluster_grid_n5,0.15,alr_Mac,76,0.0021445643884527854,-0.28247305407727547,0.21302253725614612,14
nn_cluster_grid_n5,0.15,alr_Neu,76,0.13000489687807512,-0.21654462207608294,0.3694451868050975,30
nn_cluster_grid_n5,0.15,alr_Eos,76,0.4293134821569944,-0.05161409119272281,0.8186464183977401,60
nn_dist_global,0.15,alr_Mac,76,0.02078548015890902,-0.2612342234511521,0.2012666905450204,12
nn_dist_global,0.15,alr_Neu,76,0.12379636110496173,-0.21319825315075766,0.35329322077055847,27
nn_dist_global,0.15,alr_Eos,76,0.40571205956423073,-0.05413745508557177,0.7506137470989749,59
nn_dist_grid_n1,0.15,alr_Mac,76,-0.057652774628561165,-0.26849879093493584,0.06597468537489931,12
nn_dist_grid_n1,0.15,alr_Neu,76,0.10167504561589613,-0.15154363047437927,0.29241975563850187,16
nn_dist_grid_n1,0.15,alr_Eos,76,0.3064950701693694,-0.04810160418230927,0.5969386617574097,50
nn_dist_grid_n2,0.15,alr_Mac,76,0.015245936938959592,-0.26670300474255737,0.19487706149576767,12
nn_dist_grid_n2,0.15,alr_Neu,76,0.12301622075091045,-0.21417378692128053,0.3532001084690227,28
nn_dist_grid_n2,0.15,alr_Eos,76,0.4059243175529017,-0.053997340187691034,0.7516590694172584,59
nn_dist_grid_n3,0.15,alr_Mac,76,0.018245926492183484,-0.2644358113140478,0.19728719118418103,12
nn_dist_grid_n3,0.15,alr_Neu,76,0.12383778118549604,-0.21458936227465486,0.3532944751936167,28
nn_dist_grid_n3,0.15,alr_Eos,76,0.4057684628048783,-0.05403237627491811,0.7511308222529745,59
nn_dist_grid_n4,0.15,alr_Mac,76,0.0188888166964285,-0.26336362855969986,0.19861232880003016,12
nn_dist_grid_n4,0.15,alr_Neu,76,0.12389485565398595,-0.21428856958943518,0.3533718818388196,27
nn_dist_grid_n4,0.15,alr_Eos,76,0.4057308440563563,-0.05403237627491794,0.751042021433713,59
nn_dist_grid_n5,0.15,alr_Mac,76,0.019397693451564724,-0.26294480434089496,0.19935270244805287,12
nn_dist_grid_n5,0.15,alr_Neu,76,0.12381502771374553,-0.21441563439278863,0.3533537270877132,27
nn_dist_grid_n5,0.15,alr_Eos,76,0.4056126337596888,-0.05403237627491814,0.750952157346734,59
iou_edgecrop_global,0.2,alr_Mac,76,-0.16829017273864938,-0.33215923558522464,-0.04095458156668258,26
iou_edgecrop_global,0.2,alr_Neu,76,0.07236302177484877,-0.15929799414343496,0.2380954077494174,15
iou_edgecrop_global,0.2,alr_Eos,76,0.11686953282520518,-0.1280108554609954,0.37923159339486756,23
iou_edgecrop_grid_n1,0.2,alr_Mac,76,-0.32193246932523445,-0.464375624543169,-0.2048649566690943,72
iou_edgecrop_grid_n1,0.2,alr_Neu,76,0.02246102417034257,-0.19517377539935973,0.19926525747105672,8
iou_edgecrop_grid_n1,0.2,alr_Eos,76,0.07226820124792566,-0.10799762191292978,0.33120166650597394,17
iou_edgecrop_grid_n2,0.2,alr_Mac,76,-0.16856418137121448,-0.33250124800031156,-0.04063553451294402,26
iou_edgecrop_grid_n2,0.2,alr_Neu,76,0.0705281813883607,-0.15932835856785008,0.2403440674822248,14
iou_edgecrop_grid_n2,0.2,alr_Eos,76,0.11554001187280916,-0.1264469012867901,0.37742962153239334,23
iou_edgecrop_grid_n3,0.2,alr_Mac,76,-0.1683519736163006,-0.3317173983162995,-0.04052598733071261,26
iou_edgecrop_grid_n3,0.2,alr_Neu,76,0.07281004374976896,-0.161201963141491,0.23823935431571663,15
iou_edgecrop_grid_n3,0.2,alr_Eos,76,0.11399957815043837,-0.12726627525868678,0.3771814822501115,23
iou_edgecrop_grid_n4,0.2,alr_Mac,76,-0.16838151484108838,-0.3320471808279959,-0.04081810083674134,26
iou_edgecrop_grid_n4,0.2,alr_Neu,76,0.0715342419551801,-0.15977867380203312,0.2402510672951519,15
iou_edgecrop_grid_n4,0.2,alr_Eos,76,0.11322272065483086,-0.12627048031863863,0.3741022156979341,23
iou_edgecrop_grid_n5,0.2,alr_Mac,76,-0.16847285105124538,-0.33197555336087636,-0.040701323880491413,26
iou_edgecrop_grid_n5,0.2,alr_Neu,76,0.07072569841001952,-0.15977867380203312,0.2403167480575974,15
iou_edgecrop_grid_n5,0.2,alr_Eos,76,0.11670705531287728,-0.12681321323067635,0.3773981934398646,23
iou_global,0.2,alr_Mac,76,-0.05640525004202457,-0.28634043575469725,0.04156271919513088,10
iou_global,0.2,alr_Neu,76,0.0628279732778938,-0.14039733892936387,0.23757974425848005,12
iou_global,0.2,alr_Eos,76,0.13317281048973373,-0.12161578730651243,0.4992182524762311,28
iou_grid_n1,0.2,alr_Mac,76,-0.06620779182014619,-0.2612665571520416,0.019594527396576106,8
iou_grid_n1,0.2,alr_Neu,76,0.06068466174561582,-0.14823749387635043,0.23015904896183315,9
iou_grid_n1,0.2,alr_Eos,76,0.12706820374579264,-0.0997568494606815,0.4511593659885055,24
iou_grid_n2,0.2,alr_Mac,76,-0.06016982751751426,-0.2918205480403212,0.03773869234592303,10
iou_grid_n2,0.2,alr_Neu,76,0.06373327494019093,-0.144423813622742,0.23934370737348032,12
iou_grid_n2,0.2,alr_Eos,76,0.13236973782787798,-0.12809846469844907,0.4946309678091819,28
iou_grid_n3,0.2,alr_Mac,76,-0.058994378885957266,-0.2906284825472668,0.03861725036464059,10
iou_grid_n3,0.2,alr_Neu,76,0.06191141511002951,-0.14456849153014545,0.237759325434435,12
iou_grid_n3,0.2,alr_Eos,76,0.13200635822222473,-0.1263961350431619,0.48193833149982923,28
iou_grid_n4,0.2,alr_Mac,76,-0.058133218692654476,-0.2886978968029814,0.04071064050147438,10
iou_grid_n4,0.2,alr_Neu,76,0.06269509331843776,-0.14143872820150746,0.23801917149665797,12
iou_grid_n4,0.2,alr_Eos,76,0.13130801949842996,-0.12404514842322345,0.4944880698344425,28
iou_grid_n5,0.2,alr_Mac,76,-0.05751048073207987,-0.2880319025060837,0.04079430494649572,10
iou_grid_n5,0.2,alr_Neu,76,0.06407534639368556,-0.14231460975513346,0.24011445777277596,12
iou_grid_n5,0.2,alr_Eos,76,0.13764716788379405,-0.12384740740867087,0.48111708868217307,28
nn_center_global,0.2,alr_Mac,76,-0.1676410653710233,-0.41634682692010394,-0.019266114607325163,29
nn_center_global,0.2,alr_Neu,76,0.0889015393205248,-0.19171999916643218,0.32641663992032377,22
nn_center_global,0.2,alr_Eos,76,0.4083611869613861,-0.047533830780125186,0.7276797276224791,58
nn_center_grid_n1,0.2,alr_Mac,76,-0.09887317147117802,-0.28826021419081466,0.016286985496290235,17
nn_center_grid_n1,0.2,alr_Neu,76,0.07823965648038378,-0.14722182387076832,0.26997232730821263,14
nn_center_grid_n1,0.2,alr_Eos,76,0.29085159718715436,-0.051251149455915274,0.583334012070436,47
nn_center_grid_n2,0.2,alr_Mac,76,-0.17157669141306303,-0.4204466567596903,-0.021499898151339764,30
nn_center_grid_n2,0.2,alr_Neu,76,0.08456846265572227,-0.19288143137835312,0.3273360194422973,22
nn_center_grid_n2,0.2,alr_Eos,76,0.40875747985154054,-0.04743336376586921,0.7285198117953857,58
nn_center_grid_n3,0.2,alr_Mac,76,-0.16990550446077465,-0.41901781077036504,-0.02074319282993578,30
nn_center_grid_n3,0.2,alr_Neu,76,0.08919540653498204,-0.19330574716854934,0.32666192098694835,22
nn_center_grid_n3,0.2,alr_Eos,76,0.40856706608031756,-0.047953727347417985,0.7282399684784067,58
nn_center_grid_n4,0.2,alr_Mac,76,-0.16922202898129593,-0.4184957970890022,-0.020253388703592806,30
nn_center_grid_n4,0.2,alr_Neu,76,0.08909083387396266,-0.19168082872742734,0.32693500479477555,22
nn_center_grid_n4,0.2,alr_Eos,76,0.40856706608031756,-0.04742980137431313,0.7279857333550508,58
nn_center_grid_n5,0.2,alr_Mac,76,-0.16868920750249256,-0.417877478831049,-0.02025431845765427,30
nn_center_grid_n5,0.2,alr_Neu,76,0.08913041275469236,-0.1934155166543963,0.3266517190051723,22
nn_center_grid_n5,0.2,alr_Eos,76,0.4084180374446764,-0.04779574801694103,0.7279737419477368,58
nn_cluster_global,0.2,alr_Mac,76,0.0007313433965289162,-0.29125477091872787,0.21693965639009838,14
nn_cluster_global,0.2,alr_Neu,76,0.1246811632610847,-0.20363272156464418,0.3834487647775331,25
nn_cluster_global,0.2,alr_Eos,76,0.440520281652508,-0.04554167704766077,0.8092587194670405,60
nn_cluster_grid_n1,0.2,alr_Mac,76,-0.05861503151422487,-0.27175055106987867,0.10430809646246988,13
nn_cluster_grid_n1,0.2,alr_Neu,76,0.10439144603607975,-0.15013529838285922,0.3037141280059684,19
nn_cluster_grid_n1,0.2,alr_Eos,76,0.3248445069205377,-0.04655405906615545,0.6291485621007196,50
nn_cluster_grid_n2,0.2,alr_Mac,76,0.010164834701057224,-0.28074404155497523,0.21298730895447432,12
nn_cluster_grid_n2,0.2,alr_Neu,76,0.1253277139492398,-0.1988708584102738,0.38205712646824763,24
nn_cluster_grid_n2,0.2,alr_Eos,76,0.43265852713149555,-0.04591102704148464,0.7966460938915385,59
nn_cluster_grid_n3,0.2,alr_Mac,76,0.005575757214447363,-0.2855074095484108,0.2145782758408099,13
nn_cluster_grid_n3,0.2,alr_Neu,76,0.12436105147420506,-0.20060145588275355,0.3822760900836445,25
nn_cluster_grid_n3,0.2,alr_Eos,76,0.43631336098086915,-0.04622644023741393,0.8024809488275396,59
nn_cluster_grid_n4,0.2,alr_Mac,76,0.003827572939165025,-0.2880219225754916,0.215060889813472,13
nn_cluster_grid_n4,0.2,alr_Neu,76,0.12485217600205789,-0.20305295723392291,0.3826853522536606,25
nn_cluster_grid_n4,0.2,alr_Eos,76,0.4379605652938183,-0.04569993968929156,0.8056211039910869,59
nn_cluster_grid_n5,0.2,alr_Mac,76,0.0029218057631749117,-0.28833824477015096,0.2155431291665082,13
nn_cluster_grid_n5,0.2,alr_Neu,76,0.12504530111902767,-0.2022725931764062,0.38308882615280193,25
nn_cluster_grid_n5,0.2,alr_Eos,76,0.43849681434066956,-0.04585779928627137,0.8055511343383269,59
nn_dist_global,0.2,alr_Mac,76,0.02173645285260084,-0.26356939014049674,0.20340257190854627,12
nn_dist_global,0.2,alr_Neu,76,0.12015618035754372,-0.19842621442667557,0.3701673312878455,24
nn_dist_global,0.2,alr_Eos,76,0.41529458199943714,-0.04866304250711859,0.7770614754331546,59
nn_dist_grid_n1,0.2,alr_Mac,76,-0.06372774222813993,-0.2729372752401305,0.06785546336272229,12
nn_dist_grid_n1,0.2,alr_Neu,76,0.0990435369464957,-0.15138023626803843,0.28899860486631235,19
nn_dist_grid_n1,0.2,alr_Eos,76,0.3171882489744211,-0.04942919949849178,0.603942241539382,49
nn_dist_grid_n2,0.2,alr_Mac,76,0.015722209222514105,-0.2698613243305711,0.19886841429725338,12
nn_dist_grid_n2,0.2,alr_Neu,76,0.11777273630453755,-0.19908932106761942,0.3690739470756095,23
nn_dist_grid_n2,0.2,alr_Eos,76,0.4155640510431611,-0.04924050082727846,0.777920814246092,59
nn_dist_grid_n3,0.2,alr_Mac,76,0.018528417211284953,-0.26717192079457525,0.20134142593326398,12
nn_dist_grid_n3,0.2,alr_Neu,76,0.11919494393371699,-0.19908062543730407,0.36907051413045044,23
nn_dist_grid_n3,0.2,alr_Eos,76,0.41532938374798944,-0.049082783259646906,0.777507389308645,59
nn_dist_grid_n4,0.2,alr_Mac,76,0.019706581694135084,-0.2658567718555859,0.20093834140802513,12
nn_dist_grid_n4,0.2,alr_Neu,76,0.12011553575465495,-0.1989004137345433,0.37034576838406585,24
nn_dist_grid_n4,0.2,alr_Eos,76,0.4154625927537061,-0.04902967970852848,0.7774390361498715,59
nn_dist_grid_n5,0.2,alr_Mac,76,0.01997134837911896,-0.2656897674866914,0.20212440175329727,12
nn_dist_grid_n5,0.2,alr_Neu,76,0.1195118890525163,-0.19875182523506077,0.3690330812739173,24
nn_dist_grid_n5,0.2,alr_Eos,76,0.41548001036727644,-0.04892514280683302,0.7772055746609161,59
iou_edgecrop_global,0.25,alr_Mac,76,-0.16924814854327935,-0.34881206249788843,-0.05464571574955998,27
iou_edgecrop_global,0.25,alr_Neu,76,0.08355528074475438,-0.13041126130074443,0.2372300600298347,12
iou_edgecrop_global,0.25,alr_Eos,76,0.11101682548881753,-0.10361706094417206,0.4010389879371842,24
iou_edgecrop_grid_n1,0.25,alr_Mac,76,-0.3250957918843793,-0.468159462488403,-0.2104232887592154,72
iou_edgecrop_grid_n1,0.25,alr_Neu,76,0.025359694257448884,-0.18250299093627775,0.18124089339781835,6
iou_edgecrop_grid_n1,0.25,alr_Eos,76,0.08250881736015048,-0.11746013768532393,0.3329338956940797,17
iou_edgecrop_grid_n2,0.25,alr_Mac,76,-0.16926537896068666,-0.3491108235002809,-0.05454677768464505,27
iou_edgecrop_grid_n2,0.25,alr_Neu,76,0.08411826825867474,-0.12876964811374203,0.237823365107655,12
iou_edgecrop_grid_n2,0.25,alr_Eos,76,0.1109130156680358,-0.10264747381738104,0.4010389879371842,23
iou_edgecrop_grid_n3,0.25,alr_Mac,76,-0.1693742784710694,-0.3488176737838235,-0.05449166507118008,28
iou_edgecrop_grid_n3,0.25,alr_Neu,76,0.08359554974167538,-0.13006379777819888,0.23647163497495483,12
iou_edgecrop_grid_n3,0.25,alr_Eos,76,0.09833005309081067,-0.10539077474124003,0.40087473295215703,24
iou_edgecrop_grid_n4,0.25,alr_Mac,76,-0.16937154474869637,-0.34906349369171574,-0.05428250087407189,27
iou_edgecrop_grid_n4,0.25,alr_Neu,76,0.08310584018242406,-0.1293683874363047,0.23685717068665746,12
iou_edgecrop_grid_n4,0.25,alr_Eos,76,0.0998452161532064,-0.10552762300503088,0.4004163298055049,24
iou_edgecrop_grid_n5,0.25,alr_Mac,76,-0.16938095370235,-0.3489186006152736,-0.05458546839121458,27
iou_edgecrop_grid_n5,0.25,alr_Neu,76,0.08365967186767165,-0.1293683874363047,0.23646832247375515,12
iou_edgecrop_grid_n5,0.25,alr_Eos,76,0.11101682548881753,-0.10326091945076815,0.4010559687488736,24
iou_global,0.25,alr_Mac,76,-0.04656370493955894,-0.31265621725331083,0.05163381814013415,9
iou_global,0.25,alr_Neu,76,0.07742854751095918,-0.18260181765135125,0.24327050921360782,13
iou_global,0.25,alr_Eos,76,0.12932380445032532,-0.13694699970301297,0.4121958890571149,30
iou_grid_n1,0.25,alr_Mac,76,-0.06560704621420321,-0.26846075777409484,0.019951676910639426,9
iou_grid_n1,0.25,alr_Neu,76,0.06451468122944848,-0.1454468041121476,0.2248739419028768,9
iou_grid_n1,0.25,alr_Eos,76,0.11693209861979992,-0.1111346031458463,0.35115357186306495,22
iou_grid_n2,0.25,alr_Mac,76,-0.050628009194639036,-0.317355066963937,0.04664549962666836,11
iou_grid_n2,0.25,alr_Neu,76,0.07866876475050089,-0.18364199257539587,0.24485800081493392,11
iou_grid_n2,0.25,alr_Eos,76,0.1370306925558593,-0.1370409202325851,0.4134736061548816,29
iou_grid_n3,0.25,alr_Mac,76,-0.048811051911647516,-0.31515641529492344,0.049129401631180375,10
iou_grid_n3,0.25,alr_Neu,76,0.07760550771919528,-0.18121861757608104,0.24328037269972824,11
iou_grid_n3,0.25,alr_Eos,76,0.12674502522958742,-0.13557267688489583,0.41270732420181777,29
iou_grid_n4,0.25,alr_Mac,76,-0.04826787878727727,-0.3144587154045162,0.04984963437381118,10
iou_grid_n4,0.25,alr_Neu,76,0.07834791811560726,-0.1832304587335959,0.24457487701477032,13
iou_grid_n4,0.25,alr_Eos,76,0.13477240807386348,-0.1321088978854402,0.4117910837642622,30
iou_grid_n5,0.25,alr_Mac,76,-0.04810206746396849,-0.313721199577627,0.05017779481779333,10
iou_grid_n5,0.25,alr_Neu,76,0.07785032521272095,-0.18299940253009633,0.2446061027430645,12
iou_grid_n5,0.25,alr_Eos,76,0.12861376996632545,-0.13320546864173133,0.412461394226292,29
nn_center_global,0.25,alr_Mac,76,-0.1703029248960763,-0.4702556115424451,-0.042384217715227906,31
nn_center_global,0.25,alr_Neu,76,0.09231083577408927,-0.21835619668238904,0.3381377467586836,19
nn_center_global,0.25,alr_Eos,76,0.3737403462733977,-0.06082675692608383,0.6887328940898774,56
nn_center_grid_n1,0.25,alr_Mac,76,-0.09618165537651957,-0.29887393128238027,0.017428579179337933,17
nn_center_grid_n1,0.25,alr_Neu,76,0.07751825809508361,-0.15525839733772556,0.2597684637493548,11
nn_center_grid_n1,0.25,alr_Eos,76,0.28244719980669464,-0.049721230615754286,0.5897881620078453,48
nn_center_grid_n2,0.25,alr_Mac,76,-0.17670430346472776,-0.47590486098256213,-0.044891563334095025,31
nn_center_grid_n2,0.25,alr_Neu,76,0.09218541137198577,-0.21976332827936695,0.33905116290108017,19
nn_center_grid_n2,0.25,alr_Eos,76,0.3749638393522372,-0.06073905799123844,0.6901294685884273,56
nn_center_grid_n3,0.25,alr_Mac,76,-0.17444646069099706,-0.47321966622430756,-0.04376320915911919,31
nn_center_grid_n3,0.25,alr_Neu,76,0.0922920084968718,-0.21855649044776698,0.3387984671790485,19
nn_center_grid_n3,0.25,alr_Eos,76,0.3742981256329072,-0.06002785650287226,0.6892078487404442,56
nn_center_grid_n4,0.25,alr_Mac,76,-0.17323190197325694,-0.47230629663809665,-0.04422254898624042,31
nn_center_grid_n4,0.25,alr_Neu,76,0.09259321528895703,-0.21908809321491968,0.3388856050049103,19
nn_center_grid_n4,0.25,alr_Eos,76,0.3745270565798995,-0.060944537444578395,0.6892000289110429,56
nn_center_grid_n5,0.25,alr_Mac,76,-0.17238140961681936,-0.47182833409668923,-0.04371495495463154,31
nn_center_grid_n5,0.25,alr_Neu,76,0.09231462457436934,-0.21861152900161152,0.3383615309075305,19
nn_center_grid_n5,0.25,alr_Eos,76,0.3741490085497916,-0.060826756926083914,0.6889209317086349,56
nn_cluster_global,0.25,alr_Mac,76,0.018464952870301032,-0.3119959698984194,0.2216722199371238,14
nn_cluster_global,0.25,alr_Neu,76,0.13342235417225234,-0.2365469254758417,0.3822417359434266,25
nn_cluster_global,0.25,alr_Eos,76,0.41818553508317025,-0.061944349100116924,0.8296056967040577,57
nn_cluster_grid_n1,0.25,alr_Mac,76,-0.05627955066454032,-0.2839910380931685,0.10092888318133704,13
nn_cluster_grid_n1,0.25,alr_Neu,76,0.10398217995716608,-0.15835514697275704,0.30577230073053907,18
nn_cluster_grid_n1,0.25,alr_Eos,76,0.310785038943723,-0.04563455685051154,0.6135460667632339,51
nn_cluster_grid_n2,0.25,alr_Mac,76,0.02832979165807814,-0.30124021690952674,0.2189796104269104,13
nn_cluster_grid_n2,0.25,alr_Neu,76,0.1327075692599834,-0.23680002693180524,0.3776910346789266,24
nn_cluster_grid_n2,0.25,alr_Eos,76,0.4124134671008488,-0.06221987459443057,0.8164348683568553,57
nn_cluster_grid_n3,0.25,alr_Mac,76,0.023306886101156943,-0.3077223945965858,0.22108792196509972,13
nn_cluster_grid_n3,0.25,alr_Neu,76,0.13494669768610512,-0.23651536577668134,0.3796063608965182,24
nn_cluster_grid_n3,0.25,alr_Eos,76,0.4150802788868351,-0.062062468639285606,0.8231907680172136,57
nn_cluster_grid_n4,0.25,alr_Mac,76,0.0215416152293626,-0.30820581531666214,0.22016765115091225,14
nn_cluster_grid_n4,0.25,alr_Neu,76,0.13367653482851094,-0.23611526605713606,0.3804811083529117,24
nn_cluster_grid_n4,0.25,alr_Eos,76,0.4164344360505363,-0.06194434910011676,0.8250014616866453,57
nn_cluster_grid_n5,0.25,alr_Mac,76,0.020847438444634214,-0.30946397816975324,0.22103565965300445,14
nn_cluster_grid_n5,0.25,alr_Neu,76,0.1321076166041284,-0.23648960578541028,0.3811259553744568,24
nn_cluster_grid_n5,0.25,alr_Eos,76,0.4165650496945632,-0.061944349100116924,0.8263467292366538,57
nn_dist_global,0.25,alr_Mac,76,0.038582525525568734,-0.28016994317887,0.20895837977275955,13
nn_dist_global,0.25,alr_Neu,76,0.11645315294765768,-0.23634796559191304,0.36879714086312,22
nn_dist_global,0.25,alr_Eos,76,0.40069356353409225,-0.06527657515210772,0.7621643123471046,57
nn_dist_grid_n1,0.25,alr_Mac,76,-0.05934085727485933,-0.283689094943397,0.06500070925436179,12
nn_dist_grid_n1,0.25,alr_Neu,76,0.09635340007747983,-0.158663972790351,0.28067334349357886,17
nn_dist_grid_n1,0.25,alr_Eos,76,0.3009478486330701,-0.04837754211721912,0.5963935674475752,50
nn_dist_grid_n2,0.25,alr_Mac,76,0.03282502444750546,-0.28692367513656336,0.20221724695778098,13
nn_dist_grid_n2,0.25,alr_Neu,76,0.11603968997613867,-0.23620550606463858,0.36843330647394934,22
nn_dist_grid_n2,0.25,alr_Eos,76,0.39928154869122734,-0.06250520414746352,0.763252408380727,57
nn_dist_grid_n3,0.25,alr_Mac,76,0.035471142471229844,-0.28414239028017196,0.20620867401032555,13
nn_dist_grid_n3,0.25,alr_Neu,76,0.11632183450985822,-0.23616547015581638,0.3694436931907492,22
nn_dist_grid_n3,0.25,alr_Eos,76,0.40101465267947045,-0.06523739326972988,0.7625925340652846,57
nn_dist_grid_n4,0.25,alr_Mac,76,0.0366652516185304,-0.2828451420248336,0.20639054299746573,13
nn_dist_grid_n4,0.25,alr_Neu,76,0.11627938428272422,-0.23647637630809418,0.3677502347106111,22
nn_dist_grid_n4,0.25,alr_Eos,76,0.4008219744497259,-0.06523739326972988,0.7625757643451073,57
nn_dist_grid_n5,0.25,alr_Mac,76,0.03724964205154002,-0.2819322772076909,0.20719702145609536,13
nn_dist_grid_n5,0.25,alr_Neu,76,0.11626011380479662,-0.2364763763080941,0.3689608747342181,22
nn_dist_grid_n5,0.25,alr_Eos,76,0.40075776486956816,-0.06527657515210772,0.7623668329066555,57
iou_edgecrop_global,0.5,alr_Mac,76,-0.17394525675115569,-0.37235282174278006,-0.05984662262978194,30
iou_edgecrop_global,0.5,alr_Neu,76,0.08049166158024423,-0.14885858170531008,0.24822063207174827,16
iou_edgecrop_global,0.5,alr_Eos,76,0.1228425542492324,-0.0998475369368414,0.3817276590858608,25
iou_edgecrop_grid_n1,0.5,alr_Mac,76,-0.3275845751255649,-0.46202134297158065,-0.196538634888153,71
iou_edgecrop_grid_n1,0.5,alr_Neu,76,0.027529763416126896,-0.16089736895713877,0.184313408821707,7
iou_edgecrop_grid_n1,0.5,alr_Eos,76,0.08398315605088813,-0.14078557654846036,0.3510864193133384,18
iou_edgecrop_grid_n2,0.5,alr_Mac,76,-0.17416763452884854,-0.3721017278502103,-0.059807203083887456,30
iou_edgecrop_grid_n2,0.5,alr_Neu,76,0.08054042066166178,-0.14838016080284214,0.2501064789128208,16
iou_edgecrop_grid_n2,0.5,alr_Eos,76,0.12160375238729593,-0.09998434962079394,0.3804590341447752,24
iou_edgecrop_grid_n3,0.5,alr_Mac,76,-0.1741796204813128,-0.3723914993458329,-0.05971633238621496,30
iou_edgecrop_grid_n3,0.5,alr_Neu,76,0.08040519415644254,-0.1483801608028418,0.24858405513561876,16
iou_edgecrop_grid_n3,0.5,alr_Eos,76,0.12159479692922948,-0.10046456617715677,0.3809126286683989,25
iou_edgecrop_grid_n4,0.5,alr_Mac,76,-0.1740314365470973,-0.37240102945131676,-0.0598244414033757,30
iou_edgecrop_grid_n4,0.5,alr_Neu,76,0.08230227845544857,-0.14804852250427017,0.2461291678152029,16
iou_edgecrop_grid_n4,0.5,alr_Eos,76,0.122031806456256,-0.09887186486799249,0.38055828698881944,25
iou_edgecrop_grid_n5,0.5,alr_Mac,76,-0.174038784143643,-0.3719414841709854,-0.05984662262978194,30
iou_edgecrop_grid_n5,0.5,alr_Neu,76,0.08230227845544857,-0.14801050956224798,0.2461291678152029,16
iou_edgecrop_grid_n5,0.5,alr_Eos,76,0.12345254947232198,-0.1012067730660316,0.3843348307781511,24
iou_global,0.5,alr_Mac,76,-0.005570154993899228,-0.3272849833807927,0.10109170696239844,10
iou_global,0.5,alr_Neu,76,0.06780106925925783,-0.2289692958711187,0.29196800042742976,15
iou_global,0.5,alr_Eos,76,0.1256392855194215,-0.13764406222781383,0.5388530854003276,28
iou_grid_n1,0.5,alr_Mac,76,-0.06519541225183434,-0.26445436609409945,0.016332759802136942,8
iou_grid_n1,0.5,alr_Neu,76,0.06470856594934815,-0.14067810696080707,0.22810309834104692,10
iou_grid_n1,0.5,alr_Eos,76,0.11623791556463625,-0.09960225085801777,0.3496550095327018,24
iou_grid_n2,0.5,alr_Mac,76,-0.010530437321187594,-0.3343452621239441,0.09656536739742327,8
iou_grid_n2,0.5,alr_Neu,76,0.065949271110459,-0.23004459417833684,0.29210888498936793,15
iou_grid_n2,0.5,alr_Eos,76,0.12726330448023426,-0.13825863338963434,0.5431615763140468,29
iou_grid_n3,0.5,alr_Mac,76,-0.00800265122649716,-0.331829876683406,0.09926695973187366,8
iou_grid_n3,0.5,alr_Neu,76,0.06849502236089589,-0.22804793035785126,0.2935937161754386,15
iou_grid_n3,0.5,alr_Eos,76,0.12262047225018868,-0.1384018293642027,0.5339098682362491,30
iou_grid_n4,0.5,alr_Mac,76,-0.007125304772349246,-0.3306899101596047,0.10004337922282341,8
iou_grid_n4,0.5,alr_Neu,76,0.06772774982226432,-0.22823349519436026,0.29241905836648185,15
iou_grid_n4,0.5,alr_Eos,76,0.12375484863397701,-0.14241023719157192,0.5417573063391299,29
iou_grid_n5,0.5,alr_Mac,76,-0.007064983436792363,-0.3297070223389459,0.10006992682581395,9
iou_grid_n5,0.5,alr_Neu,76,0.06817248230741219,-0.22856126173482022,0.2933321233410061,15
iou_grid_n5,0.5,alr_Eos,76,0.12463757264676967,-0.1402376074350727,0.5329299781237151,29
nn_center_global,0.5,alr_Mac,76,-0.1303553701417743,-0.4926154089453463,0.0049462500720875435,28
nn_center_global,0.5,alr_Neu,76,0.09697097942744948,-0.29887120260413047,0.4097743958082328,23
nn_center_global,0.5,alr_Eos,76,0.42447052218261083,-0.09415805825687668,0.9187683265858737,59
nn_center_grid_n1,0.5,alr_Mac,76,-0.09657161017831484,-0.29225936650121837,0.013520947715787157,16
nn_center_grid_n1,0.5,alr_Neu,76,0.07901913385452575,-0.1435977689031766,0.26364488557308574,13
nn_center_grid_n1,0.5,alr_Eos,76,0.3043257681981406,-0.0434796690829409,0.5414541025887701,47
nn_center_grid_n2,0.5,alr_Mac,76,-0.14521889813312083,-0.5122895842120384,-0.012396196425630168,30
nn_center_grid_n2,0.5,alr_Neu,76,0.09605550100280913,-0.301024685699081,0.4140045895938932,23
nn_center_grid_n2,0.5,alr_Eos,76,0.4259028364490858,-0.09543578835332475,0.9303165271942915,59
nn_center_grid_n3,0.5,alr_Mac,76,-0.1374521492070399,-0.5014431176218199,-0.0045606960217444426,28
nn_center_grid_n3,0.5,alr_Neu,76,0.09649714584704083,-0.30009782759072745,0.41192186629556604,23
nn_center_grid_n3,0.5,alr_Eos,76,0.4248442615622585,-0.09359172771442614,0.9265812491902186,59
nn_center_grid_n4,0.5,alr_Mac,76,-0.1337164138249548,-0.500077859403771,-0.0010886647898097623,28
nn_center_grid_n4,0.5,alr_Neu,76,0.0961132775643333,-0.2999537307543634,0.41096376047996175,23
nn_center_grid_n4,0.5,alr_Eos,76,0.4257154503327538,-0.09436763315751598,0.9251820152109214,59
nn_center_grid_n5,0.5,alr_Mac,76,-0.13336184997081474,-0.4990399257746648,-0.0005728164869837071,28
nn_center_grid_n5,0.5,alr_Neu,76,0.09619158121415372,-0.29848324127484693,0.41053485905129605,23
nn_center_grid_n5,0.5,alr_Eos,76,0.42453326545625103,-0.09361420112532218,0.9251467603737136,59
nn_cluster_global,0.5,alr_Mac,76,0.07033861722956797,-0.31268095896718723,0.3508499379884267,30
nn_cluster_global,0.5,alr_Neu,76,0.14311090855798458,-0.3281354977989085,0.4895821439044524,36
nn_cluster_global,0.5,alr_Eos,76,0.49127556725218224,-0.08707989094571775,0.9808039428933568,61
nn_cluster_grid_n1,0.5,alr_Mac,76,-0.05674204827114615,-0.27513267350983217,0.10306355754114159,13
nn_cluster_grid_n1,0.5,alr_Neu,76,0.10035840288800368,-0.1471438175160763,0.30467650874142105,18
nn_cluster_grid_n1,0.5,alr_Eos,76,0.31752307809098457,-0.042252097760376944,0.600820405307084,52
nn_cluster_grid_n2,0.5,alr_Mac,76,0.08152532235748722,-0.2988792362115743,0.3284511106992542,30
nn_cluster_grid_n2,0.5,alr_Neu,76,0.13435717151776905,-0.3309766328260667,0.4734620589561537,34
nn_cluster_grid_n2,0.5,alr_Eos,76,0.471898732408329,-0.09172925234074306,0.9799641246478779,60
nn_cluster_grid_n3,0.5,alr_Mac,76,0.07554377678644042,-0.30434836855006775,0.33400777792184416,28
nn_cluster_grid_n3,0.5,alr_Neu,76,0.13559884839240322,-0.3292745860365131,0.4807983876095453,36
nn_cluster_grid_n3,0.5,alr_Eos,76,0.48327163007374696,-0.09094033385249964,0.9865985541289239,60
nn_cluster_grid_n4,0.5,alr_Mac,76,0.07485338774619987,-0.3067253256897947,0.3390020152696732,29
nn_cluster_grid_n4,0.5,alr_Neu,76,0.1394027696060154,-0.3292447641020905,0.48308418906060324,36
nn_cluster_grid_n4,0.5,alr_Eos,76,0.486756142631835,-0.08981900375388424,0.9882100334945831,61
nn_cluster_grid_n5,0.5,alr_Mac,76,0.07383290504593432,-0.30832925627985375,0.34206908209266795,29
nn_cluster_grid_n5,0.5,alr_Neu,76,0.1388721892070749,-0.32863051262227283,0.4850336009054501,36
nn_cluster_grid_n5,0.5,alr_Eos,76,0.4876252867512805,-0.08978859836013739,0.9903417016815297,60
nn_dist_global,0.5,alr_Mac,76,0.10304531814248519,-0.27154420098019005,0.32232288040288126,29
nn_dist_global,0.5,alr_Neu,76,0.12669284488780963,-0.32616661868215013,0.4598157499343636,30
nn_dist_global,0.5,alr_Eos,76,0.446832353480215,-0.09350100868397512,0.9536523973522508,59
nn_dist_grid_n1,0.5,alr_Mac,76,-0.06028476390374826,-0.27558708092888873,0.06681342838501853,12
nn_dist_grid_n1,0.5,alr_Neu,76,0.09811172862446671,-0.14794568285614124,0.28502110762943444,17
nn_dist_grid_n1,0.5,alr_Eos,76,0.31457296036041726,-0.04367339960436764,0.5762090125679761,51
nn_dist_grid_n2,0.5,alr_Mac,76,0.09164259251315476,-0.2809035919679941,0.3172996916612484,28
nn_dist_grid_n2,0.5,alr_Neu,76,0.12382080454766153,-0.3277337347295563,0.46146930864903246,30
nn_dist_grid_n2,0.5,alr_Eos,76,0.4456841111637464,-0.09547405737946887,0.9601711717471251,59
nn_dist_grid_n3,0.5,alr_Mac,76,0.09718038504330351,-0.2743722708641586,0.32011146141543145,29
nn_dist_grid_n3,0.5,alr_Neu,76,0.126344533149929,-0.32707986225653346,0.46190838379523613,31
nn_dist_grid_n3,0.5,alr_Eos,76,0.44738463199963063,-0.09452292991383276,0.9567377363339395,59
nn_dist_grid_n4,0.5,alr_Mac,76,0.09926639354800115,-0.274406001714678,0.32046015911268605,29
nn_dist_grid_n4,0.5,alr_Neu,76,0.12490742757374673,-0.32672527442332555,0.4609883154761997,32
nn_dist_grid_n4,0.5,alr_Eos,76,0.44682525487795766,-0.09505306475455647,0.955793315455634,59
nn_dist_grid_n5,0.5,alr_Mac,76,0.1002965027222914,-0.27236850298432835,0.32122804179703174,29
nn_dist_grid_n5,0.5,alr_Neu,76,0.12678603477052586,-0.3262922619122477,0.46036823122708326,32
nn_dist_grid_n5,0.5,alr_Eos,76,0.44754571640713436,-0.0947538920096789,0.9541383061543935,59
