block_size,overlap_pct,chance,n_slides,n_slides_above,p_sign
0,0.0,0.07421052631578948,76,76,1.3234889800848443e-23
0,0.025,0.07947368421052632,76,75,1.0190865146653301e-21
0,0.05,0.08,76,76,1.3234889800848443e-23
0,0.075,0.08,76,76,1.3234889800848443e-23
0,0.1,0.07947368421052632,76,76,1.3234889800848443e-23
0,0.15,0.07947368421052632,76,76,1.3234889800848443e-23
0,0.2,0.07947368421052632,76,74,3.873852244708339e-20
0,0.25,0.08,76,75,1.0190865146653301e-21
0,0.5,0.08,76,74,3.873852244708339e-20
1,0.0,0.04525186693822132,67,67,6.776263578034403e-21
1,0.025,0.0559241136578247,67,67,6.776263578034403e-21
1,0.05,0.06455301794453507,69,69,1.6940658945086007e-21
1,0.075,0.0686459982240068,70,70,8.470329472543003e-22
1,0.1,0.0707103665227888,68,67,2.337810934421869e-19
1,0.15,0.07295701912077136,67,66,4.607859233063394e-19
1,0.2,0.07448766109923134,68,67,2.337810934421869e-19
1,0.25,0.07576371222143076,70,70,8.470329472543003e-22
1,0.5,0.07819494748279608,70,70,8.470329472543003e-22
2,0.0,0.04643783166521126,75,75,2.6469779601696886e-23
2,0.025,0.05885151553907149,75,75,2.6469779601696886e-23
2,0.05,0.06796970614965163,75,75,2.6469779601696886e-23
2,0.075,0.07058796456104016,75,75,2.6469779601696886e-23
2,0.1,0.07191910358021318,74,74,5.293955920339377e-23
2,0.15,0.07381782756941062,75,75,2.6469779601696886e-23
2,0.2,0.07497601244759476,75,75,2.6469779601696886e-23
2,0.25,0.07620801156465172,75,75,2.6469779601696886e-23
2,0.5,0.07849155543448652,75,75,2.6469779601696886e-23
3,0.0,0.04833635187580854,75,75,2.6469779601696886e-23
3,0.025,0.06258184064237184,75,75,2.6469779601696886e-23
3,0.05,0.07106508179357421,75,75,2.6469779601696886e-23
3,0.075,0.07360213856092672,75,75,2.6469779601696886e-23
3,0.1,0.07421002437215217,75,75,2.6469779601696886e-23
3,0.15,0.07553827183913497,75,75,2.6469779601696886e-23
3,0.2,0.07653274814314652,75,75,2.6469779601696886e-23
3,0.25,0.07695337560611712,75,75,2.6469779601696886e-23
3,0.5,0.07869970294355927,75,75,2.6469779601696886e-23
4,0.0,0.0497986577181208,75,75,2.6469779601696886e-23
4,0.025,0.06589702333065164,75,75,2.6469779601696886e-23
4,0.05,0.07280091708062666,75,75,2.6469779601696886e-23
4,0.075,0.07492569771656397,75,75,2.6469779601696886e-23
4,0.1,0.07573747841105355,75,75,2.6469779601696886e-23
4,0.15,0.07651821862348178,75,75,2.6469779601696886e-23
4,0.2,0.07726704624357728,75,75,2.6469779601696886e-23
4,0.25,0.07758317025440313,75,75,2.6469779601696886e-23
4,0.5,0.07903090682667271,75,75,2.6469779601696886e-23
5,0.0,0.05113086117070181,75,75,2.6469779601696886e-23
5,0.025,0.0678139534883721,75,75,2.6469779601696886e-23
5,0.05,0.07370910090734122,75,75,2.6469779601696886e-23
5,0.075,0.07591601049868767,75,75,2.6469779601696886e-23
5,0.1,0.07622126799696893,75,75,2.6469779601696886e-23
5,0.15,0.07700705026154196,75,75,2.6469779601696886e-23
5,0.2,0.0775487012987013,75,75,2.6469779601696886e-23
5,0.25,0.07798628653915554,75,75,2.6469779601696886e-23
5,0.5,0.07929491525423729,75,75,2.6469779601696886e-23
