block_size,overlap_pct,nms_method,frac_upper_tail,frac_largest
3,0.0,none,0.995601552393273,0.9932729624838292
4,0.0,nn_center_grid_n5,0.007550335570469799,0.00020973154362416107
4,0.025,iou_grid_n4,0.007240547063555913,0.0006033789219629927
5,0.025,nn_center_grid_n5,0.015988372093023256,0.0005813953488372093
1,0.075,nn_center_global,0.03231535461951276,0.0016987761090305393
3,0.075,nn_cluster_global,0.0028959679215860993,0.00033415014479839606
4,0.075,nn_center_global,0.016853932584269662,0.001812250815512867
1,0.1,nn_center_global,0.038298339307923035,0.0027800131684834295
1,0.1,nn_cluster_grid_n5,0.0006950032921208574,3.657912063793987e-05
4,0.1,nn_cluster_grid_n1,0.11364421416234888,0.011917098445595855
4,0.1,nn_dist_grid_n5,0.0012089810017271157,0.0003454231433506045
4,0.1,nn_center_grid_n1,0.20949913644214163,0.018134715025906734
4,0.1,nn_center_grid_n3,0.02694300518134715,0.0012089810017271157
4,0.15,nn_center_grid_n1,0.20367486764247897,0.01775147928994083
4,0.15,nn_center_grid_n3,0.03456867019620056,0.002802865151043289
4,0.15,nn_cluster_grid_n1,0.10915602616007475,0.011990034257240736
4,0.15,nn_dist_grid_n5,0.0032700093428838367,0.0006228589224540642
1,0.2,nn_center_global,0.05270762295555684,0.006993006993006993
1,0.2,nn_cluster_grid_n5,0.0003178639542275906,2.8896723111599146e-05
3,0.2,nn_dist_grid_n2,0.008524645509790683,0.0017724510465901419
1,0.5,iou_global,0.09859425932633104,0.03328730532415791
2,0.5,nn_center_grid_n5,0.08991078725143013,0.02405679651321166
4,0.5,nn_cluster_grid_n1,0.0334540926072682,0.005377561417411978
4,0.5,nn_dist_grid_n5,0.04636024000905695,0.014604324691497793
4,0.5,nn_center_grid_n1,0.04930374731121929,0.004302049133929582
4,0.5,nn_center_grid_n3,0.0882486131552134,0.020717762934450358
2,0.0,nn_center_grid_n1,0.0466178545039296,0.00026869080405723115
2,0.0,nn_cluster_grid_n1,0.004903607174044468,0.00013434540202861557
2,0.05,nn_dist_grid_n4,0.00036352620418055135,0.00012117540139351712
2,0.05,iou_grid_n1,0.24174492578006665,0.049318388367161466
2,0.075,nn_cluster_grid_n2,0.0013232079162351859,5.753077896674721e-05
2,0.1,nn_center_global,0.030992074337250614,0.0028423066411587864
2,0.15,nn_dist_grid_n4,0.004822211397954214,0.0005845104724792986
2,0.15,iou_grid_n1,0.24130540672187042,0.04851436921578178
4,0.2,nn_dist_grid_n1,0.018330787390640188,0.0006943480072212193
4,0.2,iou_grid_n5,0.03860574920149979,0.006388001666435218
4,0.2,nn_center_grid_n2,0.05721427579502847,0.006665740869323705
5,0.2,iou_grid_n3,0.03936688311688312,0.0038555194805194805
5,0.2,nn_dist_grid_n3,0.004058441558441558,0.00040584415584415587
4,0.25,nn_cluster_global,0.0017123287671232876,0.0002446183953033268
3,0.025,nn_center_grid_n4,0.01778875849289685,0.0004941321803582458
4,0.05,nn_cluster_global,0.0038211692777990066,0.0013374092472296522
5,0.05,iou_grid_n1,0.3698102832004399,0.05938960681880671
1,0.15,iou_grid_n5,0.02869749959143651,0.0043144304624938715
1,0.15,nn_center_grid_n2,0.05513972871384213,0.006079424742605001
1,0.15,nn_dist_grid_n1,0.02448112436672659,0.0004249060303971237
2,0.2,nn_cluster_global,0.0010805203786143406,0.0002593248908674418
2,0.25,nn_center_grid_n4,0.0693879103739491,0.011108152318636589
3,0.5,iou_grid_n2,0.07240750742641101,0.02551984877126654
3,0.5,nn_cluster_grid_n4,0.000506346205779098,6.751282743721307e-05
1,0.0,nn_dist_grid_n1,0.00461642905634759,9.051821679112921e-05
1,0.0,iou_grid_n5,0.0007241457343290337,0.00013577732518669383
1,0.0,nn_center_grid_n2,0.02149807648789319,0.00018103643358225843
1,0.025,none,0.9799124388359516,0.9731736629753627
2,0.025,nn_center_grid_n4,0.02199769791533444,0.0004476275738585497
1,0.05,none,0.9570962479608482,0.9379282218597064
3,0.1,nn_cluster_global,0.0019073858217653916,0.0004238635159478648
5,0.0,iou_grid_n5,0.009193993257738278,0.0015323322096230463
5,0.075,nn_dist_grid_n1,0.023097112860892388,0.002362204724409449
5,0.075,iou_grid_n5,0.016010498687664042,0.002099737532808399
5,0.075,nn_center_grid_n2,0.07139107611548556,0.0026246719160104987
5,0.25,iou_grid_n2,0.0523276795380729,0.01100685673042223
5,0.25,nn_cluster_grid_n4,0.0005413208228076507,0.00036088054853843375
3,0.05,nn_center_grid_n5,0.020242438507708602,0.0011768859597505001
5,0.15,nn_center_grid_n5,0.03183989083466,0.002501705708437571
3,0.25,none,0.8584110406564714,0.8085788884744498
5,0.5,iou_grid_n4,0.08177966101694915,0.026864406779661017
0,0.25,iou_grid_n1,0.39473684210526316,0.013157894736842105
5,0.1,nn_center_grid_n4,0.025006314725940892,0.0007577671129072998
3,0.0,iou_grid_n1,0.0028460543337645535,0.000646830530401035
4,0.025,nn_center_grid_n4,0.0251407884151247,0.00040225261464199515
1,0.075,nn_center_grid_n1,0.18130574109107755,0.009536311339330528
1,0.075,nn_center_grid_n3,0.03389830508474576,0.0013512991776379291
1,0.075,nn_cluster_grid_n1,0.08713949268368017,0.008571097641017721
1,0.075,nn_dist_grid_n5,0.002200687232153199,0.0001930427396625613
3,0.075,iou_grid_n5,0.013143239028736913,0.0022276676319893073
3,0.075,nn_center_grid_n2,0.058030741813321456,0.002450434395188238
3,0.075,nn_dist_grid_n1,0.02561817776787703,0.0016707507239919804
4,0.075,nn_center_grid_n1,0.20822761870242842,0.01649148242116709
4,0.075,nn_center_grid_n3,0.028089887640449437,0.0005436752446538601
4,0.075,nn_cluster_grid_n1,0.09314969191736136,0.010873504893077202
4,0.075,nn_dist_grid_n5,0.001812250815512867,0.0001812250815512867
1,0.1,nn_dist_grid_n5,0.004901602165483941,0.0004023703270173385
1,0.1,nn_center_grid_n1,0.1775550515765601,0.010278732899261102
1,0.1,nn_center_grid_n3,0.04005413709854415,0.0028165922891213693
1,0.1,nn_cluster_grid_n1,0.0970809861730924,0.009949520813519642
4,0.1,nn_center_global,0.023316062176165803,0.0012089810017271157
4,0.15,nn_center_global,0.032077234506384306,0.0032700093428838367
1,0.2,nn_center_grid_n1,0.13379182800670403,0.007195284054788187
1,0.2,nn_center_grid_n3,0.05788013639253309,0.010200543258394498
1,0.2,nn_cluster_grid_n1,0.09423221406692481,0.010662890828180085
1,0.2,nn_dist_grid_n5,0.01722244697451309,0.0027740854187135178
3,0.2,nn_center_grid_n5,0.04650573936529372,0.005739365293720459
1,0.25,nn_cluster_grid_n2,0.0010939249007835554,2.5440113971710593e-05
1,0.5,nn_cluster_grid_n3,0.00018109380659181456,1.131836291198841e-05
1,0.5,nn_dist_global,0.040519739224918506,0.008850959797174937
2,0.5,nn_dist_grid_n2,0.058533097248706076,0.01661672568782348
4,0.5,nn_cluster_grid_n5,0.0007924827351975546,0.00022642363862787276
4,0.5,nn_center_global,0.08338050492471415,0.021340427940677007
0,0.5,nn_cluster_grid_n1,0.14473684210526316,0.013157894736842105
2,0.0,nn_center_global,0.01544972123329079,0.0004030362060858467
0,0.025,nn_center_grid_n1,0.39473684210526316,0.02631578947368421
2,0.05,none,0.9330505907300818,0.9006967585580127
2,0.1,nn_cluster_grid_n1,0.08630773435364854,0.010931948619841488
2,0.1,nn_dist_grid_n5,0.00213172998086909,0.00021863897239682973
2,0.1,nn_center_grid_n1,0.22323039081716317,0.016069964471166986
2,0.1,nn_center_grid_n3,0.03175731074063952,0.002022410494670675
2,0.15,none,0.9056989771066731,0.8687773989283974
4,0.2,nn_cluster_global,0.0013886960144424386,0.0002777392028884877
5,0.2,iou_grid_n2,0.045454545454545456,0.005073051948051948
4,0.25,iou_grid_n5,0.04439823874755382,0.009540117416829745
4,0.25,nn_center_grid_n2,0.06910469667318983,0.009784735812133072
4,0.25,nn_dist_grid_n1,0.015166340508806261,0.0008561643835616438
3,0.025,iou_grid_n4,0.005311920938851143,0.0006176652254478073
4,0.05,nn_dist_grid_n1,0.018723729461215134,0.0009552923194497516
4,0.05,iou_grid_n5,0.01165456629728697,0.0013374092472296522
4,0.05,nn_center_grid_n2,0.08406572411157814,0.0026748184944593045
5,0.05,none,0.9386857299972505,0.8911190541655211
1,0.15,nn_cluster_global,0.003007027292041183,0.00016342539630658605
2,0.2,nn_dist_grid_n1,0.019492587630202705,0.0006483122271686044
2,0.2,iou_grid_n5,0.034274106409646884,0.006828888792842633
2,0.2,nn_center_grid_n2,0.06720836754981199,0.00942213770151705
2,0.25,iou_grid_n4,0.04382394339407312,0.01095598584851828
3,0.5,iou_grid_n3,0.07514177693761814,0.026633810423980556
3,0.5,nn_dist_grid_n3,0.05225492843640292,0.01586551444774507
1,0.0,nn_cluster_global,0.03426114505544241,9.051821679112921e-05
1,0.025,nn_dist_grid_n4,0.0006438320885912954,4.292213923941969e-05
1,0.025,iou_grid_n1,0.05232208773285261,0.0036054596961112542
2,0.025,iou_grid_n4,0.0026857654431512983,0.0005115743701240568
1,0.05,iou_grid_n1,0.17259380097879282,0.02871125611745514
3,0.1,iou_grid_n5,0.019815619370562677,0.002543181095687189
3,0.1,nn_center_grid_n2,0.04662498675426513,0.0024372152167002224
3,0.1,nn_dist_grid_n1,0.024372152167002226,0.0014835223058175268
5,0.25,iou_grid_n3,0.04438830747022735,0.007217610970768676
5,0.25,nn_dist_grid_n3,0.007217610970768676,0.001623962468422952
5,0.15,nn_dist_grid_n2,0.0020468501250852852,0.00045485558335228563
3,0.25,iou_grid_n1,0.2144722118612458,0.054606490115628493
3,0.25,nn_dist_grid_n4,0.011562849682954122,0.0027601641178664677
5,0.5,nn_center_grid_n4,0.08347457627118644,0.019067796610169493
0,0.25,none,0.9868421052631579,0.9868421052631579
5,0.1,iou_grid_n4,0.02601667087648396,0.0030310684516291994
3,0.0,iou_grid_n3,0.0019404915912031048,0.00038809831824062095
5,0.025,nn_dist_global,0.003197674418604651,0.00029069767441860465
1,0.075,iou_grid_n5,0.01401490289950195,0.0017373846569630517
1,0.075,nn_center_grid_n2,0.04783599088838269,0.002355121423883248
1,0.075,nn_dist_grid_n1,0.02428477664955021,0.0010810393421103433
3,0.075,nn_center_grid_n1,0.23267988416128313,0.018823791490309646
3,0.075,nn_center_grid_n3,0.0253954110046781,0.0010024504343951882
3,0.075,nn_cluster_grid_n1,0.08710180441078191,0.011361104923145467
3,0.075,nn_dist_grid_n5,0.001225217197594119,0.00022276676319893073
4,0.075,iou_grid_n5,0.017397607828923523,0.0021747009786154403
4,0.075,nn_center_grid_n2,0.0627038782167452,0.0030808263863718738
4,0.075,nn_dist_grid_n1,0.025009061254077564,0.0025371511417180137
1,0.1,iou_grid_n5,0.01682639549345234,0.0024873802033799105
1,0.1,nn_center_grid_n2,0.047479698588045946,0.0032555417367766478
1,0.1,nn_dist_grid_n1,0.02695881191016168,0.0010242153778623163
4,0.1,nn_cluster_global,0.002763385146804836,0.0003454231433506045
3,0.15,nn_center_grid_n4,0.03405102911884663,0.003983685857915204
4,0.15,nn_cluster_global,0.0017128620367486765,0.0003114294612270321
1,0.2,iou_grid_n5,0.03820146795353407,0.008033289025024563
1,0.2,nn_center_grid_n2,0.0643818990926429,0.009275848118823326
1,0.2,nn_dist_grid_n1,0.02135467837947177,0.0007224180777899786
3,0.2,iou_global,0.03671505739365294,0.008271438217420662
1,0.25,nn_center_grid_n4,0.0679759845324107,0.012389335504223059
1,0.5,nn_dist_grid_n2,0.0650353132922854,0.018414976457805144
2,0.5,nn_cluster_grid_n3,0.00040860800871697086,8.512666848270226e-05
2,0.5,nn_dist_global,0.04782416235358213,0.011934758921274857
4,0.5,nn_cluster_global,0.004132231404958678,0.0006226650062266501
2,0.0,nn_cluster_global,0.023577618056022032,0.00026869080405723115
2,0.05,iou_grid_n2,0.016116328385337775,0.002968797334141169
2,0.075,iou_grid_n4,0.014497756299620296,0.0021286388217696467
2,0.1,nn_dist_grid_n1,0.027165892320306095,0.0018037715222738453
2,0.1,iou_grid_n5,0.015905985241869362,0.0017491117791746378
2,0.1,nn_center_grid_n2,0.045750204974036625,0.0030609456135556163
2,0.15,nn_cluster_grid_n4,0.000535801266439357,0.00014612761811982466
2,0.15,iou_grid_n2,0.031173891865562593,0.0067705796395518755
4,0.2,nn_center_global,0.04166088043327316,0.003888348840438828
5,0.2,none,0.9072646103896104,0.856737012987013
4,0.25,nn_center_grid_n1,0.14995107632093935,0.012108610567514676
4,0.25,nn_center_grid_n3,0.055283757338551856,0.008194716242661448
4,0.25,nn_cluster_grid_n1,0.0852495107632094,0.010763209393346379
4,0.25,nn_dist_grid_n5,0.007460861056751467,0.001223091976516634
4,0.05,nn_cluster_grid_n1,0.06820787160871226,0.010317157050057318
4,0.05,nn_center_grid_n1,0.2053878486816966,0.021398547955674436
4,0.05,nn_center_grid_n3,0.025983951089033244,0.0005731753916698509
5,0.05,iou_grid_n2,0.02832004399230135,0.0041242782513060215
1,0.15,nn_center_global,0.04785095603856839,0.005915999346298415
2,0.2,nn_cluster_grid_n1,0.08116869084150927,0.009940787483251935
2,0.2,nn_dist_grid_n5,0.009940787483251935,0.0023339240178069758
2,0.2,nn_center_grid_n1,0.16614081341574102,0.011583178458745732
2,0.2,nn_center_grid_n3,0.055236201754765096,0.007433980204866664
3,0.5,iou_grid_n1,0.07531055900621118,0.02903051579800162
3,0.5,nn_dist_grid_n4,0.05272751822846341,0.015021604104779908
1,0.0,nn_center_global,0.01570491061326092,0.0005883684091423399
1,0.025,nn_dist_grid_n3,0.00038629925315477725,8.584427847883938e-05
1,0.025,iou_grid_n3,0.0017168855695767877,0.0003433771139153575
1,0.05,nn_dist_grid_n3,0.0005709624796084829,0.00012234910277324632
1,0.05,iou_grid_n3,0.005301794453507341,0.001101141924959217
3,0.1,nn_center_grid_n1,0.23015788915969057,0.021087209918406274
3,0.1,nn_center_grid_n3,0.02755112853661121,0.0014835223058175268
3,0.1,nn_cluster_grid_n1,0.09791247218395677,0.011550280809579315
3,0.1,nn_dist_grid_n5,0.0016954540637914592,0.0002119317579739324
5,0.075,nn_center_global,0.01679790026246719,0.00026246719160104987
5,0.25,iou_grid_n1,0.2693973294839408,0.06261277517141826
5,0.25,nn_dist_grid_n4,0.0070371706964994585,0.001623962468422952
3,0.05,nn_cluster_grid_n3,0.00011768859597505002,0.00011768859597505002
3,0.05,nn_dist_global,0.00035306578792515005,0.00011768859597505002
5,0.15,nn_dist_global,0.003638844666818285,0.0009097111667045713
3,0.25,iou_grid_n3,0.04311823946288698,0.00969787392763894
3,0.25,nn_dist_grid_n3,0.012607236105930623,0.0017903767251025737
5,0.5,nn_cluster_grid_n2,0.001271186440677966,0.000423728813559322
0,0.15,iou_grid_n1,0.34210526315789475,0.013157894736842105
3,0.0,nn_dist_grid_n4,0.0,0.0
4,0.0,nn_dist_grid_n2,0.0,0.0
5,0.025,nn_dist_grid_n2,0.0008720930232558139,0.0
4,0.1,nn_cluster_grid_n5,0.0005181347150259067,0.0
3,0.15,nn_cluster_grid_n2,0.0007587973062695627,0.0
4,0.15,nn_cluster_grid_n5,0.00015571473061351605,0.0
0,0.5,nn_center_grid_n1,0.05263157894736842,0.0
0,0.5,nn_center_grid_n3,0.013157894736842105,0.0
0,0.5,nn_dist_grid_n5,0.0,0.0
2,0.0,nn_cluster_grid_n5,0.001880835628400618,0.0
0,0.025,nn_center_grid_n3,0.02631578947368421,0.0
0,0.025,nn_cluster_grid_n1,0.0,0.0
0,0.025,nn_dist_grid_n5,0.0,0.0
5,0.2,nn_cluster_grid_n4,0.00020292207792207794,0.0
1,0.05,nn_dist_grid_n4,0.0006933115823817292,0.0
5,0.0,nn_cluster_global,0.02359791602819491,0.0
0,0.0,nn_center_grid_n1,0.10526315789473684,0.0
0,0.0,nn_center_grid_n3,0.0,0.0
0,0.0,nn_cluster_grid_n1,0.0,0.0
0,0.0,nn_dist_grid_n5,0.0,0.0
5,0.075,nn_cluster_global,0.0028871391076115485,0.0
0,0.075,iou_grid_n4,0.013157894736842105,0.0
3,0.05,nn_dist_grid_n2,0.00023537719195010004,0.0
0,0.2,nn_cluster_grid_n2,0.0,0.0
0,0.05,nn_center_grid_n1,0.11842105263157894,0.0
0,0.05,nn_center_grid_n3,0.0,0.0
0,0.05,nn_cluster_grid_n1,0.013157894736842105,0.0
0,0.05,nn_dist_grid_n5,0.0,0.0
0,0.1,nn_center_grid_n4,0.0,0.0
0,0.15,iou_grid_n3,0.039473684210526314,0.0
0,0.15,nn_dist_grid_n3,0.0,0.0
4,0.0,iou_grid_n5,0.0065016778523489934,0.0010486577181208054
4,0.0,nn_center_grid_n2,0.06585570469798657,0.00041946308724832214
4,0.0,nn_dist_grid_n1,0.014681208053691275,0.00041946308724832214
4,0.025,iou_grid_n3,0.006234915526950925,0.00040225261464199515
4,0.025,nn_dist_grid_n3,0.0006033789219629927,0.00020112630732099757
5,0.025,iou_grid_n5,0.005523255813953488,0.0005813953488372093
5,0.025,nn_center_grid_n2,0.15319767441860466,0.0008720930232558139
5,0.025,nn_dist_grid_n1,0.026453488372093024,0.0011627906976744186
1,0.075,nn_dist_global,0.002857032547005907,0.00015443419173004903
3,0.075,nn_dist_grid_n2,0.0014479839607930496,0.00044553352639786146
1,0.1,nn_cluster_grid_n3,0.00021947472382763918,3.657912063793987e-05
1,0.1,nn_dist_global,0.004572390079742483,0.0004023703270173385
4,0.1,iou_global,0.024870466321243522,0.002763385146804836
3,0.15,nn_dist_grid_n4,0.0029403395617945555,0.0006639476429858674
3,0.15,iou_grid_n1,0.28236744759556104,0.05842739258275633
4,0.15,iou_global,0.02865151043288695,0.004515727187791965
1,0.2,nn_dist_global,0.015430850141593943,0.00202277061781194
3,0.2,nn_cluster_global,0.0018568534773801485,0.00042201215395003375
1,0.25,nn_dist_grid_n4,0.028849089243919813,0.005495064617889488
1,0.25,iou_grid_n1,0.12335911264882467,0.032207184288185614
1,0.5,nn_center_grid_n1,0.03660358565737052,0.001958076783773995
1,0.5,nn_center_grid_n3,0.08394829771821803,0.025375769648678013
1,0.5,nn_cluster_grid_n1,0.03532461064831583,0.0053535856573705175
1,0.5,nn_dist_grid_n5,0.07327508149221297,0.022399040202825064
2,0.5,iou_grid_n5,0.08098951239444294,0.02863661127758104
2,0.5,nn_center_grid_n2,0.09464383001906837,0.023563061836011985
2,0.5,nn_dist_grid_n1,0.0059418414600926174,0.00023835467175156632
4,0.5,iou_global,0.08841843088418432,0.030397373485791915
2,0.0,iou_global,0.0019480083294149259,0.0030227715456438505
2,0.075,none,0.9285467725233,0.896444597859855
2,0.1,nn_cluster_grid_n3,0.00027329871549603714,5.465974309920743e-05
2,0.1,nn_dist_global,0.0024596884394643345,0.0008198961464881115
4,0.2,nn_center_grid_n5,0.044854881266490766,0.00430495764477156
5,0.2,iou_grid_n4,0.040584415584415584,0.007508116883116883
4,0.25,nn_dist_grid_n2,0.010518590998043052,0.002201565557729941
3,0.025,iou_grid_n2,0.013712168004941322,0.0009882643607164916
4,0.05,nn_dist_grid_n2,0.0011463507833397019,0.00038211692777990065
1,0.15,nn_center_grid_n5,0.04758947540447785,0.005523778395162608
2,0.2,nn_dist_grid_n2,0.011150970307299996,0.001728832605782945
2,0.25,nn_cluster_grid_n4,0.0004945410278845056,7.608323505915471e-05
2,0.25,iou_grid_n2,0.04534560809525621,0.0120972343744056
3,0.5,nn_center_grid_n4,0.08709154739400486,0.022684310018903593
1,0.0,nn_center_grid_n5,0.0036659877800407333,9.051821679112921e-05
1,0.025,nn_cluster_grid_n2,0.0003433771139153575,4.292213923941969e-05
2,0.025,nn_cluster_grid_n4,0.0012149891290446349,6.39467962655071e-05
2,0.025,iou_grid_n2,0.008057296329453895,0.0008313083514515922
3,0.1,nn_dist_grid_n2,0.0014835223058175268,0.0001059658789869662
5,0.0,nn_center_grid_n5,0.006435795280416794,0.00030646644192460924
5,0.075,nn_center_grid_n5,0.01968503937007874,0.0005249343832020997
5,0.25,nn_center_grid_n4,0.053590761457957416,0.008841573439191628
3,0.05,iou_grid_n5,0.009885842061904201,0.0015299517476756502
3,0.05,nn_center_grid_n2,0.07685065317170767,0.0027068377074261503
3,0.05,nn_dist_grid_n1,0.019536306931858302,0.0015299517476756502
5,0.15,iou_grid_n5,0.029338185126222424,0.0031839890834659997
5,0.15,nn_center_grid_n2,0.05003411416875142,0.003638844666818285
5,0.15,nn_dist_grid_n1,0.02001364566750057,0.0011371389583807142
3,0.25,nn_cluster_grid_n2,0.0003729951510630362,7.459903021260723e-05
5,0.5,nn_dist_grid_n3,0.043559322033898305,0.011949152542372882
5,0.5,iou_grid_n3,0.07949152542372881,0.02652542372881356
0,0.2,iou_grid_n1,0.3684210526315789,0.013157894736842105
5,0.1,iou_grid_n2,0.042687547360444555,0.003283657489264966
3,0.0,nn_cluster_grid_n2,0.000129366106080207,0.0
1,0.075,nn_cluster_grid_n3,0.00027025983552758583,0.0
4,0.075,nn_cluster_grid_n3,0.0003624501631025734,0.0
4,0.075,nn_dist_global,0.0009061254077564335,0.0
1,0.2,nn_cluster_grid_n3,0.00014448361555799574,0.0
0,0.5,nn_cluster_grid_n3,0.0,0.0
0,0.5,nn_dist_global,0.0,0.0
0,0.025,nn_cluster_grid_n3,0.0,0.0
0,0.025,nn_dist_global,0.0,0.0
3,0.025,nn_cluster_grid_n4,0.0014823965410747375,0.0
1,0.05,nn_cluster_grid_n2,0.0006117455138662316,0.0
0,0.0,nn_cluster_grid_n3,0.0,0.0
0,0.0,nn_dist_global,0.0,0.0
0,0.075,iou_grid_n2,0.07894736842105263,0.0
0,0.075,nn_cluster_grid_n4,0.0,0.0
0,0.2,nn_dist_grid_n4,0.0,0.0
0,0.05,nn_cluster_grid_n3,0.0,0.0
0,0.05,nn_dist_global,0.0,0.0
5,0.1,nn_cluster_grid_n4,0.00025258903763576663,0.0
0,0.1,iou_grid_n3,0.02631578947368421,0.0
0,0.1,nn_dist_grid_n3,0.0,0.0
0,0.15,nn_center_grid_n4,0.013157894736842105,0.0
4,0.0,none,0.9958053691275168,0.9932885906040269
4,0.025,nn_center_global,0.016894609814963796,0.0014078841512469831
4,0.025,nn_cluster_grid_n5,0.0012067578439259854,0.00040225261464199515
5,0.025,none,0.9720930232558139,0.9590116279069767
1,0.075,iou_grid_n4,0.01266360372186402,0.0012740820817729046
4,0.075,iou_grid_n4,0.02084088437839797,0.001812250815512867
1,0.1,iou_grid_n4,0.017557977906211136,0.0023044846001902116
4,0.1,nn_center_grid_n4,0.024352331606217616,0.0017271157167530224
3,0.15,nn_cluster_global,0.0023712415820923835,0.00037939865313478137
4,0.15,nn_center_grid_n4,0.03270009342883837,0.0018685767673621925
1,0.2,iou_grid_n4,0.03750794659885569,0.007513148009015778
3,0.2,nn_dist_grid_n4,0.0070898041863605675,0.0021944632005401754
3,0.2,iou_grid_n1,0.2540513166779203,0.05865968939905469
1,0.25,nn_cluster_global,0.002009769003765137,0.00012720056985855295
1,0.5,iou_grid_n2,0.08108475190148497,0.02797899311843535
1,0.5,nn_cluster_grid_n4,0.0006677834118073161,5.659181455994205e-05
2,0.5,none,0.6920968400980659,0.6354195042222828
4,0.5,nn_center_grid_n4,0.08270123400883052,0.021283822031020038
2,0.05,nn_dist_grid_n2,0.0005452893062708271,0.00018176310209027567
2,0.075,nn_dist_grid_n1,0.027269589230238176,0.001956046484869405
2,0.075,iou_grid_n5,0.012944425267518123,0.0015533310321021747
2,0.075,nn_center_grid_n2,0.05563226326084455,0.0037395006328385686
2,0.1,iou_grid_n4,0.01869363213992894,0.003771522273845313
2,0.15,nn_dist_grid_n2,0.006429615197272284,0.0011203117389186556
4,0.2,nn_cluster_grid_n2,0.0015275656158866824,0.00013886960144424384
5,0.2,nn_dist_global,0.003043831168831169,0.0008116883116883117
3,0.025,nn_dist_grid_n5,0.00012353304508956145,0.00012353304508956145
3,0.025,nn_center_grid_n1,0.18418777022853614,0.021494749845583694
3,0.025,nn_center_grid_n3,0.027424336009882644,0.0004941321803582458
3,0.025,nn_cluster_grid_n1,0.042001235330450894,0.004694255713403335
1,0.15,nn_cluster_grid_n2,0.0005883314267037098,6.537015852263442e-05
2,0.25,nn_cluster_grid_n1,0.06634458097158291,0.008140906151329555
2,0.25,nn_dist_grid_n5,0.01673831171301404,0.0031574542549549205
2,0.25,nn_center_grid_n1,0.13645528207859398,0.009396279529805608
2,0.25,nn_center_grid_n3,0.07094761669266177,0.011602693346521094
3,0.5,iou_global,0.0841884958142047,0.030043208209559816
1,0.0,nn_cluster_grid_n2,4.525910839556461e-05,4.525910839556461e-05
1,0.025,nn_center_grid_n5,0.019529573353935962,0.0004292213923941969
2,0.025,nn_center_grid_n1,0.15455940657373066,0.014196188770942576
2,0.025,nn_center_grid_n3,0.02180585752653792,0.0003197339813275355
2,0.025,nn_cluster_grid_n1,0.03587415270494948,0.00396470136846144
2,0.025,nn_dist_grid_n5,0.0008313083514515922,6.39467962655071e-05
1,0.05,nn_center_grid_n5,0.03136215334420881,0.0011419249592169657
0,0.075,nn_center_grid_n1,0.06578947368421052,0.013157894736842105
0,0.075,nn_cluster_grid_n1,0.039473684210526314,0.013157894736842105
5,0.25,iou_global,0.05052327679538073,0.012450378924575966
3,0.05,none,0.9297399082028951,0.8883135224196775
5,0.15,none,0.923584261996816,0.8765067091198544
3,0.25,nn_center_grid_n5,0.05990302126072361,0.009623274897426334
5,0.5,nn_center_global,0.08491525423728813,0.021779661016949153
5,0.5,nn_cluster_grid_n5,0.0006779661016949153,0.0002542372881355932
5,0.1,nn_center_grid_n1,0.1990401616569841,0.018691588785046728
5,0.1,nn_center_grid_n3,0.030815862591563527,0.0015155342258145997
5,0.1,nn_cluster_grid_n1,0.1096236423339227,0.013892397069967163
3,0.0,nn_center_grid_n5,0.007503234152652005,0.0
0,0.5,iou_grid_n4,0.0,0.0
2,0.0,nn_center_grid_n4,0.0062470611943306244,0.0
0,0.025,iou_grid_n4,0.039473684210526314,0.0
5,0.2,nn_cluster_grid_n3,0.00040584415584415587,0.0
5,0.05,nn_dist_grid_n2,0.0008248556502612042,0.0
5,0.0,nn_cluster_grid_n2,0.00030646644192460924,0.0
0,0.0,iou_grid_n4,0.07894736842105263,0.0
5,0.075,nn_cluster_grid_n2,0.001837270341207349,0.0
0,0.075,nn_center_grid_n3,0.0,0.0
0,0.075,nn_dist_grid_n5,0.0,0.0
0,0.2,nn_cluster_global,0.0,0.0
0,0.25,nn_dist_grid_n2,0.0,0.0
0,0.05,iou_grid_n4,0.06578947368421052,0.0
5,0.1,nn_dist_grid_n5,0.0010103561505430665,0.0
0,0.1,nn_center_global,0.0,0.0
0,0.1,nn_cluster_grid_n5,0.0,0.0
0,0.15,iou_global,0.07894736842105263,0.0
4,0.025,iou_global,0.003821399839098954,0.0018101367658889783
1,0.075,iou_grid_n2,0.016987761090305392,0.0024709470676807844
1,0.075,nn_cluster_grid_n4,0.0005791282189876838,3.8608547932512256e-05
3,0.075,none,0.9238137669859657,0.8838271329917576
4,0.075,iou_grid_n2,0.03515766582094962,0.0032620514679231605
1,0.1,iou_grid_n2,0.019277196576194307,0.00259711756529373
4,0.1,nn_dist_grid_n3,0.001381692573402418,0.00017271157167530224
4,0.1,iou_grid_n3,0.02158894645941278,0.0017271157167530224
3,0.15,nn_center_grid_n5,0.03594802238452054,0.00426823484776629
4,0.15,iou_grid_n3,0.031765805045157275,0.0035814388041108688
4,0.15,nn_dist_grid_n3,0.002802865151043289,0.0003114294612270321
1,0.2,nn_cluster_grid_n4,0.00046234756978558633,2.8896723111599146e-05
1,0.2,iou_grid_n2,0.039819684447783624,0.009015777610818933
3,0.2,nn_cluster_grid_n2,0.0008440243079000675,8.440243079000676e-05
1,0.25,nn_center_grid_n5,0.06522845222346596,0.01198229368067569
1,0.5,iou_grid_n4,0.08555550525172038,0.028839188699746467
4,0.5,nn_dist_grid_n3,0.04602060455111514,0.012396694214876033
4,0.5,iou_grid_n3,0.08173893354466207,0.028302954828484092
2,0.0,iou_grid_n3,0.0014777994223147712,0.0004702089071001545
2,0.05,nn_dist_grid_n1,0.018782187215995155,0.002059981823689791
2,0.05,iou_grid_n5,0.007209936382914268,0.0010299909118448955
2,0.05,nn_center_grid_n2,0.07585580127234172,0.004119963647379582
2,0.075,nn_dist_grid_n2,0.0016108618110689218,0.00023012311586698885
2,0.1,iou_grid_n2,0.024214266192948895,0.003771522273845313
2,0.15,nn_dist_grid_n1,0.02303945445689235,0.0011203117389186556
2,0.15,iou_grid_n5,0.025815879201169022,0.004042864101315148
2,0.15,nn_center_grid_n2,0.05465172917681442,0.007160253287871407
4,0.2,nn_dist_grid_n4,0.004999305651992779,0.00041660880433273156
4,0.2,iou_grid_n1,0.2852381613664769,0.06485210387446189
5,0.2,nn_center_grid_n1,0.16335227272727273,0.011363636363636364
5,0.2,nn_center_grid_n3,0.046875,0.005681818181818182
5,0.2,nn_cluster_grid_n1,0.10186688311688312,0.014001623376623376
5,0.2,nn_dist_grid_n5,0.0034496753246753245,0.0012175324675324675
4,0.25,none,0.8715753424657534,0.8161692759295499
3,0.025,nn_cluster_grid_n3,0.0002470660901791229,0.0002470660901791229
3,0.025,nn_dist_global,0.001358863495985176,0.0002470660901791229
4,0.05,none,0.9323653037829576,0.8874665647688192
5,0.05,iou_grid_n5,0.013747594171020072,0.0008248556502612042
5,0.05,nn_center_grid_n2,0.08413527632664283,0.002474566950783613
5,0.05,nn_dist_grid_n1,0.021721198790211713,0.0013747594171020072
1,0.15,nn_dist_grid_n4,0.0110148717110639,0.0014708285667592745
1,0.15,iou_grid_n1,0.18571662036280437,0.03536525576074522
2,0.2,none,0.8839088905216752,0.8403855296710896
2,0.25,nn_dist_global,0.01711872788830981,0.0028150796971887246
3,0.5,nn_center_global,0.0831420469889279,0.020051309748852282
3,0.5,nn_cluster_grid_n5,0.0006076154469349176,0.0001012692411558196
1,0.0,iou_grid_n1,0.0005431093007467753,0.0004073319755600815
1,0.025,nn_cluster_global,0.0139496952528114,0.00038629925315477725
2,0.025,nn_dist_global,0.000703414758920578,0.0001918403887965213
1,0.05,nn_cluster_global,0.007748776508972268,0.00012234910277324632
3,0.1,none,0.9125781498357529,0.8726290134576666
5,0.0,iou_grid_n1,0.007661661048115232,0.0009193993257738277
5,0.075,iou_grid_n1,0.35616797900262465,0.06377952755905512
5,0.25,nn_center_global,0.05304944063514976,0.005954529050884157
3,0.25,nn_cluster_global,0.001864975755315181,0.0004475941812756434
5,0.5,iou_global,0.08372881355932203,0.02788135593220339
3,0.0,nn_cluster_global,0.025355756791720568,0.0
4,0.075,nn_cluster_grid_n4,0.0010873504893077202,0.0
1,0.1,nn_cluster_grid_n4,0.0007315824127587972,0.0
0,0.5,iou_grid_n2,0.02631578947368421,0.0
0,0.5,nn_cluster_grid_n4,0.0,0.0
2,0.0,nn_dist_grid_n3,0.00013434540202861557,0.0
0,0.025,iou_grid_n2,0.013157894736842105,0.0
0,0.025,nn_cluster_grid_n4,0.0,0.0
2,0.1,nn_cluster_grid_n4,0.00038261820169445204,0.0
2,0.25,nn_cluster_grid_n3,0.0,0.0
1,0.0,nn_dist_grid_n4,9.051821679112921e-05,0.0
2,0.025,nn_cluster_grid_n3,0.000639467962655071,0.0
5,0.0,nn_dist_grid_n4,0.0,0.0
0,0.0,iou_grid_n2,0.06578947368421052,0.0
0,0.0,nn_cluster_grid_n4,0.0,0.0
5,0.075,nn_dist_grid_n4,0.0,0.0
0,0.075,nn_cluster_grid_n3,0.0,0.0
0,0.075,nn_dist_global,0.0,0.0
5,0.25,nn_cluster_grid_n5,0.00036088054853843375,0.0
0,0.2,nn_center_grid_n5,0.0,0.0
0,0.25,iou_grid_n5,0.013157894736842105,0.0
0,0.25,nn_center_grid_n2,0.25,0.0
0,0.25,nn_dist_grid_n1,0.0,0.0
0,0.05,iou_grid_n2,0.0,0.0
0,0.05,nn_cluster_grid_n4,0.0,0.0
5,0.1,nn_cluster_grid_n3,0.0007577671129072998,0.0
5,0.1,nn_dist_global,0.002525890376357666,0.0
0,0.1,iou_global,0.05263157894736842,0.0
0,0.15,nn_center_global,0.0,0.0
0,0.15,nn_cluster_grid_n5,0.0,0.0
4,0.0,iou_grid_n1,0.004823825503355705,0.00041946308724832214
4,0.025,nn_center_grid_n1,0.2009251810136766,0.020514883346741754
4,0.025,nn_center_grid_n3,0.026146419951729685,0.00040225261464199515
4,0.025,nn_cluster_grid_n1,0.04002413515687852,0.003821399839098954
5,0.025,iou_grid_n1,0.12034883720930233,0.0034883720930232558
1,0.075,nn_center_grid_n4,0.03455465039959847,0.0020076444924906375
4,0.075,nn_center_grid_n4,0.024465386009423704,0.0016310257339615802
1,0.1,nn_center_grid_n4,0.03606701294900871,0.0024508010827419707
4,0.1,iou_grid_n4,0.02366148531951641,0.0022452504317789293
3,0.15,iou_grid_n5,0.026368206392867306,0.0034145878782130324
3,0.15,nn_center_grid_n2,0.05472825571469221,0.0052167314806032435
3,0.15,nn_dist_grid_n1,0.020677226595845585,0.0007587973062695627
4,0.15,iou_grid_n4,0.035970102771722204,0.005761445032700093
1,0.2,nn_center_grid_n4,0.05941166271744784,0.009507021903716118
3,0.2,none,0.8822586090479406,0.8343180283592168
1,0.25,iou_grid_n5,0.047394932329296834,0.011727892540958584
1,0.25,nn_center_grid_n2,0.0715630406024219,0.012694616871883587
1,0.25,nn_dist_grid_n1,0.018138801261829655,0.000559682507377633
1,0.5,iou_grid_n3,0.08253350235421948,0.028024266570083303
1,0.5,nn_dist_grid_n3,0.06788754074610648,0.019399674031148135
2,0.5,nn_dist_grid_n4,0.06362367202397166,0.01845546172704985
2,0.5,iou_grid_n1,0.063759874693544,0.024788885862162897
4,0.5,iou_grid_n4,0.08247481037020266,0.02745386618362957
2,0.0,iou_grid_n4,0.0018136629273863103,0.00013434540202861557
2,0.05,nn_center_grid_n5,0.02344744016964556,0.0007876401090578613
2,0.075,nn_cluster_global,0.0023012311586698884,0.00028765389483373605
2,0.1,nn_center_grid_n4,0.029953539218365674,0.0025690079256627495
2,0.15,nn_center_grid_n5,0.04028251339503166,0.004676083779834389
5,0.2,iou_global,0.04342532467532467,0.005681818181818182
3,0.025,nn_center_global,0.017912291537986413,0.0007411982705373688
3,0.025,nn_cluster_grid_n5,0.0011117974058060531,0.00012353304508956145
4,0.05,nn_cluster_grid_n2,0.0011463507833397019,0.00019105846388995032
5,0.05,nn_center_grid_n5,0.01567225735496288,0.00027495188342040145
2,0.2,nn_cluster_grid_n2,0.0005186497817348836,4.322081514457363e-05
2,0.25,nn_center_global,0.07022482595959981,0.012059192756876022
3,0.5,nn_cluster_grid_n3,0.00043883337834188497,3.375641371860653e-05
3,0.5,nn_dist_global,0.04523359438293276,0.012591142317040237
1,0.025,nn_dist_grid_n2,0.0009013649240278136,0.00017168855695767876
2,0.025,nn_center_global,0.02404399539583067,0.0017905102954341987
2,0.025,nn_cluster_grid_n5,0.0011510423327791277,0.0001278935925310142
1,0.05,nn_dist_grid_n2,0.0007748776508972267,8.156606851549755e-05
3,0.1,nn_cluster_grid_n2,0.0008477270318957296,0.0001059658789869662
5,0.25,nn_cluster_grid_n3,0.00018044027426921688,0.00018044027426921688
5,0.25,nn_dist_global,0.0070371706964994585,0.0012630819198845183
3,0.05,nn_dist_grid_n4,0.0004707543839002001,0.00011768859597505002
3,0.05,iou_grid_n1,0.30293044603977876,0.06143344709897611
5,0.15,iou_grid_n1,0.32476688651353197,0.057311803502387994
5,0.15,nn_dist_grid_n4,0.003866272458494428,0.0009097111667045713
3,0.25,nn_dist_grid_n2,0.013950018649757553,0.002461767997016039
5,0.5,nn_dist_grid_n5,0.040847457627118645,0.012711864406779662
5,0.5,nn_center_grid_n1,0.046016949152542376,0.003728813559322034
5,0.5,nn_center_grid_n3,0.08728813559322034,0.018559322033898304
5,0.5,nn_cluster_grid_n1,0.033983050847457626,0.004915254237288135
5,0.1,nn_center_global,0.020964890123768627,0.002020712301086133
3,0.0,nn_dist_grid_n2,0.0,0.0
4,0.0,nn_dist_grid_n4,0.0,0.0
4,0.025,nn_dist_grid_n5,0.0006033789219629927,0.0
5,0.025,nn_dist_grid_n4,0.0011627906976744186,0.0
3,0.075,nn_cluster_grid_n2,0.001225217197594119,0.0
0,0.5,nn_center_grid_n4,0.013157894736842105,0.0
0,0.025,nn_center_grid_n4,0.0,0.0
4,0.25,nn_cluster_grid_n2,0.0003669275929549902,0.0
2,0.25,nn_cluster_grid_n5,0.00015216647011830943,0.0
0,0.0,nn_center_grid_n4,0.013157894736842105,0.0
0,0.075,nn_center_global,0.013157894736842105,0.0
0,0.075,nn_cluster_grid_n5,0.0,0.0
0,0.2,iou_grid_n5,0.013157894736842105,0.0
0,0.2,nn_center_grid_n2,0.13157894736842105,0.0
0,0.2,nn_dist_grid_n1,0.0,0.0
0,0.25,nn_center_grid_n5,0.0,0.0
0,0.05,nn_center_grid_n4,0.013157894736842105,0.0
5,0.1,nn_cluster_grid_n5,0.0007577671129072998,0.0
0,0.1,nn_center_grid_n1,0.05263157894736842,0.0
0,0.1,nn_center_grid_n3,0.02631578947368421,0.0
0,0.1,nn_cluster_grid_n1,0.09210526315789473,0.0
0,0.1,nn_dist_grid_n5,0.0,0.0
0,0.15,nn_cluster_grid_n3,0.0,0.0
0,0.15,nn_dist_global,0.013157894736842105,0.0
3,0.0,iou_global,0.004657179818887452,0.0027166882276843467
4,0.0,iou_grid_n2,0.002936241610738255,0.00020973154362416107
4,0.025,nn_cluster_global,0.008849557522123894,0.0006033789219629927
5,0.025,iou_grid_n2,0.026744186046511628,0.0005813953488372093
5,0.025,nn_cluster_grid_n4,0.0017441860465116279,0.00029069767441860465
3,0.075,iou_grid_n4,0.019380708398306974,0.0023390510135887724
3,0.15,nn_center_global,0.03822441430332922,0.0036991368680641184
3,0.2,nn_dist_grid_n3,0.00725860904794058,0.001012829169480081
3,0.2,iou_grid_n3,0.038149898717083054,0.00649898717083052
1,0.25,nn_center_global,0.05754553780400936,0.009209321257759235
1,0.5,none,0.6721070264396958,0.6136250452734516
2,0.5,nn_cluster_grid_n4,0.0006129120130754563,6.810133478616181e-05
2,0.5,iou_grid_n2,0.0797977390356851,0.027632116589485153
4,0.5,nn_cluster_grid_n2,0.0018679950186799503,0.00022642363862787276
2,0.05,nn_dist_global,0.0008482278097546198,0.00024235080278703423
2,0.075,nn_cluster_grid_n1,0.07398458175123691,0.01052813255091474
2,0.075,nn_dist_grid_n5,0.0010355540214014498,0.00017259233690024162
2,0.075,nn_center_grid_n1,0.22621102289725004,0.016453802784489702
2,0.075,nn_center_grid_n3,0.028995512599240592,0.0011506155793349442
2,0.15,nn_dist_global,0.005260594252313688,0.0008280565026790064
4,0.2,nn_center_grid_n4,0.04166088043327316,0.003749479238994584
5,0.2,nn_dist_grid_n2,0.004667207792207792,0.0018262987012987013
4,0.25,iou_grid_n4,0.04354207436399217,0.010151663405088062
3,0.025,iou_grid_n5,0.003211859172328598,0.0002470660901791229
3,0.025,nn_center_grid_n2,0.13255095738109945,0.001605929586164299
3,0.025,nn_dist_grid_n1,0.02445954292773317,0.001976528721432983
4,0.05,iou_grid_n4,0.012609858616736722,0.0013374092472296522
5,0.05,nn_dist_global,0.0005499037668408029,0.00027495188342040145
1,0.15,nn_center_grid_n4,0.04785095603856839,0.005719888870730511
2,0.2,iou_grid_n4,0.03600293901542983,0.007693305095734106
2,0.25,nn_dist_grid_n1,0.015901396127363337,0.000532582645414083
2,0.25,iou_grid_n5,0.04325331913112945,0.01023319511545631
2,0.25,nn_center_grid_n2,0.07692015064480542,0.013010233195115456
3,0.5,nn_center_grid_n5,0.0883067782878747,0.023359438293275723
1,0.025,iou_global,0.001673963430337368,0.00137350845566143
2,0.025,iou_grid_n5,0.001918403887965213,0.0002557871850620284
2,0.025,nn_center_grid_n2,0.1035938099501215,0.0024299782580892697
2,0.025,nn_dist_grid_n1,0.017073794602890394,0.001278935925310142
1,0.05,iou_global,0.006851549755301794,0.001835236541598695
3,0.1,iou_grid_n4,0.022464766345236833,0.003178976369608986
5,0.075,nn_center_grid_n4,0.02204724409448819,0.0010498687664041995
5,0.25,nn_center_grid_n5,0.05088415734391916,0.0063154095994225916
3,0.05,nn_cluster_grid_n4,0.0004707543839002001,0.00011768859597505002
3,0.05,iou_grid_n2,0.022007767447334355,0.0021183947275509
5,0.15,iou_grid_n2,0.04343870821014328,0.0040937002501705705
5,0.15,nn_cluster_grid_n4,0.0011371389583807142,0.00045485558335228563
3,0.25,iou_global,0.04550540842969041,0.010891458411040656
5,0.5,nn_cluster_global,0.0038135593220338985,0.00033898305084745765
5,0.1,iou_grid_n5,0.02020712301086133,0.0015155342258145997
5,0.1,nn_center_grid_n2,0.045213437736802226,0.0007577671129072998
5,0.1,nn_dist_grid_n1,0.023490780500126294,0.0015155342258145997
4,0.0,nn_cluster_grid_n4,0.0010486577181208054,0.0
4,0.1,nn_cluster_grid_n2,0.0012089810017271157,0.0
3,0.15,nn_cluster_grid_n5,0.00018969932656739068,0.0
4,0.15,nn_cluster_grid_n2,0.0004671441918405481,0.0
1,0.25,nn_cluster_grid_n5,0.0003052813676605271,0.0
2,0.0,nn_cluster_grid_n2,6.717270101430779e-05,0.0
2,0.05,nn_cluster_grid_n3,0.00018176310209027567,0.0
2,0.15,nn_cluster_grid_n3,9.74184120798831e-05,0.0
5,0.05,nn_cluster_grid_n3,0.0,0.0
1,0.0,nn_center_grid_n4,0.004073319755600814,0.0
5,0.0,nn_center_grid_n4,0.01195219123505976,0.0
0,0.075,iou_grid_n5,0.02631578947368421,0.0
0,0.075,nn_center_grid_n2,0.15789473684210525,0.0
0,0.075,nn_dist_grid_n1,0.013157894736842105,0.0
0,0.2,nn_center_global,0.02631578947368421,0.0
0,0.2,nn_cluster_grid_n5,0.0,0.0
0,0.25,nn_cluster_grid_n3,0.0,0.0
0,0.25,nn_dist_global,0.0,0.0
0,0.1,nn_cluster_global,0.0,0.0
0,0.15,nn_center_grid_n5,0.013157894736842105,0.0
4,0.0,nn_center_grid_n1,0.062290268456375836,0.00020973154362416107
4,0.0,nn_center_grid_n3,0.014052013422818792,0.00041946308724832214
4,0.025,iou_grid_n1,0.1164521319388576,0.0030168946098149637
5,0.025,nn_center_grid_n1,0.22848837209302325,0.02180232558139535
5,0.025,nn_center_grid_n3,0.02441860465116279,0.00029069767441860465
5,0.025,nn_cluster_grid_n1,0.04622093023255814,0.0037790697674418604
1,0.075,nn_dist_grid_n2,0.0024709470676807844,0.00027025983552758583
3,0.075,nn_cluster_grid_n3,0.00022276676319893073,0.00011138338159946537
3,0.075,nn_dist_global,0.0013366005791935842,0.00011138338159946537
1,0.1,nn_dist_grid_n2,0.004755285682932182,0.00032921208574145875
4,0.1,nn_center_grid_n5,0.021243523316062177,0.0010362694300518134
3,0.15,nn_dist_grid_n3,0.003983685857915204,0.00037939865313478137
3,0.15,iou_grid_n3,0.027980650668690127,0.004742483164184767
4,0.15,nn_center_grid_n5,0.031765805045157275,0.0023357209592027406
1,0.2,nn_dist_grid_n2,0.01999653239322661,0.0030630526498295093
3,0.2,nn_center_global,0.04650573936529372,0.00599257258609048
1,0.25,nn_dist_grid_n3,0.027271802177673755,0.004833621654625013
1,0.25,iou_grid_n3,0.048641497913910654,0.011956853566703979
1,0.5,iou_grid_n5,0.08555550525172038,0.029597519014849694
1,0.5,nn_center_grid_n2,0.08102816008692502,0.023315827598696125
1,0.5,nn_dist_grid_n1,0.00612323433538573,0.00023768562115175662
2,0.5,nn_center_grid_n1,0.0481476436938164,0.003319940070825388
2,0.5,nn_center_grid_n3,0.08422432579678561,0.022098883138109506
2,0.5,nn_cluster_grid_n1,0.029436801961318444,0.004562789430672841
2,0.5,nn_dist_grid_n5,0.060831517297739036,0.01760419504222283
4,0.5,nn_center_grid_n5,0.08032378580323786,0.020378127476508547
2,0.0,nn_center_grid_n5,0.0051051252770873915,6.717270101430779e-05
2,0.05,iou_grid_n4,0.009027567403817025,0.001514692517418964
2,0.075,nn_cluster_grid_n4,0.0004602462317339777,5.753077896674721e-05
2,0.075,iou_grid_n2,0.02065354964906225,0.002531354274536877
2,0.1,nn_dist_grid_n2,0.0025690079256627495,0.0007105766602896966
2,0.15,iou_grid_n4,0.02732586458840721,0.004919629810034096
4,0.2,iou_global,0.0361060963755034,0.005693653659213998
4,0.25,nn_cluster_grid_n3,0.0002446183953033268,0.0001223091976516634
4,0.25,nn_dist_global,0.007950097847358121,0.001834637964774951
3,0.025,none,0.9686226065472514,0.9576281655342804
4,0.05,nn_cluster_grid_n3,0.00038211692777990065,0.00019105846388995032
5,0.05,iou_grid_n4,0.016772064888644488,0.0013747594171020072
1,0.15,iou_global,0.03137767609086452,0.005393038078117339
2,0.2,nn_cluster_grid_n3,0.0001296624454337209,4.322081514457363e-05
2,0.2,nn_dist_global,0.010027229113541081,0.0017720534209275187
2,0.25,none,0.853197397953361,0.8062920835393921
3,0.5,nn_cluster_grid_n2,0.0017890899270861464,0.00013502565487442613
1,0.0,iou_global,0.0009957003847024214,0.0017198461190314552
1,0.025,nn_center_grid_n4,0.01931496265773886,0.000557987810112456
2,0.025,none,0.9745491750863282,0.9658524107942192
1,0.05,nn_center_grid_n4,0.03193311582381729,0.0012234910277324632
3,0.1,nn_dist_global,0.002861078732648087,0.0002119317579739324
5,0.0,iou_global,0.010726325467361323,0.0021452650934722646
5,0.075,iou_global,0.024146981627296588,0.0034120734908136482
0,0.075,none,1.0,0.9736842105263158
3,0.05,nn_center_grid_n1,0.22054842885724374,0.021066258679533954
3,0.05,nn_center_grid_n3,0.027774508650111805,0.0012945745557255502
3,0.05,nn_cluster_grid_n1,0.07049546898905495,0.010356596445804401
3,0.05,nn_dist_grid_n5,0.0004707543839002001,0.00011768859597505002
5,0.15,nn_center_grid_n1,0.19354105071639754,0.015465089833977713
5,0.15,nn_center_grid_n3,0.036388446668182854,0.0047759836251989995
5,0.15,nn_cluster_grid_n1,0.09893108937912212,0.010006822833750284
5,0.15,nn_dist_grid_n5,0.0029565612917898565,0.0009097111667045713
3,0.25,nn_center_grid_n4,0.06072361059306229,0.008578888474449832
5,0.5,nn_dist_grid_n4,0.04338983050847458,0.01364406779661017
5,0.5,iou_grid_n1,0.0961864406779661,0.03177966101694915
5,0.1,none,0.9270017681232634,0.8797676180853751
0,0.1,iou_grid_n1,0.34210526315789475,0.013157894736842105
3,0.0,nn_center_grid_n4,0.006727037516170763,0.0
4,0.0,nn_cluster_grid_n1,0.008179530201342282,0.0
4,0.0,nn_dist_grid_n5,0.0,0.0
4,0.025,nn_dist_grid_n4,0.001005631536604988,0.0
5,0.025,nn_dist_grid_n5,0.00029069767441860465,0.0
4,0.075,nn_dist_grid_n2,0.0003624501631025734,0.0
3,0.2,nn_cluster_grid_n5,0.00033760972316002703,0.0
0,0.5,nn_dist_grid_n2,0.0,0.0
0,0.025,nn_dist_grid_n2,0.0,0.0
4,0.05,nn_dist_global,0.00038211692777990065,0.0
3,0.1,nn_cluster_grid_n3,0.0004238635159478648,0.0
0,0.0,nn_dist_grid_n2,0.0,0.0
5,0.25,nn_cluster_grid_n2,0.0012630819198845183,0.0
0,0.2,iou_grid_n3,0.039473684210526314,0.0
0,0.2,nn_dist_grid_n3,0.0,0.0
0,0.25,iou_grid_n4,0.09210526315789473,0.0
0,0.05,nn_dist_grid_n2,0.0,0.0
0,0.1,nn_dist_grid_n4,0.0,0.0
0,0.15,nn_cluster_grid_n2,0.0,0.0
4,0.0,iou_grid_n3,0.003355704697986577,0.00020973154362416107
4,0.025,iou_grid_n5,0.004424778761061947,0.0006033789219629927
4,0.025,nn_center_grid_n2,0.15265486725663716,0.0014078841512469831
4,0.025,nn_dist_grid_n1,0.027956556717618663,0.0022123893805309734
5,0.025,iou_grid_n3,0.00872093023255814,0.0005813953488372093
1,0.075,nn_cluster_grid_n2,0.0011196478900428555,7.721709586502451e-05
3,0.075,nn_center_grid_n4,0.02472711071508131,0.001559367342392515
4,0.075,nn_cluster_grid_n2,0.0019934758970641536,0.0001812250815512867
1,0.1,nn_cluster_grid_n2,0.001316848342965835,3.657912063793987e-05
3,0.15,nn_center_grid_n1,0.21255809541876125,0.017642037370767333
3,0.15,nn_center_grid_n3,0.038983211609598785,0.003319738214929337
3,0.15,nn_cluster_grid_n1,0.0976951531822062,0.012235606563596698
3,0.15,nn_dist_grid_n5,0.0032248885516456415,0.00037939865313478137
1,0.2,nn_cluster_grid_n2,0.0010691787551291685,8.669016933479743e-05
3,0.2,nn_cluster_grid_n4,0.0005064145847400405,0.00016880486158001352
3,0.2,iou_grid_n2,0.04085077650236327,0.008440243079000676
1,0.25,nn_dist_grid_n5,0.029459651979240865,0.006232827923069095
1,0.25,nn_center_grid_n1,0.10570367355245751,0.006258268037040806
1,0.25,nn_center_grid_n3,0.06558461381906991,0.012567416302025033
1,0.25,nn_cluster_grid_n1,0.08496998066551338,0.010862928665920424
1,0.5,iou_grid_n1,0.05467901122781601,0.024741941325606663
1,0.5,nn_dist_grid_n4,0.06947211155378485,0.020656012314378847
2,0.5,nn_dist_grid_n3,0.05672841187687279,0.015714383001906838
2,0.5,iou_grid_n3,0.07586488695178426,0.02632116589485154
2,0.05,iou_global,0.008239927294759164,0.0025446834292638595
2,0.075,nn_center_global,0.024277988723967324,0.0014382694741686803
2,0.1,nn_cluster_grid_n2,0.001147854605083356,0.00010931948619841486
2,0.15,iou_global,0.028884559181685338,0.005309303458353629
4,0.2,iou_grid_n4,0.03930009720872101,0.004582696847660047
5,0.2,nn_center_grid_n5,0.03936688311688312,0.002029220779220779
4,0.25,nn_center_grid_n4,0.05540606653620352,0.00684931506849315
3,0.025,nn_cluster_global,0.008029647930821495,0.0009882643607164916
4,0.05,nn_center_grid_n4,0.021971723347344287,0.0007642338555598013
5,0.05,iou_global,0.01567225735496288,0.0021996150673632116
1,0.15,iou_grid_n4,0.028991665304788364,0.005393038078117339
2,0.2,nn_center_grid_n4,0.05890997104205385,0.0077797467260232525
2,0.25,nn_cluster_global,0.0011032069083577434,0.00038041617529577357
3,0.5,nn_dist_grid_n2,0.0568458007021334,0.01822846340804753
1,0.0,iou_grid_n4,0.0007694048427245983,0.00027155465037338765
1,0.025,nn_cluster_grid_n3,0.00021461069619709846,4.292213923941969e-05
1,0.025,nn_dist_global,0.0010301313417460727,0.00017168855695767876
2,0.025,nn_cluster_global,0.0099117534211536,0.0010870955365136206
1,0.05,nn_dist_global,0.0005709624796084829,4.078303425774878e-05
3,0.1,nn_center_grid_n4,0.024054254530041327,0.0021193175797393237
5,0.075,iou_grid_n4,0.01942257217847769,0.002099737532808399
5,0.25,nn_dist_grid_n2,0.007758931793576326,0.001804402742692169
3,0.05,iou_grid_n3,0.009650464869954101,0.0014122631517006002
5,0.15,iou_grid_n3,0.031157607459631566,0.0022742779167614284
5,0.15,nn_dist_grid_n3,0.0022742779167614284,0.00022742779167614282
3,0.25,nn_dist_global,0.00999627004848937,0.0020887728459530026
5,0.5,iou_grid_n5,0.08186440677966102,0.02711864406779661
5,0.5,nn_center_grid_n2,0.10872881355932204,0.025084745762711864
5,0.5,nn_dist_grid_n1,0.00652542372881356,0.00033898305084745765
0,0.2,nn_center_grid_n1,0.06578947368421052,0.02631578947368421
0,0.2,nn_cluster_grid_n1,0.15789473684210525,0.013157894736842105
5,0.1,nn_cluster_global,0.0017681232634503663,0.0005051780752715333
3,0.0,nn_cluster_grid_n3,0.000129366106080207,0.0
3,0.0,nn_dist_global,0.000258732212160414,0.0
4,0.0,nn_dist_grid_n3,0.0,0.0
5,0.025,nn_dist_grid_n3,0.0005813953488372093,0.0
0,0.5,nn_cluster_grid_n2,0.0,0.0
0,0.025,nn_cluster_grid_n2,0.0,0.0
2,0.075,nn_cluster_grid_n5,0.0004602462317339777,0.0
1,0.05,nn_cluster_grid_n3,0.0002039151712887439,0.0
5,0.0,iou_grid_n4,0.008887526815813668,0.0
0,0.0,nn_cluster_grid_n2,0.0,0.0
0,0.075,nn_cluster_global,0.0,0.0
3,0.05,nn_dist_grid_n3,0.00035306578792515005,0.0
3,0.25,nn_cluster_grid_n3,0.0,0.0
0,0.2,nn_center_grid_n3,0.0,0.0
0,0.2,nn_dist_grid_n5,0.0,0.0
0,0.25,iou_global,0.039473684210526314,0.0
0,0.05,nn_cluster_grid_n2,0.0,0.0
0,0.1,iou_grid_n5,0.02631578947368421,0.0
0,0.1,nn_center_grid_n2,0.25,0.0
0,0.1,nn_dist_grid_n1,0.02631578947368421,0.0
0,0.15,nn_dist_grid_n2,0.0,0.0
3,0.0,nn_center_global,0.012289780077619664,0.000646830530401035
4,0.0,iou_grid_n4,0.006082214765100671,0.00020973154362416107
4,0.025,nn_center_grid_n5,0.015084473049074818,0.00040225261464199515
5,0.025,iou_grid_n4,0.00872093023255814,0.0014534883720930232
1,0.075,none,0.9508127099339794,0.9296938342148952
3,0.075,iou_grid_n2,0.02639786143907329,0.0032301180663844953
4,0.075,none,0.9300471185212034,0.8829285973178688
1,0.1,none,0.9392055014997439,0.9148803862755139
4,0.1,nn_dist_grid_n4,0.0010362694300518134,0.00017271157167530224
4,0.1,iou_grid_n1,0.34145077720207256,0.06701208981001727
3,0.15,iou_global,0.029782794271080337,0.00550128047045433
4,0.15,iou_grid_n1,0.31189660541887265,0.06913734039240112
4,0.15,nn_dist_grid_n4,0.0032700093428838367,0.0004671441918405481
1,0.2,none,0.8859446338785182,0.8467028838929666
3,0.2,nn_center_grid_n4,0.047687373396353816,0.005570560432140445
1,0.25,iou_global,0.05484888572300804,0.014526305077846748
2,0.5,iou_grid_n4,0.07894647235085808,0.02751293925360937
4,0.5,nn_dist_grid_n4,0.048567870485678705,0.013981659685271142
4,0.5,iou_grid_n1,0.08377674629231292,0.03254839805275671
0,0.5,none,0.9736842105263158,0.9736842105263158
2,0.0,iou_grid_n1,0.0016793175253576947,0.00026869080405723115
0,0.025,none,0.9868421052631579,0.9605263157894737
2,0.05,nn_cluster_grid_n1,0.06355649803089973,0.009391093607997577
2,0.05,nn_center_grid_n1,0.2124204786428355,0.01811572250833081
2,0.05,nn_center_grid_n3,0.029021508633747348,0.0013329294153286884
2,0.075,nn_cluster_grid_n3,0.00017259233690024162,5.753077896674721e-05
2,0.075,nn_dist_global,0.001380738695201933,0.00017259233690024162
2,0.1,none,0.9205793932768516,0.8859797758950533
2,0.15,nn_cluster_grid_n1,0.08446176327325865,0.01037506088650755
2,0.15,nn_dist_grid_n5,0.005260594252313688,0.001071602532878714
2,0.15,nn_center_grid_n1,0.20146127618119825,0.012956648806624452
2,0.15,nn_center_grid_n3,0.046419873356064296,0.00501704822211398
4,0.2,nn_dist_grid_n3,0.005693653659213998,0.0015275656158866824
4,0.2,iou_grid_n3,0.0373559227885016,0.0079155672823219
5,0.2,iou_grid_n5,0.037540584415584416,0.00588474025974026
5,0.2,nn_center_grid_n2,0.056209415584415584,0.005073051948051948
5,0.2,nn_dist_grid_n1,0.018465909090909092,0.0006087662337662338
4,0.25,iou_grid_n2,0.054549902152641876,0.012475538160469667
3,0.025,nn_dist_grid_n2,0.001358863495985176,0.00012353304508956145
4,0.05,iou_grid_n2,0.02865876958349255,0.002865876958349255
5,0.05,nn_center_grid_n1,0.18916689579323617,0.020896343139950507
5,0.05,nn_center_grid_n3,0.020071487489689305,0.0005499037668408029
5,0.05,nn_cluster_grid_n1,0.07368710475666758,0.010723123453395655
5,0.05,nn_dist_grid_n5,0.0008248556502612042,0.0005499037668408029
1,0.15,nn_dist_grid_n3,0.01065533583918941,0.0013074031704526884
1,0.15,iou_grid_n3,0.02801111292694885,0.004968132047720216
2,0.2,nn_cluster_grid_n4,0.0002593248908674418,0.0001296624454337209
2,0.2,iou_grid_n2,0.03691057613346588,0.007822967541167826
2,0.25,nn_dist_grid_n2,0.02077072317114924,0.00418457792825351
3,0.5,nn_cluster_global,0.0028017823386443422,0.0006413718606535242
1,0.0,iou_grid_n3,0.0009504412763068567,0.00031681375876895223
1,0.025,nn_center_global,0.03171946089793115,0.0017598077088162075
2,0.025,nn_dist_grid_n2,0.0008952551477170994,0.0001918403887965213
1,0.05,nn_center_global,0.03686786296900489,0.0020799347471451876
3,0.1,iou_grid_n2,0.02956448023736357,0.0044505669174525805
3,0.1,nn_cluster_grid_n4,0.0008477270318957296,0.0001059658789869662
5,0.0,iou_grid_n3,0.006435795280416794,0.00030646644192460924
0,0.0,none,1.0,1.0
5,0.075,iou_grid_n3,0.024409448818897637,0.0026246719160104987
5,0.25,nn_cluster_global,0.001443522194153735,0.00036088054853843375
3,0.05,iou_grid_n4,0.012592679769330352,0.0017653289396257503
5,0.15,iou_grid_n4,0.03047532408460314,0.004321128041846714
3,0.25,nn_center_global,0.06616933979858262,0.011786646773591944
3,0.25,nn_cluster_grid_n5,0.0003729951510630362,7.459903021260723e-05
5,0.5,nn_center_grid_n5,0.0776271186440678,0.02
0,0.05,none,1.0,0.9736842105263158
3,0.0,iou_grid_n5,0.005045278137128072,0.0007761966364812419
3,0.0,nn_dist_grid_n1,0.01164294954721863,0.000258732212160414
4,0.025,nn_cluster_grid_n3,0.00040225261464199515,0.00020112630732099757
1,0.075,iou_grid_n3,0.011930041311146288,0.0013899077255704413
1,0.075,nn_dist_grid_n3,0.002200687232153199,0.00015443419173004903
3,0.075,nn_dist_grid_n4,0.0005569169079973268,0.00022276676319893073
3,0.075,iou_grid_n1,0.32401425707284476,0.06359991089329473
4,0.075,iou_grid_n3,0.017760057992026096,0.002899601304820587
1,0.1,nn_dist_grid_n3,0.003913965908259566,0.00021947472382763918
1,0.1,iou_grid_n3,0.017192186699831736,0.002414221962104031
4,0.1,nn_cluster_grid_n4,0.0010362694300518134,0.00017271157167530224
4,0.1,iou_grid_n2,0.03678756476683938,0.005008635578583765
3,0.15,nn_dist_grid_n2,0.004552783837617377,0.0006639476429858674
4,0.15,iou_grid_n2,0.03986297103706011,0.005605730302086578
4,0.15,nn_cluster_grid_n4,0.0004671441918405481,0.00015571473061351605
1,0.2,nn_dist_grid_n3,0.01889845691498584,0.0039010576200658844
1,0.2,iou_grid_n3,0.0371611859215165,0.00846673987169855
1,0.25,nn_dist_grid_n2,0.03085885824768495,0.006029307011295411
1,0.5,nn_center_grid_n4,0.08836245925389352,0.026677381383556683
2,0.5,nn_cluster_grid_n2,0.0019408880414056116,0.00010215200217924271
4,0.5,nn_cluster_grid_n4,0.0010189063738254274,0.0003396354579418091
4,0.5,iou_grid_n2,0.07856900260387184,0.027057624816030794
2,0.0,iou_grid_n2,0.0013434540202861558,0.0004702089071001545
2,0.05,nn_cluster_global,0.002605271129960618,0.0006664647076643442
2,0.075,nn_center_grid_n5,0.024853296513634795,0.0014382694741686803
2,0.1,nn_dist_grid_n3,0.0019130910084722602,0.00027329871549603714
2,0.1,iou_grid_n3,0.016288603443563816,0.002022410494670675
2,0.15,nn_cluster_global,0.0016561130053580127,0.0004383828543594739
4,0.2,none,0.8958477989168171,0.8468268296069991
5,0.2,nn_center_global,0.040787337662337664,0.00487012987012987
5,0.2,nn_cluster_grid_n5,0.00020292207792207794,0.00020292207792207794
4,0.25,iou_grid_n1,0.24584148727984345,0.0611545988258317
4,0.25,nn_dist_grid_n4,0.008806262230919765,0.0008561643835616438
3,0.025,iou_global,0.003829524397776405,0.002100061766522545
4,0.05,iou_grid_n1,0.34390523500191056,0.06228505922812381
5,0.05,nn_cluster_global,0.0021996150673632116,0.0005499037668408029
1,0.15,none,0.9170125837555156,0.886452034646184
2,0.2,nn_dist_grid_n4,0.011496736828456585,0.0020745991269395343
2,0.2,iou_grid_n1,0.20421835155811038,0.048364092146777886
2,0.25,iou_global,0.04751398029444212,0.012325484079583063
3,0.5,nn_center_grid_n1,0.051816095058061035,0.003915743991358358
3,0.5,nn_center_grid_n3,0.08810423980556306,0.02281933567377802
3,0.5,nn_cluster_grid_n1,0.030819605725087768,0.004725897920604915
3,0.5,nn_dist_grid_n5,0.05326762084796111,0.016338104239805563
1,0.0,none,0.9965150486535416,0.9952930527268613
1,0.025,iou_grid_n5,0.0015881191518585286,0.00021461069619709846
1,0.025,nn_center_grid_n2,0.060906515580736544,0.0018456519872950467
1,0.025,nn_dist_grid_n1,0.014636449480642116,0.0008155206455489741
2,0.025,iou_global,0.002110244276761734,0.001918403887965213
1,0.05,nn_dist_grid_n1,0.017088091353996738,0.0010603588907014683
1,0.05,iou_grid_n5,0.006117455138662317,0.0006117455138662316
1,0.05,nn_center_grid_n2,0.059257748776508974,0.0024877650897226753
3,0.1,iou_grid_n1,0.32033485217759883,0.06559287909293207
3,0.1,nn_dist_grid_n4,0.0013775564268305605,0.0005298293949348309
5,0.0,none,0.9954030033711309,0.9920318725099602
5,0.075,none,0.9312335958005249,0.8858267716535433
5,0.25,nn_center_grid_n1,0.15427643450018044,0.015517863587152653
5,0.25,nn_center_grid_n3,0.052508119812342116,0.006856730422230242
5,0.25,nn_cluster_grid_n1,0.08931793576326236,0.011187297004691447
5,0.25,nn_dist_grid_n5,0.004871887405268856,0.001443522194153735
3,0.25,iou_grid_n5,0.046773591943304736,0.010070869078701977
3,0.25,nn_center_grid_n2,0.07362924281984334,0.011115255501678478
3,0.25,nn_dist_grid_n1,0.014173815740395375,0.0004475941812756434
5,0.5,nn_cluster_grid_n3,0.0011864406779661016,8.474576271186441e-05
5,0.5,nn_dist_global,0.03983050847457627,0.011186440677966102
5,0.1,iou_global,0.020964890123768627,0.002525890376357666
3,0.0,iou_grid_n2,0.0027166882276843467,0.00038809831824062095
4,0.0,iou_global,0.0065016778523489934,0.002726510067114094
5,0.025,iou_global,0.0069767441860465115,0.0014534883720930232
1,0.075,nn_cluster_global,0.005482413806416741,7.721709586502451e-05
3,0.075,nn_center_global,0.02016039206950323,0.001225217197594119
1,0.1,nn_cluster_global,0.004426073597190724,0.0001828956031896993
4,0.1,nn_dist_grid_n1,0.0229706390328152,0.000690846286701209
4,0.1,iou_grid_n5,0.020379965457685664,0.0015544041450777201
4,0.1,nn_center_grid_n2,0.047495682210708115,0.002072538860103627
3,0.15,iou_grid_n4,0.02949824528122925,0.005121881817319549
4,0.15,iou_grid_n5,0.030364372469635626,0.003892868265337901
4,0.15,nn_center_grid_n2,0.04873871068203052,0.0032700093428838367
4,0.15,nn_dist_grid_n1,0.016817190906259733,0.0006228589224540642
1,0.2,nn_cluster_global,0.0021672542333699358,0.000202277061781194
3,0.2,nn_cluster_grid_n3,0.00016880486158001352,8.440243079000676e-05
3,0.2,nn_dist_global,0.00649898717083052,0.0012660364618501012
1,0.25,iou_grid_n4,0.0480309351785896,0.011727892540958584
1,0.5,nn_center_grid_n5,0.08990175660992394,0.027084842448388265
2,0.5,iou_global,0.08533097248706074,0.029896485971125035
4,0.5,nn_dist_grid_n1,0.006962526887807087,0.0003962413675987773
4,0.5,iou_grid_n5,0.07794633759764519,0.027623683912600474
4,0.5,nn_center_grid_n2,0.1117400656628552,0.029604890750594363
2,0.0,iou_grid_n5,0.0025525626385436958,0.00033586350507153895
2,0.0,nn_center_grid_n2,0.03788540337206959,0.00026869080405723115
2,0.0,nn_dist_grid_n1,0.007657687915631087,0.00013434540202861557
2,0.05,iou_grid_n3,0.007997576491972129,0.0015752802181157226
2,0.075,nn_center_grid_n4,0.028995512599240592,0.0014382694741686803
2,0.1,nn_cluster_global,0.0014211533205793932,0.0001639792292976223
2,0.15,nn_dist_grid_n3,0.004870920603994155,0.0006819288845591817
2,0.15,iou_grid_n3,0.025815879201169022,0.005260594252313688
4,0.2,nn_dist_grid_n5,0.004860436050548535,0.0005554784057769754
4,0.2,nn_center_grid_n1,0.17816969865296486,0.014859047354534093
4,0.2,nn_center_grid_n3,0.048048882099708375,0.005138175253437022
4,0.2,nn_cluster_grid_n1,0.09984724343841134,0.013470351340091655
5,0.2,iou_grid_n1,0.29829545454545453,0.0625
5,0.2,nn_dist_grid_n4,0.0036525974025974025,0.0006087662337662338
4,0.25,nn_center_global,0.058463796477495104,0.008439334637964774
3,0.025,nn_cluster_grid_n2,0.0012353304508956147,0.00012353304508956145
4,0.05,nn_center_global,0.01719526175009553,0.0009552923194497516
5,0.05,iou_grid_n3,0.014297497937860875,0.00192466318394281
1,0.15,nn_dist_grid_n5,0.010851446314757313,0.0014708285667592745
1,0.15,nn_center_grid_n1,0.15548292204608596,0.007680993626409544
1,0.15,nn_center_grid_n3,0.04562837064879882,0.005098872364765484
1,0.15,nn_cluster_grid_n1,0.10151985618565125,0.010034319333224384
2,0.2,nn_center_global,0.056403163763668586,0.008082292432035268
2,0.25,nn_cluster_grid_n2,0.0007227907330619698,7.608323505915471e-05
3,0.5,none,0.6976775587361599,0.6318525519848771
1,0.0,nn_cluster_grid_n1,0.0036207286716451684,4.525910839556461e-05
1,0.0,nn_center_grid_n1,0.034849513464584744,0.00045259108395564606
1,0.0,nn_center_grid_n3,0.003258655804480652,4.525910839556461e-05
1,0.025,iou_grid_n2,0.00424929178470255,0.0008155206455489741
2,0.025,nn_cluster_grid_n2,0.0008952551477170994,0.0003197339813275355
1,0.05,nn_cluster_grid_n4,0.0006933115823817292,8.156606851549755e-05
1,0.05,iou_grid_n2,0.009420880913539967,0.0013050570962479609
3,0.1,nn_center_global,0.025431810956871886,0.0029670446116350536
5,0.0,nn_center_grid_n1,0.06772908366533864,0.0015323322096230463
5,0.075,nn_center_grid_n1,0.20078740157480315,0.01679790026246719
5,0.075,nn_center_grid_n3,0.025721784776902887,0.0010498687664041995
5,0.075,nn_cluster_grid_n1,0.0989501312335958,0.011286089238845144
5,0.25,none,0.8727896066402021,0.8181162035366294
3,0.05,iou_global,0.011768859597505002,0.00200070613157585
5,0.15,iou_global,0.032294746418012284,0.006367978166931999
3,0.25,iou_grid_n2,0.04423722491607609,0.010891458411040656
3,0.25,nn_cluster_grid_n4,0.0005221932114882506,7.459903021260723e-05
0,0.15,none,1.0,0.9868421052631579
1,0.075,nn_cluster_grid_n5,0.0005405196710551717,0.0
4,0.075,nn_cluster_grid_n5,0.0003624501631025734,0.0
0,0.5,nn_center_global,0.0,0.0
0,0.5,nn_cluster_grid_n5,0.0,0.0
2,0.0,nn_center_grid_n3,0.007120306307516625,0.0
2,0.0,nn_dist_grid_n5,0.0,0.0
0,0.025,nn_center_global,0.02631578947368421,0.0
0,0.025,nn_cluster_grid_n5,0.0,0.0
2,0.1,nn_cluster_grid_n5,0.0003279584585952446,0.0
5,0.05,nn_dist_grid_n4,0.0005499037668408029,0.0
5,0.0,nn_center_grid_n2,0.07079374808458473,0.0
5,0.0,nn_dist_grid_n1,0.0165491878639289,0.0
0,0.0,nn_center_global,0.0,0.0
0,0.0,nn_cluster_grid_n5,0.0,0.0
0,0.075,nn_center_grid_n4,0.013157894736842105,0.0
0,0.25,nn_dist_grid_n4,0.0,0.0
0,0.05,nn_center_global,0.013157894736842105,0.0
0,0.05,nn_cluster_grid_n5,0.0,0.0
0,0.1,iou_grid_n4,0.05263157894736842,0.0
0,0.15,iou_grid_n2,0.05263157894736842,0.0
0,0.15,nn_cluster_grid_n4,0.0,0.0
3,0.0,nn_dist_grid_n3,0.000129366106080207,0.0
4,0.0,nn_cluster_grid_n3,0.0,0.0
4,0.0,nn_dist_global,0.0,0.0
4,0.025,nn_cluster_grid_n2,0.001005631536604988,0.0
5,0.025,nn_cluster_grid_n3,0.0,0.0
0,0.5,iou_grid_n5,0.06578947368421052,0.0
0,0.5,nn_center_grid_n2,0.3026315789473684,0.0
0,0.5,nn_dist_grid_n1,0.0,0.0
0,0.025,iou_grid_n5,0.05263157894736842,0.0
0,0.025,nn_center_grid_n2,0.09210526315789473,0.0
0,0.025,nn_dist_grid_n1,0.02631578947368421,0.0
2,0.05,nn_cluster_grid_n4,0.0006058770069675856,0.0
4,0.2,nn_cluster_grid_n5,0.0002777392028884877,0.0
4,0.05,nn_dist_grid_n5,0.0,0.0
5,0.05,nn_cluster_grid_n4,0.0005499037668408029,0.0
1,0.15,nn_cluster_grid_n5,0.00016342539630658605,0.0
1,0.0,nn_cluster_grid_n5,0.003213396696085087,0.0
5,0.0,nn_center_global,0.010726325467361323,0.0
5,0.0,nn_cluster_grid_n5,0.0009193993257738277,0.0
0,0.0,iou_grid_n5,0.19736842105263158,0.0
0,0.0,nn_center_grid_n2,0.10526315789473684,0.0
0,0.0,nn_dist_grid_n1,0.0,0.0
5,0.075,nn_cluster_grid_n5,0.00026246719160104987,0.0
5,0.15,nn_cluster_grid_n3,0.0,0.0
0,0.2,nn_center_grid_n4,0.013157894736842105,0.0
0,0.25,iou_grid_n2,0.039473684210526314,0.0
0,0.25,nn_cluster_grid_n4,0.0,0.0
0,0.05,iou_grid_n5,0.0,0.0
0,0.05,nn_center_grid_n2,0.039473684210526314,0.0
0,0.05,nn_dist_grid_n1,0.0,0.0
0,0.1,nn_cluster_grid_n2,0.0,0.0
0,0.15,nn_dist_grid_n4,0.0,0.0
3,0.0,nn_cluster_grid_n5,0.00129366106080207,0.0
3,0.075,nn_cluster_grid_n4,0.0007796836711962575,0.0
2,0.0,nn_dist_grid_n4,0.00020151810304292335,0.0
2,0.05,nn_dist_grid_n5,0.00012117540139351712,0.0
4,0.25,nn_cluster_grid_n4,0.0002446183953033268,0.0
4,0.05,nn_cluster_grid_n4,0.0005731753916698509,0.0
1,0.0,nn_dist_grid_n3,0.00022629554197782303,0.0
1,0.025,nn_cluster_grid_n5,0.0018027298480556271,0.0
1,0.05,nn_cluster_grid_n5,0.0004893964110929853,0.0
5,0.0,nn_dist_grid_n3,0.0,0.0
5,0.075,nn_dist_grid_n3,0.0013123359580052493,0.0
0,0.075,nn_dist_grid_n2,0.0,0.0
0,0.2,iou_global,0.05263157894736842,0.0
0,0.25,nn_center_grid_n1,0.02631578947368421,0.0
0,0.25,nn_center_grid_n3,0.013157894736842105,0.0
0,0.25,nn_cluster_grid_n1,0.10526315789473684,0.0
0,0.25,nn_dist_grid_n5,0.0,0.0
5,0.1,nn_dist_grid_n2,0.00025258903763576663,0.0
0,0.1,nn_center_grid_n5,0.013157894736842105,0.0
0,0.15,nn_cluster_global,0.0,0.0
3,0.0,nn_center_grid_n2,0.053816300129366106,0.0
4,0.0,nn_cluster_grid_n2,0.0,0.0
4,0.025,nn_dist_global,0.0008045052292839903,0.0
5,0.025,nn_cluster_grid_n2,0.0020348837209302325,0.0
4,0.075,nn_dist_grid_n3,0.0009061254077564335,0.0
0,0.5,iou_grid_n3,0.013157894736842105,0.0
0,0.5,nn_dist_grid_n3,0.0,0.0
2,0.0,nn_cluster_grid_n4,0.001544972123329079,0.0
0,0.025,iou_grid_n3,0.02631578947368421,0.0
0,0.025,nn_dist_grid_n3,0.0,0.0
4,0.05,nn_dist_grid_n4,0.00038211692777990065,0.0
0,0.0,iou_grid_n3,0.06578947368421052,0.0
0,0.0,nn_dist_grid_n3,0.0,0.0
0,0.075,iou_global,0.02631578947368421,0.0
3,0.05,nn_cluster_grid_n2,0.0008238201718253501,0.0
5,0.15,nn_cluster_grid_n2,0.00045485558335228563,0.0
0,0.2,nn_dist_grid_n2,0.0,0.0
0,0.25,nn_cluster_global,0.0,0.0
0,0.05,iou_grid_n3,0.039473684210526314,0.0
0,0.05,nn_dist_grid_n3,0.0,0.0
0,0.1,nn_cluster_grid_n3,0.0,0.0
0,0.1,nn_dist_global,0.0,0.0
0,0.15,nn_center_grid_n1,0.05263157894736842,0.0
0,0.15,nn_center_grid_n3,0.0,0.0
0,0.15,nn_cluster_grid_n1,0.11842105263157894,0.0
0,0.15,nn_dist_grid_n5,0.0,0.0
3,0.0,iou_grid_n4,0.0036222509702457956,0.00038809831824062095
4,0.0,nn_center_global,0.013422818791946308,0.00020973154362416107
4,0.025,none,0.9712389380530974,0.9603781174577635
5,0.025,nn_center_global,0.014244186046511629,0.0008720930232558139
5,0.025,nn_cluster_grid_n5,0.0020348837209302325,0.00029069767441860465
1,0.075,nn_center_grid_n5,0.0343229991120034,0.0016601675610980271
3,0.075,iou_global,0.017821341055914458,0.0026732011583871684
1,0.1,nn_center_grid_n5,0.0367985953617675,0.00259711756529373
4,0.1,nn_dist_grid_n2,0.0017271157167530224,0.0003454231433506045
3,0.15,nn_cluster_grid_n4,0.00047424831641847674,9.484966328369534e-05
3,0.15,iou_grid_n2,0.036991368680641186,0.005975528786872806
4,0.15,nn_dist_grid_n2,0.003425724073497353,0.0006228589224540642
1,0.2,nn_center_grid_n5,0.05918048893255505,0.008177772640582557
3,0.2,nn_center_grid_n1,0.18712018906144498,0.01451721809588116
3,0.2,nn_center_grid_n3,0.05190749493585415,0.006836596893990547
3,0.2,nn_cluster_grid_n1,0.09081701553004727,0.013082376772451047
3,0.2,nn_dist_grid_n5,0.006076975016880486,0.0016036461850101283
1,0.25,iou_grid_n2,0.04853973745802381,0.01154981174315661
1,0.5,nn_cluster_global,0.003010684534588917,0.0005093263310394784
2,0.5,nn_center_global,0.07172773086352492,0.01685508035957505
2,0.5,nn_cluster_grid_n5,0.00037455734132388997,0.00010215200217924271
4,0.5,nn_dist_grid_n2,0.050718895052643494,0.01567983697498019
2,0.05,nn_center_grid_n4,0.027930930021205697,0.0012723417146319298
2,0.075,nn_dist_grid_n3,0.0010355540214014498,0.00028765389483373605
2,0.075,iou_grid_n3,0.013634794615119088,0.0021286388217696467
2,0.1,nn_center_grid_n5,0.02858704564088549,0.0020770702377698826
2,0.15,nn_center_grid_n4,0.04179249878226985,0.00501704822211398
4,0.2,nn_cluster_grid_n3,0.00041660880433273156,0.0002777392028884877
4,0.2,nn_dist_global,0.003888348840438828,0.0008332176086654631
4,0.25,iou_global,0.0488013698630137,0.011007827788649706
3,0.025,nn_dist_grid_n4,0.0008647313156269302,0.00012353304508956145
3,0.025,iou_grid_n1,0.09017912291537987,0.00420012353304509
4,0.05,iou_global,0.013183034008406572,0.0021016431027894534
5,0.05,nn_center_grid_n4,0.02117129502337091,0.0008248556502612042
1,0.15,nn_dist_global,0.008334695211635889,0.0011112926948847852
2,0.2,iou_global,0.038423304663525955,0.008168734062324415
2,0.25,nn_dist_grid_n4,0.01700460303572108,0.003994369840605623
2,0.25,iou_grid_n1,0.16890478183132346,0.04306311104348157
1,0.025,iou_grid_n4,0.0020173405442527256,0.0005150656708730364
2,0.025,nn_dist_grid_n4,0.0009592019439826065,6.39467962655071e-05
2,0.025,iou_grid_n1,0.06835912520782708,0.003389180202071876
1,0.05,iou_grid_n4,0.00632137030995106,0.001101141924959217
3,0.1,iou_global,0.01843806294373212,0.0023312493377132563
5,0.075,nn_cluster_grid_n3,0.00026246719160104987,0.00026246719160104987
5,0.075,nn_dist_global,0.0005249343832020997,0.00026246719160104987
3,0.05,nn_center_global,0.0174179122043074,0.00105919736377545
5,0.15,nn_center_global,0.034114168751421425,0.0029565612917898565
3,0.25,iou_grid_n4,0.04513241327862738,0.010742260350615441
5,0.5,none,0.7293220338983051,0.6565254237288135
5,0.1,iou_grid_n1,0.36196009093205356,0.06668350593584238
0,0.1,none,1.0,0.9868421052631579
4,0.0,nn_cluster_grid_n5,0.0014681208053691276,0.0
4,0.075,nn_center_grid_n5,0.018847408481333816,0.0
1,0.25,nn_cluster_grid_n4,0.00048336216546250127,0.0
0,0.5,nn_center_grid_n5,0.0,0.0
2,0.0,nn_dist_grid_n2,0.00020151810304292335,0.0
0,0.025,nn_center_grid_n5,0.039473684210526314,0.0
5,0.2,nn_cluster_grid_n2,0.00020292207792207794,0.0
1,0.15,nn_cluster_grid_n3,0.00013074031704526885,0.0
1,0.0,nn_cluster_grid_n3,0.0004073319755600815,0.0
1,0.0,nn_dist_global,0.0006336275175379045,0.0
5,0.0,nn_cluster_grid_n3,0.0,0.0
5,0.0,nn_dist_global,0.0,0.0
0,0.0,nn_center_grid_n5,0.0,0.0
0,0.075,iou_grid_n1,0.4868421052631579,0.0
0,0.075,nn_dist_grid_n4,0.0,0.0
3,0.05,nn_cluster_grid_n5,0.0005884429798752501,0.0
5,0.15,nn_cluster_grid_n5,0.0,0.0
0,0.2,iou_grid_n2,0.11842105263157894,0.0
0,0.2,nn_cluster_grid_n4,0.0,0.0
0,0.25,nn_center_grid_n4,0.0,0.0
0,0.05,nn_center_grid_n5,0.0,0.0
5,0.1,nn_dist_grid_n4,0.001262945188178833,0.0
3,0.0,nn_cluster_grid_n4,0.0016817593790426908,0.0
3,0.075,nn_cluster_grid_n5,0.0005569169079973268,0.0
4,0.075,nn_cluster_global,0.0027183762232693004,0.0
0,0.5,nn_cluster_global,0.013157894736842105,0.0
0,0.025,nn_cluster_global,0.0,0.0
2,0.05,nn_dist_grid_n3,0.00036352620418055135,0.0
4,0.25,nn_cluster_grid_n5,0.0002446183953033268,0.0
4,0.05,nn_cluster_grid_n5,0.00019105846388995032,0.0
5,0.05,nn_dist_grid_n3,0.00027495188342040145,0.0
2,0.2,nn_cluster_grid_n5,8.644163028914726e-05,0.0
1,0.0,nn_dist_grid_n5,9.051821679112921e-05,0.0
1,0.025,nn_cluster_grid_n4,0.001115975620224912,0.0
3,0.1,nn_cluster_grid_n5,0.0003178976369608986,0.0
5,0.0,nn_center_grid_n3,0.01562978853815507,0.0
5,0.0,nn_cluster_grid_n1,0.009193993257738278,0.0
5,0.0,nn_dist_grid_n5,0.0,0.0
0,0.0,nn_cluster_global,0.0,0.0
5,0.075,nn_dist_grid_n5,0.0007874015748031496,0.0
0,0.075,nn_cluster_grid_n2,0.0,0.0
0,0.2,iou_grid_n4,0.02631578947368421,0.0
0,0.25,iou_grid_n3,0.039473684210526314,0.0
0,0.25,nn_dist_grid_n3,0.0,0.0
0,0.05,nn_cluster_global,0.0,0.0
5,0.1,nn_cluster_grid_n2,0.00025258903763576663,0.0
3,0.0,nn_center_grid_n1,0.058085381630012936,0.00038809831824062095
3,0.0,nn_cluster_grid_n1,0.00646830530401035,0.000129366106080207
5,0.025,nn_center_grid_n4,0.022383720930232557,0.0005813953488372093
1,0.075,iou_grid_n1,0.20435504420678738,0.031774834948457585
1,0.075,nn_dist_grid_n4,0.0028184239990733948,0.00015443419173004903
3,0.075,nn_dist_grid_n3,0.0008910670527957229,0.00011138338159946537
3,0.075,iou_grid_n3,0.01659612385832034,0.0020049008687903764
4,0.075,iou_grid_n1,0.3463211308445089,0.06723450525552736
4,0.075,nn_dist_grid_n4,0.0009061254077564335,0.0003624501631025734
1,0.1,nn_dist_grid_n4,0.0038773867876216255,0.0004023703270173385
1,0.1,iou_grid_n1,0.21541444143682786,0.03515253493306021
4,0.1,none,0.9260794473229707,0.8797927461139896
3,0.15,nn_dist_global,0.003983685857915204,0.0010433462961206487
4,0.15,none,0.9095297415135472,0.8604796013702897
1,0.2,nn_dist_grid_n4,0.019794255331445413,0.003583193665838294
1,0.2,iou_grid_n1,0.15147662255100272,0.033491302086343405
3,0.2,iou_grid_n4,0.0387407157326131,0.008187035786630655
1,0.25,nn_dist_global,0.022463620637020454,0.003968657779586853
1,0.5,nn_cluster_grid_n2,0.002161807316189786,0.0001131836291198841
2,0.5,nn_center_grid_n4,0.09050667393080905,0.02409084718060474
4,0.5,none,0.7048001811389109,0.6328540699649043
0,0.5,iou_grid_n1,0.3026315789473684,0.013157894736842105
2,0.0,none,0.9948948747229126,0.9937529388056694
0,0.025,iou_grid_n1,0.23684210526315788,0.013157894736842105
2,0.05,nn_center_global,0.025446834292638595,0.002059981823689791
2,0.075,iou_global,0.014440225520653549,0.002531354274536877
2,0.1,nn_dist_grid_n4,0.002295709210166712,0.0004919376878928669
2,0.1,iou_grid_n1,0.271932221918557,0.05465974309920743
2,0.15,nn_center_global,0.045202143205065756,0.0052118850462737456
4,0.2,nn_cluster_grid_n4,0.0002777392028884877,0.00013886960144424384
4,0.2,iou_grid_n2,0.04124427162894043,0.006249132064990974
4,0.25,iou_grid_n3,0.046844422700587085,0.008439334637964774
4,0.25,nn_dist_grid_n3,0.009417808219178082,0.0017123287671232876
3,0.025,nn_center_grid_n5,0.01618282890673255,0.00012353304508956145
4,0.05,iou_grid_n3,0.015093618647306076,0.001719526175009553
5,0.05,nn_center_global,0.014297497937860875,0.0005499037668408029
1,0.15,iou_grid_n2,0.02833796371956202,0.004673966334368361
2,0.2,nn_dist_grid_n3,0.009897566668107361,0.0015991701603492242
2,0.2,iou_grid_n3,0.034274106409646884,0.0078661883563124
2,0.25,nn_center_grid_n5,0.06756191273252939,0.01049948643816335
3,0.5,iou_grid_n5,0.0810829057520929,0.027714015662975964
3,0.5,nn_center_grid_n2,0.1058938698352687,0.024878476910613016
3,0.5,nn_dist_grid_n1,0.006616257088846881,0.0003713205509046719
1,0.0,iou_grid_n2,0.0004978501923512107,0.00018103643358225843
1,0.025,nn_center_grid_n1,0.1303545368701176,0.009013649240278136
1,0.025,nn_center_grid_n3,0.020001716885569575,0.00047214353163361664
1,0.025,nn_cluster_grid_n1,0.04214954073311014,0.004034681088505451
1,0.025,nn_dist_grid_n5,0.0010730534809854923,8.584427847883938e-05
2,0.025,nn_center_grid_n5,0.017969049750607494,0.0002557871850620284
1,0.05,nn_cluster_grid_n1,0.06325448613376836,0.0066884176182707995
1,0.05,nn_dist_grid_n5,0.0006117455138662316,0.0002039151712887439
1,0.05,nn_center_grid_n1,0.16953507340946167,0.01068515497553018
1,0.05,nn_center_grid_n3,0.034910277324632956,0.0013866231647634583
3,0.1,iou_grid_n3,0.02204090282928897,0.002861078732648087
3,0.1,nn_dist_grid_n3,0.001589488184804493,0.0002119317579739324
5,0.0,iou_grid_n2,0.007661661048115232,0.001225865767698437
5,0.075,iou_grid_n2,0.03910761154855643,0.003674540682414698
5,0.25,iou_grid_n5,0.041501263081919884,0.008300252616383976
5,0.25,nn_center_grid_n2,0.07109346806207145,0.00811981234211476
5,0.25,nn_dist_grid_n1,0.016420064958498737,0.0005413208228076507
3,0.05,nn_center_grid_n4,0.022007767447334355,0.0009415087678004002
5,0.15,nn_center_grid_n4,0.03320445758471685,0.0009097111667045713
3,0.25,nn_center_grid_n1,0.15374860126818352,0.011786646773591944
3,0.25,nn_center_grid_n3,0.060649011562849686,0.009026482655725476
3,0.25,nn_cluster_grid_n1,0.07713539723983588,0.00999627004848937
3,0.25,nn_dist_grid_n5,0.012234240954867586,0.0023871689668034314
5,0.5,nn_dist_grid_n2,0.04542372881355932,0.01288135593220339
0,0.05,iou_grid_n1,0.6710526315789473,0.02631578947368421
5,0.1,nn_center_grid_n5,0.01919676686031826,0.0007577671129072998
4,0.025,iou_grid_n2,0.01910699919549477,0.001005631536604988
4,0.025,nn_cluster_grid_n4,0.002011263073209976,0.00020112630732099757
5,0.025,nn_cluster_global,0.007558139534883721,0.0020348837209302325
1,0.075,iou_global,0.015675070460599978,0.002277904328018223
3,0.075,nn_center_grid_n5,0.01915794163510804,0.00044553352639786146
4,0.075,iou_global,0.021203334541500543,0.0019934758970641536
1,0.1,iou_global,0.019423513058746067,0.002962908771673129
4,0.1,nn_dist_global,0.0017271157167530224,0.0003454231433506045
3,0.15,none,0.9048657877264535,0.8620885895855069
4,0.15,nn_dist_global,0.003737153534724385,0.0006228589224540642
1,0.2,iou_global,0.04080217303357799,0.008351152979252152
3,0.2,iou_grid_n5,0.03646185010128292,0.007005401755570561
3,0.2,nn_center_grid_n2,0.06085415259959487,0.00725860904794058
3,0.2,nn_dist_grid_n1,0.018484132343011477,0.001012829169480081
1,0.25,none,0.8488602828940673,0.8030680777449883
1,0.5,nn_center_global,0.0525398406374502,0.013468851865266208
1,0.5,nn_cluster_grid_n5,0.0005659181455994205,2.263672582397682e-05
2,0.5,nn_cluster_global,0.0021281667120675567,0.0003234813402342686
4,0.5,nn_cluster_grid_n3,0.0006792709158836182,0.00016981772897090456
4,0.5,nn_dist_global,0.04313370315860976,0.012113664666591192
2,0.075,nn_dist_grid_n4,0.0013232079162351859,0.00034518467380048324
2,0.075,iou_grid_n1,0.2660798527212058,0.05287078587044069
2,0.1,iou_global,0.01896693085542498,0.0038261820169445205
4,0.2,nn_dist_grid_n2,0.006249132064990974,0.0005554784057769754
5,0.2,nn_center_grid_n4,0.04220779220779221,0.004058441558441558
4,0.25,nn_center_grid_n5,0.05063600782778865,0.005870841487279843
3,0.025,nn_dist_grid_n3,0.0002470660901791229,0.00012353304508956145
3,0.025,iou_grid_n3,0.0050648548486720195,0.0003705991352686844
4,0.05,nn_center_grid_n5,0.014520443255636225,0.0011463507833397019
1,0.15,nn_dist_grid_n2,0.010720705997712044,0.0013727733289753228
2,0.2,nn_center_grid_n5,0.05389635648528331,0.007995850801746121
2,0.25,nn_dist_grid_n3,0.017499144063605584,0.0033476623426028076
2,0.25,iou_grid_n3,0.04302506942595199,0.010651652908281661
3,0.5,iou_grid_n4,0.07524304617877396,0.0273764515257899
1,0.0,nn_dist_grid_n2,0.00013577732518669383,4.525910839556461e-05
2,0.025,iou_grid_n3,0.003133393017009848,0.0004476275738585497
3,0.1,nn_center_grid_n5,0.024584083924976158,0.0013775564268305605
5,0.25,iou_grid_n4,0.04312522555034284,0.008300252616383976
3,0.05,nn_cluster_global,0.0034129692832764505,0.0007061315758503001
5,0.15,nn_cluster_global,0.0018194223334091425,0.0006822833750284285
5,0.5,iou_grid_n2,0.08110169491525424,0.0261864406779661
5,0.5,nn_cluster_grid_n4,0.0011016949152542373,0.00016949152542372882
0,0.2,none,0.9736842105263158,0.9473684210526315
5,0.1,iou_grid_n3,0.02677443798939126,0.0027784794139934328
4,0.0,nn_cluster_global,0.02118288590604027,0.0
4,0.1,nn_cluster_grid_n3,0.0,0.0
4,0.15,nn_cluster_grid_n3,0.00015571473061351605,0.0
0,0.5,iou_global,0.07894736842105263,0.0
2,0.0,nn_cluster_grid_n3,0.00020151810304292335,0.0
2,0.0,nn_dist_global,0.00020151810304292335,0.0
0,0.025,iou_global,0.02631578947368421,0.0
2,0.05,nn_cluster_grid_n2,0.0005452893062708271,0.0
2,0.15,nn_cluster_grid_n2,0.0006332196785192401,0.0
5,0.05,nn_cluster_grid_n2,0.0005499037668408029,0.0
2,0.025,nn_dist_grid_n3,0.0005115743701240568,0.0
5,0.0,nn_dist_grid_n2,0.0,0.0
0,0.0,iou_global,0.11842105263157894,0.0
5,0.075,nn_dist_grid_n2,0.0010498687664041995,0.0
0,0.075,iou_grid_n3,0.05263157894736842,0.0
0,0.075,nn_dist_grid_n3,0.0,0.0
0,0.25,nn_cluster_grid_n2,0.0,0.0
0,0.05,iou_global,0.02631578947368421,0.0
5,0.1,nn_dist_grid_n3,0.0010103561505430665,0.0
0,0.1,iou_grid_n2,0.02631578947368421,0.0
0,0.1,nn_cluster_grid_n4,0.0,0.0
0,0.15,iou_grid_n4,0.02631578947368421,0.0
3,0.0,nn_dist_grid_n5,0.0,0.0
3,0.0,nn_center_grid_n3,0.008408796895213453,0.0
4,0.0,nn_center_grid_n4,0.011115771812080536,0.0
4,0.025,nn_dist_grid_n2,0.0006033789219629927,0.0
3,0.15,nn_cluster_grid_n3,9.484966328369534e-05,0.0
1,0.25,nn_cluster_grid_n3,0.00012720056985855295,0.0
0,0.5,nn_dist_grid_n4,0.0,0.0
0,0.025,nn_dist_grid_n4,0.0,0.0
2,0.05,nn_cluster_grid_n5,0.00018176310209027567,0.0
2,0.15,nn_cluster_grid_n5,0.00014612761811982466,0.0
5,0.2,nn_cluster_global,0.0010146103896103895,0.0
4,0.05,nn_dist_grid_n3,0.0,0.0
5,0.05,nn_cluster_grid_n5,0.0005499037668408029,0.0
1,0.15,nn_cluster_grid_n4,0.0003922209511358065,0.0
1,0.0,nn_cluster_grid_n4,0.0028060647205250056,0.0
5,0.0,nn_cluster_grid_n4,0.0015323322096230463,0.0
0,0.0,iou_grid_n1,0.11842105263157894,0.0
0,0.0,nn_dist_grid_n4,0.0,0.0
5,0.075,nn_cluster_grid_n4,0.0013123359580052493,0.0
0,0.075,nn_center_grid_n5,0.013157894736842105,0.0
0,0.2,nn_cluster_grid_n3,0.0,0.0
0,0.2,nn_dist_global,0.0,0.0
0,0.25,nn_center_global,0.0,0.0
0,0.25,nn_cluster_grid_n5,0.0,0.0
0,0.05,nn_dist_grid_n4,0.0,0.0
0,0.1,nn_dist_grid_n2,0.0,0.0
0,0.15,iou_grid_n5,0.0,0.0
0,0.15,nn_center_grid_n2,0.23684210526315788,0.0
0,0.15,nn_dist_grid_n1,0.0,0.0
