nms_method,frac_upper_tail,frac_largest
none,0.9178384791092206,0.8850412485965479
iou_grid_n1,0.22411868396820564,0.03496814609705435
nn_center_grid_n1,0.1465808707544701,0.011361058266200834
nn_center_grid_n2,0.08815503115378005,0.005436325005611805
nn_cluster_grid_n1,0.0688799346932471,0.00759444258124101
iou_grid_n2,0.035657099421589185,0.005749566257669255
nn_center_grid_n3,0.03486890670022664,0.004367603180751207
iou_global,0.03386711755954267,0.006202361056262863
nn_center_grid_n4,0.03340045196219574,0.004343622121192731
nn_center_global,0.0320126215171297,0.0041704464203120364
nn_center_grid_n5,0.03144439649442108,0.0041783651775311416
iou_grid_n4,0.030860433487154483,0.005313141287403416
iou_grid_n5,0.029761296050420907,0.005078876184884915
iou_grid_n3,0.029139262694061,0.005067062003173776
nn_dist_grid_n1,0.016495031751733863,0.0008097271684713046
nn_dist_grid_n2,0.008600051096851621,0.002135161143844397
nn_dist_grid_n4,0.008274625177865565,0.0020854306459247786
nn_dist_grid_n5,0.008065017515379467,0.0021135830187294525
nn_dist_grid_n3,0.007988792838633674,0.0018879845527666713
nn_dist_global,0.0072250749669314435,0.0015541813721236062
nn_cluster_global,0.005183072010274951,0.00033878815603436796
nn_cluster_grid_n2,0.0007764453129281133,5.343580505534976e-05
nn_cluster_grid_n4,0.0006935949986822303,6.778739298065065e-05
nn_cluster_grid_n5,0.0005410106691915983,3.692764397199823e-05
nn_cluster_grid_n3,0.0002089383469759659,4.472886426016602e-05
