nms_method,overlap,ret_Mac,ret_Lym,ret_Neu,ret_Eos,ret_total
iou_grid_n1,0.0,0.1341358956586324,0.14136235141348083,0.14981211291858315,0.14129878159420972,0.1375346917836875
iou_grid_n5,0.0,0.1341353190085771,0.1413638800682677,0.14981673823797798,0.14129609344023225,0.13753503178671284
iou_global,0.0,0.13413566499861027,0.14136296287539557,0.14981541671815088,0.141297437517221,0.1375348957855027
nn_dist_grid_n1,0.0,0.134654765378392,0.1327372734648255,0.15167809891443754,0.1491925457490205,0.13525874553231776
nn_center_grid_n1,0.0,0.1316557237707839,0.14201131632565606,0.15168999259288138,0.14927587852232177,0.1365872733535583
nn_cluster_grid_n1,0.0,0.1345249614509438,0.1247599375045159,0.15160343304420681,0.14904066504929403,0.1325130511011287
iou_grid_n1,0.25,0.13413996360902583,0.1413950300004695,0.14983635498516967,0.1414393636246045,0.13755401825289543
iou_grid_n5,0.25,0.08035753198218741,0.0830275827068749,0.08842834082631838,0.08352502709935877,0.08174451582786002
iou_global,0.25,0.08053364349193551,0.08310543081100699,0.08854470073269684,0.0836105044905888,0.08188248073911565
nn_dist_grid_n1,0.25,0.1346670010547883,0.13273336789299978,0.15168291999626463,0.14925184589561016,0.13526864938202388
nn_center_grid_n1,0.25,0.13166983025327889,0.14205255412005358,0.15169589004952336,0.14932446385630116,0.13661214388715448
nn_cluster_grid_n1,0.25,0.13453495795633602,0.12476339593608819,0.15158397701854792,0.14910358422586606,0.13252378623285319
iou_grid_n1,0.5,0.13414037933802866,0.14137957762948075,0.14979749322980324,0.14145488790437788,0.13754541278877103
iou_grid_n5,0.5,0.03942238058795368,0.038827646387239956,0.04166358836542617,0.03892322573682266,0.03932662889976403
iou_global,0.5,0.03957012415735356,0.03888877479159393,0.04176358150639254,0.038992149725766576,0.03944103052892347
nn_dist_grid_n1,0.5,0.134666865349336,0.13273746346628681,0.15167686844621403,0.14923018628641246,0.13526622871557223
nn_center_grid_n1,0.5,0.13167781835128498,0.14203583525938343,0.151690917069325,0.14930314485031895,0.13660793823036227
nn_cluster_grid_n1,0.5,0.13453588526981045,0.1247829992607005,0.1515970392113599,0.1490842691585995,0.13252770412377796
