nms_method,overlap,n_slides,median_ret_Mac,median_ret_Lym,median_ret_Neu,median_ret_Eos,median_log_ret_ratio_Eos_Lym,n_slides_Eos_retained_more,pooled_ret_total,further_removed_vs_iou_single_tile
iou_edgecrop_global,0.0,76,0.08358955633767685,0.11618000693088562,0.11894844564934423,0.12826997918363653,0.08511709084572505,57,0.0976050764899706,0.29032395227611074
iou_edgecrop_grid_n1,0.0,76,0.08358593752527632,0.11617175745299525,0.11890259932621935,0.12844065662326287,0.08683185889306211,58,0.09760497448906301,0.29032469391377513
iou_edgecrop_grid_n2,0.0,76,0.08358593752527632,0.11620363977108035,0.11890259932621935,0.12826997918363653,0.08375740837657453,58,0.09760517849087821,0.2903232106384461
iou_edgecrop_grid_n3,0.0,76,0.08358423868830012,0.11616640703968474,0.11890259932621935,0.12826997918363653,0.08316701059201592,58,0.09760531449208835,0.29032222178822686
iou_edgecrop_grid_n4,0.0,76,0.08358933519922873,0.11616462356858123,0.11894844564934423,0.12826997918363653,0.08656055778240068,58,0.09760528049178581,0.29032246900078174
iou_edgecrop_grid_n5,0.0,76,0.08358955633767685,0.11620185629997684,0.11894844564934423,0.12809756539053307,0.08400557827228272,58,0.09760500848936554,0.2903244467012204
iou_global,0.0,76,0.13364646623731619,0.14385503465257143,0.15193914414660453,0.162022232027848,0.11280950053278327,64,0.1375348957855027,-1.4832753290061618e-06
iou_grid_n1,0.0,76,0.13366101769769742,0.14385087699416466,0.15193914414660453,0.16214851523282536,0.11609117635332478,64,0.1375346917836875,0.0
iou_grid_n2,0.0,76,0.13364161909204242,0.14383840401894432,0.15193914414660453,0.16194805895215775,0.11206065364243434,64,0.13753530378913312,-4.449825987018485e-06
iou_grid_n3,0.0,76,0.13365015011629341,0.14385087699416466,0.15193914414660453,0.1621556139542333,0.11202256275756473,64,0.13753496378610777,-1.9777004387488972e-06
iou_grid_n4,0.0,76,0.1336458846041679,0.14385503465257143,0.15193914414660453,0.1621041290072204,0.11571525481737965,64,0.1375349977864103,-2.2249129933982204e-06
iou_grid_n5,0.0,76,0.1336525736889303,0.14385087699416466,0.15193914414660453,0.16198677924564098,0.11216350241893092,64,0.13753503178671284,-2.472125548269588e-06
nn_center_global,0.0,76,0.12909863049767523,0.1436041699041582,0.15479831869714342,0.19157334021942807,0.29574900083978317,68,0.13527387566694568,0.01643815162139295
nn_center_grid_n1,0.0,76,0.13082845627010312,0.14479178532141918,0.15557983782694618,0.19157334021942807,0.29116319105163946,67,0.1365872733535583,0.0068885778405587406
nn_center_grid_n2,0.0,76,0.12895734136106474,0.14353831289583033,0.15479831869714342,0.19157334021942807,0.29580232990684163,68,0.13518074883830317,0.017115266809094032
nn_center_grid_n3,0.0,76,0.12901462872570907,0.14357922395371747,0.15479831869714342,0.19157334021942807,0.2957623325733093,68,0.13522715925126302,0.016777821671740245
nn_center_grid_n4,0.0,76,0.12905322888361515,0.14358753927053106,0.15479831869714342,0.19157334021942807,0.29572233843909435,68,0.135243309394967,0.01666039570819222
nn_center_grid_n5,0.0,76,0.129036634757642,0.14359169692893786,0.15479831869714342,0.19157334021942807,0.2957756646623151,68,0.13525289748028177,0.016590681767728044
nn_cluster_global,0.0,76,0.1339456547853516,0.13693518002551974,0.15537665187115943,0.1910229161286905,0.33001248361661506,68,0.1313318805910735,0.04509997522930198
nn_cluster_grid_n1,0.0,76,0.1339561916064887,0.13960094016561497,0.1555392006357888,0.19150461169709126,0.3093499308775498,67,0.1325130511011287,0.0365118110742324
nn_cluster_grid_n2,0.0,76,0.1339474967248402,0.1371821851334568,0.15537665187115943,0.1910229161286905,0.324993576157959,68,0.1316856877392495,0.042527481383658694
nn_cluster_grid_n3,0.0,76,0.1339474967248402,0.13706239344405557,0.15537665187115943,0.1910229161286905,0.32753645240463836,68,0.13151048418028824,0.04380136767873832
nn_cluster_grid_n4,0.0,76,0.1339456547853516,0.13702488194489143,0.15537665187115943,0.1910229161286905,0.32784309338148254,68,0.1314573417074265,0.04418776090195009
nn_cluster_grid_n5,0.0,76,0.1339456547853516,0.1370026015625969,0.15537665187115943,0.1910229161286905,0.3285446940228024,68,0.13141936336949525,0.044463897325704105
nn_dist_global,0.0,76,0.13409633580320507,0.13914282443271886,0.1555392006357888,0.1910458256361361,0.3097905007136702,68,0.13459553563107604,0.021370289302964474
nn_dist_grid_n1,0.0,76,0.13409896332778803,0.14098512000294064,0.1556204750181035,0.19152752120453687,0.2985723111400155,67,0.13525874553231776,0.01654816120829572
nn_dist_grid_n2,0.0,76,0.1340931667400224,0.13907485920379364,0.15549856344463148,0.1910458256361361,0.31011216824921106,68,0.13456816538753563,0.021569295409608835
nn_dist_grid_n3,0.0,76,0.1340931667400224,0.1391191922441025,0.15549856344463148,0.1910458256361361,0.3100156462579845,68,0.13458383952700412,0.021455330421828567
nn_dist_grid_n4,0.0,76,0.134095008679511,0.13913336248261104,0.1555392006357888,0.1910458256361361,0.30985481766770795,68,0.1345858795451562,0.021440497668538394
nn_dist_grid_n5,0.0,76,0.134092381154928,0.13913533183166243,0.1555392006357888,0.1910458256361361,0.30985481766770795,68,0.1345875455599804,0.02142838425335125
iou_edgecrop_global,0.025,76,0.08312333766378432,0.11549019585302017,0.11910582263407721,0.12940762888208684,0.08886914581217309,58,0.09766122623268758,0.289953756929353
iou_edgecrop_grid_n1,0.025,76,0.08309217822091516,0.11553910426199723,0.1191011233533954,0.12955711863630115,0.0875668433966843,57,0.09766116159809167,0.28995422685537964
iou_edgecrop_grid_n2,0.025,76,0.0831132264872793,0.11549502679423246,0.11912235342366694,0.12932740947150742,0.08792202755001965,57,0.09766122623268758,0.289953756929353
iou_edgecrop_grid_n3,0.025,76,0.08312880620871388,0.11550915787581559,0.1191256988123421,0.12879141131539212,0.08792202755001965,58,0.09766138781917735,0.28995258211428643
iou_edgecrop_grid_n4,0.025,76,0.08307477565117072,0.1155331301324315,0.1191575439177494,0.12940762888208684,0.09591614212266664,57,0.09766106464619782,0.28995493174441944
iou_edgecrop_grid_n5,0.025,76,0.08306284162635584,0.11549985773544472,0.11913464115314029,0.12965442058988547,0.0878853147450307,57,0.09766109696349577,0.2899546967814062
iou_global,0.025,76,0.13341062430661108,0.14164081087290925,0.15312312362659258,0.16164840438082764,0.13679269952300743,64,0.1366890495195048,0.006201848735981175
iou_grid_n1,0.025,76,0.13357339626193365,0.14389360879934815,0.15314918090048057,0.1627298746433981,0.13067786843077334,64,0.13754206459898224,0.0
iou_grid_n2,0.025,76,0.13341036975854997,0.14133218823286509,0.1533559456739022,0.16176484253761164,0.13280068530556466,64,0.13659371349054256,0.00689498962520807
iou_grid_n3,0.025,76,0.13341639163839583,0.1414488512721116,0.15312312362659258,0.16151529864731337,0.13693989857622035,64,0.1366401211304035,0.0065575827381132434
iou_grid_n4,0.025,76,0.13342116571325638,0.14152066180094292,0.1533559456739022,0.16176484253761164,0.13212561033158077,64,0.1366554072123354,0.006446445232823672
iou_grid_n5,0.025,76,0.13342041453673317,0.14155668334577642,0.15311009498964856,0.16197528024804933,0.1368645818169446,64,0.13666458532495415,0.006379715737047209
nn_center_global,0.025,76,0.12116430117100081,0.13594337774592485,0.15121955750319876,0.18889817145714033,0.3404700854427568,69,0.12780857921491653,0.07076733515993572
nn_center_grid_n1,0.025,76,0.13086151954001246,0.14499450461348212,0.1556657530604902,0.19073126091949197,0.29175356887033443,67,0.1366227344241046,0.006683992839267239
nn_center_grid_n2,0.025,76,0.12074503628308181,0.1357187983462682,0.1512207540609011,0.18889817145714033,0.341410536582924,69,0.12749251604093323,0.07306527342998292
nn_center_grid_n3,0.025,76,0.12097556174907936,0.1358168517520886,0.15125249647503164,0.18889817145714033,0.34092211434311703,69,0.12764544149484824,0.07195342845106045
nn_center_grid_n4,0.025,76,0.12101941633824587,0.13586707046536978,0.1512207540609011,0.18889817145714033,0.3405333565595764,69,0.12769970223811183,0.07155892555173438
nn_center_grid_n5,0.025,76,0.12107396232049095,0.135895934737639,0.15121955750319876,0.18889817145714033,0.340696070263672,69,0.12772584693215608,0.07136884047397674
nn_cluster_global,0.025,76,0.1334073508565709,0.12928672171046784,0.150482126476145,0.18783813907137142,0.38108970992268576,68,0.12823788220092822,0.06764608649129489
nn_cluster_grid_n1,0.025,76,0.13394178039963373,0.13958675576107235,0.15567636809562596,0.19064373739754545,0.31805924236113725,67,0.1325453578932302,0.03632857133794276
nn_cluster_grid_n2,0.025,76,0.13352085866719182,0.12948066110233403,0.15062961599385427,0.18876698014629048,0.382982689652686,68,0.12862520501689856,0.06483005477692727
nn_cluster_grid_n3,0.025,76,0.1334611296114912,0.12938859250228602,0.15057694116610096,0.18876698014629048,0.3799508945381552,68,0.1284328524594805,0.06622855463207256
nn_cluster_grid_n4,0.025,76,0.13344087484783518,0.12935918592697576,0.150513731372797,0.18783813907137142,0.38249415352146265,68,0.12836686053705984,0.0667083491052256
nn_cluster_grid_n5,0.025,76,0.1334332380052473,0.1293317637908831,0.1505348013038983,0.18876698014629048,0.3803478249638702,68,0.12833283042231503,0.06695576515822754
nn_dist_global,0.025,76,0.13383072221758932,0.13172832571537635,0.15138021351521502,0.18937540100568495,0.36948337520837093,67,0.1317061422999788,0.04243009086724614
nn_dist_grid_n1,0.025,76,0.13405429579357137,0.14107668920837485,0.15570821320103323,0.19064373739754545,0.3135874793494072,67,0.13527406894591737,0.016489469310188465
nn_dist_grid_n2,0.025,76,0.13380544842741238,0.13160515490855051,0.15118971247954854,0.18937540100568495,0.3702383284817442,67,0.13162014597012506,0.04305532744563012
nn_dist_grid_n3,0.025,76,0.1338359957977637,0.13164476338226025,0.15135914358411373,0.18937540100568495,0.369849742691332,67,0.1316635157839784,0.04274000708178516
nn_dist_grid_n4,0.025,76,0.13382580088508933,0.13170224892285431,0.15122131737620054,0.18937540100568495,0.369643477313613,67,0.1316778969815676,0.04263544854086798
nn_dist_grid_n5,0.025,76,0.13382703121821432,0.13169790353715766,0.15125292227285253,0.18937540100568495,0.369643477313613,67,0.13168549154658662,0.0425802322327431
iou_edgecrop_global,0.05,76,0.08324979801013027,0.11643519288250442,0.11847724744306888,0.12520001766974642,0.06368313069879217,56,0.09768115841518744,0.2897482656882392
iou_edgecrop_grid_n1,0.05,76,0.08324806628245485,0.11646223818338339,0.1184888505248474,0.12564905224540876,0.06459455412469928,57,0.09768158802975965,0.28974514190776857
iou_edgecrop_grid_n2,0.05,76,0.08324442509921594,0.11642720945983008,0.1184888505248474,0.1254245349575776,0.06616452536985684,56,0.09768149596949417,0.2897458112892981
iou_edgecrop_grid_n3,0.05,76,0.08324442509921594,0.1164136868093906,0.11847724744306888,0.1256775725885621,0.06340983197649175,57,0.09768115841518744,0.2897482656882392
iou_edgecrop_grid_n4,0.05,76,0.08324685255470854,0.1164136868093906,0.1184888505248474,0.12536484059272562,0.06607340919648408,57,0.09768112772843228,0.2897484888154157
iou_edgecrop_grid_n5,0.05,76,0.08324979801013027,0.11643046048417252,0.11847724744306888,0.1254245349575776,0.06463754260997501,57,0.09768128116220808,0.28974737317953325
iou_global,0.05,76,0.13158101668795052,0.13345836405877778,0.14204645323289392,0.14970275483679452,0.12125243323172985,62,0.13171123554726713,0.04231138334609996
iou_grid_n1,0.05,76,0.13362548692691645,0.144359631924739,0.15291098436776246,0.16097467504247165,0.1043253577153116,64,0.1375303342410578,0.0
iou_grid_n2,0.05,76,0.13142619778614112,0.13304327180472625,0.14188772307416375,0.14887480981901582,0.12062826552535932,64,0.13138660036445432,0.04467184574593541
iou_grid_n3,0.05,76,0.13144377187420112,0.13326327929521192,0.14188772307416375,0.149251083653416,0.12126347324832976,63,0.1315469079733979,0.04350622937607618
iou_grid_n4,0.05,76,0.13152346375429283,0.13327297337367383,0.14188772307416375,0.14947976119859296,0.12311507875391092,64,0.1315980627942457,0.04313427637290712
iou_grid_n5,0.05,76,0.13148146631096586,0.13334726027670207,0.14188772307416375,0.1493258843629542,0.12066113573419257,62,0.13163092830901954,0.04289530716691203
nn_center_global,0.05,76,0.11163793110327841,0.12888413334281812,0.14142443300091434,0.18116509376057155,0.333723347097587,68,0.11914829279300995,0.1336580875011073
nn_center_grid_n1,0.05,76,0.13079072603710154,0.1450200177945824,0.15605895630538774,0.19350765721733465,0.27788835726970496,67,0.13661369017774352,0.00666503188822043
nn_center_grid_n2,0.05,76,0.11118252642072395,0.12883860529212793,0.14130014764172966,0.18116509376057155,0.33448673337453017,68,0.11879088415568877,0.13625684972540852
nn_center_grid_n3,0.05,76,0.11138686746699475,0.12888568027155045,0.14142443300091434,0.18116509376057155,0.3342478797760918,68,0.11895739048917418,0.13504616166590333
nn_center_grid_n4,0.05,76,0.11149651990847952,0.12887289233562388,0.14130014764172966,0.18116509376057155,0.3339839628333757,68,0.11901747515577288,0.13460927865438255
nn_center_grid_n5,0.05,76,0.1115071714546016,0.12889692127874472,0.14142443300091434,0.18116509376057155,0.334025939033297,68,0.11904908251358526,0.13437945766262238
nn_cluster_global,0.05,76,0.12847976979087672,0.12337905285869136,0.1411504387631099,0.18097849565143237,0.37814210053455,68,0.12168651705912009,0.11520234622688608
nn_cluster_grid_n1,0.05,76,0.1340285418606798,0.13964648095337878,0.15607921972990652,0.19350765721733465,0.2872992273935877,67,0.1325156274602147,0.036462550669392746
nn_cluster_grid_n2,0.05,76,0.12913614572439647,0.12352162394533665,0.1412236184191655,0.18099922877467006,0.37924831701352735,68,0.12251582661725567,0.1091723342828883
nn_cluster_grid_n3,0.05,76,0.12880745209381395,0.12344578511869994,0.1411870285911377,0.18099922877467006,0.37876297382298474,68,0.12209793438551875,0.11221088017200431
nn_cluster_grid_n4,0.05,76,0.12870795137098595,0.12343131082504546,0.1411504387631099,0.18097849565143237,0.3791327426879665,68,0.12195812552902048,0.11322744758798409
nn_cluster_grid_n5,0.05,76,0.12864513641161995,0.12341228324807693,0.1411504387631099,0.18097849565143237,0.37929464131509527,68,0.1218906453544288,0.11371810424903317
nn_dist_global,0.05,76,0.1301572466057806,0.1255287067618014,0.14187490774973371,0.18104069502114545,0.36681139984870537,68,0.1263435083350904,0.08134078905355935
nn_dist_grid_n1,0.05,76,0.13417741201523248,0.14129788649761105,0.15609948315442523,0.19350765721733465,0.2809863159479604,66,0.13525260983948095,0.016561614673200276
nn_dist_grid_n2,0.05,76,0.12987679907934846,0.1254672036562344,0.14184642883967524,0.18101996189790776,0.36757174755689526,68,0.12611099479126087,0.08303142366964333
nn_dist_grid_n3,0.05,76,0.13000604927724402,0.12547807867422858,0.14184642883967524,0.18104069502114545,0.3670756429951253,68,0.12622330831513787,0.08221477820377732
nn_dist_grid_n4,0.05,76,0.13004772210162138,0.12553067176030047,0.14184642883967524,0.18104069502114545,0.3668439678343868,68,0.12625973349351002,0.08194992624531183
nn_dist_grid_n5,0.05,76,0.130082072983634,0.12549215171082073,0.14184642883967524,0.18104069502114545,0.3669816614645235,68,0.12628247237908183,0.08178458900755048
iou_edgecrop_global,0.075,76,0.08316280676591833,0.11530893451322599,0.11735782090864744,0.12770147374078283,0.08730473195647603,57,0.09709783079085145,0.2941423063175105
iou_edgecrop_grid_n1,0.075,76,0.08317419828298336,0.11621740341807252,0.1174285978581712,0.12826619488296134,0.08410389498950255,54,0.09768133007694858,0.28990052813363876
iou_edgecrop_grid_n2,0.075,76,0.08316981888464528,0.1153581361495877,0.11741906642349964,0.12797547919963953,0.08586595133557962,57,0.09709762712617917,0.29414378686835996
iou_edgecrop_grid_n3,0.075,76,0.08316391327395602,0.11537435129211097,0.11747828348494041,0.12808819335653765,0.08679905971927626,57,0.09709753984131962,0.2941444213901526
iou_edgecrop_grid_n4,0.075,76,0.08317295187350784,0.11535887776131021,0.1174592206155973,0.1280116631964043,0.08870076782733105,57,0.09709780169589827,0.29414251782477474
iou_edgecrop_grid_n5,0.075,76,0.0831718919992828,0.11539242046394052,0.11735782090864744,0.12785037189444576,0.08667059106492103,57,0.09709777260094508,0.2941427293320389
iou_global,0.075,76,0.12075921925442529,0.12650849455740903,0.13498059555579406,0.14403029862485695,0.11827897524457542,61,0.12236176420390883,0.11048483810176457
iou_grid_n1,0.075,76,0.1335922026329304,0.14375695334491634,0.15272285633596727,0.16164319592726206,0.10849428021918783,60,0.1375600658034737,0.0
iou_grid_n2,0.075,76,0.12004826486099734,0.12607323158630396,0.13482201642480768,0.14372129348500465,0.11971245585108115,61,0.12182656254009648,0.11437551422703607
iou_grid_n3,0.075,76,0.12039085809137598,0.12632192689373722,0.13464124997506077,0.14515251810370658,0.11970701920204707,61,0.1220788448791515,0.11254153473901063
iou_grid_n4,0.075,76,0.12050729311241114,0.12634179343413615,0.13513917468678044,0.14403029862485695,0.11849465032948325,60,0.12216976660785026,0.11188057453833244
iou_grid_n5,0.075,76,0.12055019973872592,0.12644720958783578,0.13496620833624892,0.14551197173418823,0.11879740031292108,60,0.12221736595125862,0.11153454865407353
nn_center_global,0.075,76,0.10452426357204675,0.12256851127313968,0.13404299427805993,0.17288964653535843,0.33558643321017745,68,0.11215723308391781,0.18466720389511782
nn_center_grid_n1,0.075,76,0.13099885522815052,0.14496408290167268,0.15579979470446798,0.19314652745661834,0.26941200875391047,68,0.13661942596704788,0.006838029852135219
nn_center_grid_n2,0.075,76,0.10406514431591254,0.12254027669276951,0.13391298662021484,0.17288964653535843,0.33622182242028176,68,0.11185292896857052,0.18687935837156333
nn_center_grid_n3,0.075,76,0.10424713579493368,0.1225509429801904,0.13395111235890103,0.17288964653535843,0.3358527884524056,68,0.11199031533750349,0.18588062106993064
nn_center_grid_n4,0.075,76,0.1043317786676993,0.12253672126362922,0.13399533710470218,0.17288964653535843,0.33549830255041235,68,0.11204230801884259,0.18550265758877493
nn_center_grid_n5,0.075,76,0.10436610274136233,0.12256140041485908,0.13402393140871682,0.17288964653535843,0.3356888607430566,68,0.1120689008060524,0.18530933994928056
nn_cluster_global,0.075,76,0.12095122063281832,0.11745999359816107,0.1341835622680322,0.1726621439741027,0.3580793557213179,68,0.1140858793405524,0.17064681036470197
nn_cluster_grid_n1,0.075,76,0.13388885992214533,0.1396660529356161,0.15579979470446798,0.19314652745661834,0.2767580072830067,68,0.1325531153101077,0.0363982850991017
nn_cluster_grid_n2,0.075,76,0.12208874708058831,0.1178006526960215,0.13428764220142106,0.1726621439741027,0.3541382044518301,68,0.11542180321093067,0.16093524282091476
nn_cluster_grid_n3,0.075,76,0.12153490940296086,0.11766958267370167,0.13421825557916184,0.1726621439741027,0.35619060187826856,68,0.11475034988135951,0.16581640746451431
nn_cluster_grid_n4,0.075,76,0.1212958489182292,0.11766251423709848,0.13421825557916184,0.1726621439741027,0.35664812364706844,68,0.1145257659377353,0.16744903203700523
nn_cluster_grid_n5,0.075,76,0.12126097652668089,0.11758903661994687,0.1341835622680322,0.1726621439741027,0.35729725689117275,68,0.11441567063488854,0.16824937552480235
nn_dist_global,0.075,76,0.12413354851837069,0.11996402527521607,0.13482182865274062,0.17296577333498808,0.3482944017872813,67,0.11970580230759056,0.1297924902230767
nn_dist_grid_n1,0.075,76,0.1340223850918285,0.14103413909230755,0.1558786963929641,0.19314652745661834,0.2737192164842155,67,0.13528254196321454,0.016556577135641737
nn_dist_grid_n2,0.075,76,0.12373694090010165,0.11990376262556854,0.13462412204934007,0.17296577333498808,0.34842789531363827,67,0.11936178358114766,0.13229335211517834
nn_dist_grid_n3,0.075,76,0.12394599865990194,0.11991534538902421,0.13482180979624325,0.17296577333498808,0.34842789531363827,67,0.11952893408718746,0.13107824288225178
nn_dist_grid_n4,0.075,76,0.12399696876840272,0.11994023339300629,0.13482180979624325,0.17296577333498808,0.3482944017872813,67,0.11958889878569885,0.13064232641070062
nn_dist_grid_n5,0.075,76,0.12404859833753606,0.11994470529818135,0.13482182865274062,0.17296577333498808,0.34842789531363827,67,0.1196191575370098,0.1304223588559149
iou_edgecrop_global,0.1,76,0.08344828821224543,0.11079143408867917,0.11564161037062781,0.12421318089108327,0.09439776408330136,62,0.09523214793025152,0.3076422481050767
iou_edgecrop_grid_n1,0.1,76,0.08347114599213298,0.11548388747457375,0.11746505924014071,0.12610786142410388,0.06849403007930588,57,0.09765311523013576,0.29004130647361615
iou_edgecrop_grid_n2,0.1,76,0.08344650346245128,0.11081052971959882,0.11565060867894583,0.12451230644237192,0.09439776408330136,62,0.09523173492276236,0.3076452507564179
iou_edgecrop_grid_n3,0.1,76,0.08344654419601474,0.11080532700981197,0.11563261206230976,0.1244668931816998,0.09558364100699923,62,0.09523198272725586,0.30764344916561315
iou_edgecrop_grid_n4,0.1,76,0.08344323077564086,0.11084786337732422,0.11563261206230976,0.12451230644237192,0.09765976694358547,62,0.09523201026108846,0.3076432489888571
iou_edgecrop_grid_n5,0.1,76,0.08344638126176088,0.11084351827165126,0.11563261206230976,0.12451230644237192,0.09855564963701124,62,0.09523206532875368,0.30764284863534497
iou_global,0.1,76,0.11216246662643797,0.11919613506769362,0.12612296712936438,0.13566899802310448,0.12622873096471465,63,0.11491806729896462,0.16452147246018223
iou_grid_n1,0.1,76,0.13368797760344914,0.14375860059028198,0.1524409573146644,0.16225259806662534,0.11481174418988371,63,0.13754760117816167,0.0
iou_grid_n2,0.1,76,0.11136635440446364,0.1188620464046631,0.12567683111889802,0.13539011967746714,0.12805253245073045,63,0.11440062398272814,0.16828339423711125
iou_grid_n3,0.1,76,0.11168658779316586,0.11902689718693446,0.12593696459024248,0.13676610783582271,0.12852479614639922,64,0.11463603825154216,0.1665718829726648
iou_grid_n4,0.1,76,0.11179973990076003,0.11912464282694799,0.12594739342388173,0.1356595427334686,0.129704398913986,64,0.11472736797430895,0.16590789667276196
iou_grid_n5,0.1,76,0.11187327263732989,0.1190853698801867,0.12612296712936438,0.1357838899107877,0.13185466887571695,64,0.11477073376066943,0.16559261828194283
nn_center_global,0.1,76,0.09851908599899575,0.11610761298910954,0.12575429842398972,0.16992069897034995,0.34032311827212847,68,0.1060362586433519,0.2290940900815419
nn_center_grid_n1,0.1,76,0.1308239779628758,0.14475163164129945,0.15598170738285,0.19409540263625397,0.2720107324419231,67,0.13663122016124143,0.006662282795708463
nn_center_grid_n2,0.1,76,0.09811351731932108,0.11604785342450706,0.12558450853891798,0.16974282632716248,0.3406837710692996,68,0.10576518806130815,0.23106483024510638
nn_center_grid_n3,0.1,76,0.09828581761928479,0.11606072476495166,0.12562139529657196,0.16992069897034995,0.34050341215310476,68,0.10588358354153041,0.23020407019398126
nn_center_grid_n4,0.1,76,0.0983816112679541,0.11608442427356508,0.1256805249086817,0.16992069897034995,0.34045833258764113,68,0.10593559495133037,0.2298259363017544
nn_center_grid_n5,0.1,76,0.09840295607752145,0.11608493506663403,0.1257174116663357,0.16992069897034995,0.34032311827212847,68,0.1059558323182986,0.22967880638603877
nn_cluster_global,0.1,76,0.11402108818888679,0.11149357013505104,0.125716857667019,0.16974282632716248,0.3598217762655975,67,0.10834744855262077,0.21229125317655473
nn_cluster_grid_n1,0.1,76,0.13396334983232167,0.13957834323793264,0.15598170738285,0.19409540263625397,0.282869248912613,67,0.13251125018633522,0.03661533133757089
nn_cluster_grid_n2,0.1,76,0.11544951540696247,0.11164166559734207,0.12605643743716252,0.16974282632716248,0.3551447063979648,67,0.10967036660802511,0.20267336057738983
nn_cluster_grid_n3,0.1,76,0.11474155701844868,0.11153579915145279,0.12598266392185453,0.16974282632716248,0.3569125905848005,67,0.1090155294670656,0.20743416436713613
nn_cluster_grid_n4,0.1,76,0.11446336685905054,0.11153049566572323,0.12575374442467302,0.16974282632716248,0.3578180145902865,67,0.10879134900195639,0.2090640035151038
nn_cluster_grid_n5,0.1,76,0.11442052982364712,0.11151046174161175,0.12581287403678276,0.16974282632716248,0.3583577305258119,67,0.10868773918984562,0.20981726864821626
nn_dist_global,0.1,76,0.11782557161274074,0.11338920592409901,0.12673559697744952,0.16992069897034995,0.3472839983987316,67,0.11345943498262642,0.17512603629004408
nn_dist_grid_n1,0.1,76,0.1341035476410785,0.14104424972400129,0.15598170738285,0.19409540263625397,0.27723018316629466,67,0.13525744711700674,0.01664990186334514
nn_dist_grid_n2,0.1,76,0.11724440832077142,0.11332613441414444,0.12660269385003176,0.16974282632716248,0.3480954341815584,67,0.11309530004636147,0.17777337388914405
nn_dist_grid_n3,0.1,76,0.1175172012644784,0.11333800730316956,0.12663346658226757,0.16992069897034995,0.34750656684220194,67,0.11327220492087961,0.17648723823135815
nn_dist_grid_n4,0.1,76,0.11761868266794448,0.11338508799766714,0.126710604802492,0.16992069897034995,0.34742129188730664,67,0.11333627614936267,0.17602142691997025
nn_dist_grid_n5,0.1,76,0.1176646701894679,0.11334898844032124,0.1266987102197955,0.16992069897034995,0.34755232714974316,67,0.11336229562117896,0.1758322598854788
iou_edgecrop_global,0.15,76,0.08152728544060785,0.09943436149170004,0.10653135664395658,0.11438549540540285,0.12923635536690226,62,0.08905698634873979,0.35246549774604086
iou_edgecrop_grid_n1,0.15,76,0.08359375254718446,0.11655371545038701,0.11940280824329082,0.12884028355912108,0.10588629449512754,59,0.09767107791513742,0.28983232629585687
iou_edgecrop_grid_n2,0.15,76,0.08152042229575698,0.09935708272992047,0.10695035878433018,0.11436828844002327,0.125297014712354,63,0.08905605308037504,0.35247228355241966
iou_edgecrop_grid_n3,0.15,76,0.08152192761706782,0.09938293722084555,0.10653135664395658,0.11427109610054066,0.12845604592438842,63,0.08905666707272027,0.3524678192061178
iou_edgecrop_grid_n4,0.15,76,0.08152544838844536,0.0994340767807044,0.10693427307969589,0.11429909959321724,0.1335673755033524,64,0.08905686355027075,0.3524663906153013
iou_edgecrop_grid_n5,0.15,76,0.08152376466923031,0.09945993127162947,0.10656352805322516,0.11438549540540285,0.11755412540494459,63,0.0890567161921079,0.3524674620584136
iou_global,0.15,76,0.10026566821668187,0.10788305186183639,0.11610441985985917,0.12367946518304244,0.13275626586863298,61,0.10308604832561831,0.25046000624294196
iou_grid_n1,0.15,76,0.1335736584273034,0.14393148700011754,0.15315465485332794,0.16199196006933653,0.12659092433886332,64,0.1375324187958284,0.0
iou_grid_n2,0.15,76,0.09963842056807962,0.10745228510485816,0.11603665487651574,0.12320143142490306,0.1368964593843136,61,0.10258110102089735,0.2541314846415773
iou_grid_n3,0.15,76,0.09985042473022261,0.10769196661684355,0.11607244175847628,0.12314154169246924,0.1335891288890001,61,0.1028101938447513,0.25246574774943376
iou_grid_n4,0.15,76,0.09999466226307763,0.10772396305457195,0.11609010510707493,0.12314742284192387,0.1330605753256764,61,0.10289453183329272,0.25185252514141265
iou_grid_n5,0.15,76,0.10004851022648734,0.10776492944296562,0.11618349322810595,0.12321204145747003,0.13148279162749787,61,0.10294401961631863,0.2514926988294842
nn_center_global,0.15,76,0.08796865553965003,0.10473260051528069,0.11488096519449603,0.15467509317776698,0.38933280653206026,68,0.09499736228888488,0.309272947275713
nn_center_grid_n1,0.15,76,0.13094043890569806,0.14497037339235447,0.15558766346861608,0.19238451798877154,0.30017974996364816,68,0.1366076480851298,0.006724019825983363
nn_center_grid_n2,0.15,76,0.08774901316117041,0.10470576324208519,0.11470089262018525,0.15467509317776698,0.38969986906833176,68,0.094747516523762,0.31108957907285884
nn_center_grid_n3,0.15,76,0.0878582608506855,0.10472665683757067,0.11482446801935478,0.15467509317776698,0.38933280653206026,68,0.0948585017800866,0.3102826038353378
nn_center_grid_n4,0.15,76,0.08793954842459845,0.10470277325853011,0.11470089262018525,0.15467509317776698,0.389728493656861,68,0.09490425648965349,0.30994992074892447
nn_center_grid_n5,0.15,76,0.08790485569929696,0.10472961053172561,0.11487289416947585,0.15467509317776698,0.38936142292926346,68,0.09492884074315669,0.30977116832299867
nn_cluster_global,0.15,76,0.10218860395933252,0.10010385989022805,0.1140658052253419,0.15467509317776698,0.4308116680565067,68,0.09704387245463333,0.29439274533011517
nn_cluster_grid_n1,0.15,76,0.13405982296584967,0.1398265790809537,0.15558766346861608,0.19238451798877154,0.3124826777603025,68,0.13251909761790617,0.036451923276101694
nn_cluster_grid_n2,0.15,76,0.10333624603097821,0.10031397404478577,0.11444859296939637,0.15467509317776698,0.42504156069095733,68,0.0981946414677659,0.2860254889173496
nn_cluster_grid_n3,0.15,76,0.10275871764027905,0.10021096972707061,0.11422076343939144,0.15467509317776698,0.42780462842970735,68,0.09760948220306348,0.29028018951685775
nn_cluster_grid_n4,0.15,76,0.10257312343483324,0.10016484137703166,0.1143828208041767,0.15467509317776698,0.42882901488006897,68,0.09742017608318074,0.29165663676864184
nn_cluster_grid_n5,0.15,76,0.10247356634787397,0.10013834408563263,0.11412281986490319,0.15467509317776698,0.4293134821569943,68,0.09732336177018414,0.2923605748935164
nn_dist_global,0.15,76,0.10545265402697274,0.10204126137771291,0.114996389804426,0.15467509317776698,0.4057120595642306,68,0.10169221202285426,0.26059460806968104
nn_dist_grid_n1,0.15,76,0.13414377693776985,0.14115717300732944,0.15558766346861608,0.19238451798877154,0.3064950701693694,67,0.13525735611948977,0.01654201021299584
nn_dist_grid_n2,0.15,76,0.10479152808283108,0.10196216265010882,0.11488303505161777,0.15467509317776698,0.4059243175529016,68,0.10130495477086789,0.2634103605691791
nn_dist_grid_n3,0.15,76,0.1051095450076836,0.10199691051817314,0.11489917710165813,0.15467509317776698,0.4057684628048782,68,0.10148866128056208,0.26207462815566784
nn_dist_grid_n4,0.15,76,0.10523538771945826,0.10201100298423121,0.11493196246777974,0.15467509317776698,0.4057308440563562,68,0.10155774769924789,0.2615722999097845
nn_dist_grid_n5,0.15,76,0.10527354899187219,0.10202040464127193,0.1149159049358485,0.15467509317776698,0.4056126337596889,68,0.10158969986089389,0.2613399753282366
iou_edgecrop_global,0.2,76,0.07387044318124356,0.08790858445826175,0.0949068209480269,0.10020862586247645,0.1168695328252054,60,0.07996599489675316,0.41861807657961536
iou_edgecrop_grid_n1,0.2,76,0.0832535102555772,0.11638008261967422,0.11852821418494869,0.12750804581790498,0.07226820124792543,58,0.09769475838023324,0.28972350549100845
iou_edgecrop_grid_n2,0.2,76,0.0738691334029628,0.08789301805040431,0.09493528907795544,0.09946862972018947,0.11554001187280893,61,0.07996455831892185,0.4186285210239543
iou_edgecrop_grid_n3,0.2,76,0.07387159297981721,0.08789645155037684,0.09491393798050904,0.10000749645895612,0.11399957815043815,61,0.07996538543949139,0.4186225075560016
iou_edgecrop_grid_n4,0.2,76,0.07387044318124356,0.08789485045837162,0.09492105501299117,0.10019654752610085,0.11322272065483086,60,0.0799659513640916,0.4186183930779287
iou_edgecrop_grid_n5,0.2,76,0.07387044318124356,0.08790011636631147,0.09492105501299117,0.1000106707603306,0.1167070553128775,60,0.07996592959776082,0.41861855132708536
iou_global,0.2,76,0.08993611011293476,0.09608408031271971,0.10238644807658173,0.10899697518657264,0.13317281048973406,58,0.09220648690637666,0.32962523909469454
iou_grid_n1,0.2,76,0.13356474784169087,0.1439956302017743,0.1518197496484489,0.16226504823921156,0.12706820374579275,62,0.13754468736540246,0.0
iou_grid_n2,0.2,76,0.08932724081961803,0.09569730962690678,0.10159308095962435,0.10864030519538104,0.1323697378278783,59,0.09172242547621902,0.3331445420894491
iou_grid_n3,0.2,76,0.08961174940298425,0.09583154463504451,0.10200080925864087,0.1089955955268336,0.13200635822222462,58,0.09193802098256874,0.33157708419282406
iou_grid_n4,0.2,76,0.08969038780860328,0.09594557037669554,0.10199751985071093,0.10996264441675518,0.13130801949843018,59,0.09202406328813163,0.3309515252765839
iou_grid_n5,0.2,76,0.08974371709940732,0.0959652935976834,0.10205281051292485,0.10909662020571945,0.13764716788379405,59,0.09206587640955494,0.3306475286466579
nn_center_global,0.2,76,0.07841484606107468,0.09319787308864683,0.10192509608146122,0.13475647529592982,0.40836118696138646,68,0.08463278328074153,0.3846888243970825
nn_center_grid_n1,0.2,76,0.1308281263240686,0.1447921001577745,0.15518514743462247,0.19676218627286757,0.29085159718715425,68,0.13660984522484576,0.00679664302899019
nn_center_grid_n2,0.2,76,0.07807975113187145,0.09315810950092232,0.10127679385078647,0.13475647529592982,0.40875747985154043,68,0.08438958806696611,0.3864569422243407
nn_center_grid_n3,0.2,76,0.07821039053676715,0.09317657576199376,0.10180870874440351,0.13475647529592982,0.4085670660803178,68,0.08449689607769849,0.3856767738820528
nn_center_grid_n4,0.2,76,0.07826805929049659,0.09318198454353202,0.10192509608146122,0.13475647529592982,0.4085670660803178,68,0.08453755558359059,0.3853811644574293
nn_center_grid_n5,0.2,76,0.07830339329094382,0.09318206899340703,0.10192509608146122,0.13475647529592982,0.40841803744467675,68,0.0845624344996691,0.38520028567137765
nn_cluster_global,0.2,76,0.09115480803875796,0.08880639724975586,0.10130618586708659,0.13666638340462095,0.4405202816525078,68,0.08658182760386915,0.37051856191395394
nn_cluster_grid_n1,0.2,76,0.1340195303053061,0.13995380795685547,0.15518555848517945,0.19676218627286757,0.32484450692053735,68,0.13254237099248112,0.03636866293230312
nn_cluster_grid_n2,0.2,76,0.09223326975295296,0.08908045600187454,0.10149122871162213,0.13666638340462095,0.43265852713149533,68,0.08770584092521184,0.36234657546451277
nn_cluster_grid_n3,0.2,76,0.09171648565372104,0.08895915957054984,0.10142005838680077,0.13666638340462095,0.43631336098086915,68,0.08713625958142998,0.3664876393957477
nn_cluster_grid_n4,0.2,76,0.09152756216043736,0.08890130280943305,0.10138447322439008,0.13666638340462095,0.43796056529381855,68,0.0869589728172484,0.3677765787766676
nn_cluster_grid_n5,0.2,76,0.09143235425644866,0.08886969180817253,0.1013702391594258,0.13666638340462095,0.4384968143406698,68,0.08685817293941847,0.36850943062111685
nn_dist_global,0.2,76,0.09420844977854034,0.09091262162812484,0.10179014407587185,0.13666638340462095,0.4152945819994369,68,0.09090725462227624,0.33907113125517374
nn_dist_grid_n1,0.2,76,0.1341707137257413,0.14103799155300958,0.15522282014307143,0.19676218627286757,0.31718824897442144,67,0.13527491615827048,0.016502063806376532
nn_dist_grid_n2,0.2,76,0.09357531612071676,0.09084927697766976,0.10169050562112195,0.13666638340462095,0.4155640510431613,68,0.09053045767018941,0.34181058240595374
nn_dist_grid_n3,0.2,76,0.09390674522032702,0.09089210157557659,0.10172609078353262,0.13666638340462095,0.41532938374798944,68,0.09070976870313328,0.3405069258534654
nn_dist_grid_n4,0.2,76,0.09399043889560876,0.09089742590723984,0.10174744188097903,0.13666638340462095,0.4154625927537061,68,0.09077569891905789,0.3400275891579706
nn_dist_grid_n5,0.2,76,0.0940376150597273,0.09087930892915494,0.10173320781601475,0.13666638340462095,0.41548001036727644,68,0.09080519229726121,0.33981316155070884
iou_edgecrop_global,0.25,76,0.06529055945290227,0.07782540477165796,0.08289535484477009,0.08972778439566119,0.11101682548881775,63,0.07042454839339134,0.4880226016813657
iou_edgecrop_grid_n1,0.25,76,0.08329626017783998,0.11667146060399912,0.11871383007510125,0.12564744107656356,0.08250881736015037,56,0.09767040052689747,0.2899487650929341
iou_edgecrop_grid_n2,0.25,76,0.06528894350113129,0.07782259185249842,0.08280070678484722,0.0896319826548427,0.1109130156680358,64,0.07042307620683831,0.48803330428803415
iou_edgecrop_grid_n3,0.25,76,0.06529088460362141,0.077815910129683,0.08284214486030239,0.08913297285095007,0.09833005309081089,64,0.07042403217213249,0.48802635454344423
iou_edgecrop_grid_n4,0.25,76,0.0652858741729489,0.07780922840686759,0.08287247678482958,0.08913297285095007,0.0998452161532064,63,0.07042407041074425,0.4880260765536606
iou_edgecrop_grid_n5,0.25,76,0.06528943122721,0.07780817252237128,0.08287247678482958,0.08972778439566119,0.11101682548881775,64,0.07042382185976777,0.488027883487254
iou_global,0.25,76,0.08022826813066387,0.08535563374624985,0.09063947669535546,0.09841208326972928,0.12932380445032532,60,0.08188248073911565,0.4047249089548711
iou_grid_n1,0.25,76,0.13357973376627044,0.14370489276494217,0.1527501866518634,0.16216158559413865,0.1169320986197998,64,0.13755401825289543,0.0
iou_grid_n2,0.25,76,0.0795849260707367,0.08499053262614628,0.09034573604164899,0.09833350809948307,0.1370306925558593,59,0.08141203109854522,0.40814501726247066
iou_grid_n3,0.25,76,0.07986756890150881,0.08515638663098958,0.09053266191218948,0.09863231742259379,0.12674502522958742,59,0.08162161692964061,0.4066213552585729
iou_grid_n4,0.25,76,0.07998556426178527,0.0852118922405635,0.09061277299956397,0.09871089259284,0.13477240807386304,59,0.08170346667812806,0.4060263181267826
iou_grid_n5,0.25,76,0.08003749256267606,0.0852418938072129,0.09053266191218948,0.09872398845454769,0.1286137699663259,59,0.08174451582786002,0.40572789609409066
nn_center_global,0.25,76,0.06905926766561907,0.08287208057053792,0.08963938686245157,0.12117452073629464,0.37374034627339725,67,0.0747140602648934,0.45683840273186116
nn_center_grid_n1,0.25,76,0.1305150287971864,0.14515233944412334,0.15588551346787502,0.1935522402613232,0.2824471998066944,67,0.13661214388715448,0.0068473053546810325
nn_center_grid_n2,0.25,76,0.06869191953600183,0.08279539776690167,0.08940978040691855,0.12117452073629464,0.3749638393522372,67,0.07447774564417281,0.4585563795944936
nn_center_grid_n3,0.25,76,0.06885170788728269,0.08283870152380535,0.08953559822272125,0.12117452073629464,0.374298125632907,67,0.07458278711069699,0.45779274165895134
nn_center_grid_n4,0.25,76,0.06894031527737857,0.08285109945544888,0.08957647795455022,0.12118761659800234,0.37452705657989926,67,0.0746257673103232,0.45748028114218786
nn_center_grid_n5,0.25,76,0.06894738893008656,0.08286049486410055,0.0894726893148199,0.12118761659800234,0.3741490085497916,67,0.07464559403052443,0.45733614343939255
nn_cluster_global,0.25,76,0.08125748682819797,0.07866006516059028,0.08907945563877101,0.12073118467798954,0.41818553508317,67,0.07668273695310994,0.44252637671312944
nn_cluster_grid_n1,0.25,76,0.13384340964944713,0.1396060941785987,0.15588551346787502,0.19352100858415267,0.310785038943723,67,0.13252378623285319,0.036569139047570975
nn_cluster_grid_n2,0.25,76,0.08226113674743263,0.07912398752702268,0.08930760304519748,0.12093879522555603,0.4124134671008488,67,0.07778496493729613,0.43451332120093267
nn_cluster_grid_n3,0.25,76,0.08173327056560481,0.07895661680739771,0.08918063198276552,0.12084153788262664,0.4150802788868351,67,0.07723325824672064,0.4385241577986768
nn_cluster_grid_n4,0.25,76,0.08158610091836588,0.07889246383727078,0.08907945563877101,0.12073118467798954,0.41643443605053654,67,0.07705095566512107,0.4398494740919777
nn_cluster_grid_n5,0.25,76,0.08148475725426058,0.07882410924252009,0.08916121510242893,0.12084153788262664,0.4165650496945634,67,0.07695922123549184,0.44051637158282797
nn_dist_global,0.25,76,0.08429541214645828,0.08062777652503478,0.08984805171252441,0.12095189108726373,0.40069356353409247,67,0.08074098170064467,0.4130234599748225
nn_dist_grid_n1,0.25,76,0.13398845024687922,0.14114895317066545,0.15588551346787502,0.1935522402613232,0.3009478486330701,67,0.13526864938202388,0.0166143374064861
nn_dist_grid_n2,0.25,76,0.08370934648784976,0.08057387426449443,0.08968020091826348,0.12095189108726373,0.39928154869122756,67,0.08038088869363404,0.4156412897669598
nn_dist_grid_n3,0.25,76,0.08402564140711864,0.0806023121466884,0.08972324658356498,0.12095189108726373,0.4010146526794707,67,0.08055171969170348,0.4143993704087382
nn_dist_grid_n4,0.25,76,0.08405617844652236,0.0806265492043674,0.08978257445766602,0.12095189108726373,0.4008219744497259,67,0.08061043508007185,0.41397251709602423
nn_dist_grid_n5,0.25,76,0.08415872215734727,0.08060898756557094,0.08974784410659442,0.12095189108726373,0.4007577648695684,67,0.08064553812567403,0.41371732247468174
iou_edgecrop_global,0.5,76,0.029182675063359767,0.0349000356526834,0.0374898291794062,0.04042632233611913,0.1228425542492324,64,0.031483083544401325,0.7711077170363362
iou_edgecrop_grid_n1,0.5,76,0.08329551733221491,0.11627174972034202,0.11914206602560257,0.12841044702749882,0.08398315605088857,61,0.0976509407479121,0.2900458200094612
iou_edgecrop_grid_n2,0.5,76,0.029181203654830304,0.03489828979690855,0.037443919712874196,0.04049693821680793,0.12160375238729615,64,0.03148180004295225,0.7711170485103784
iou_edgecrop_grid_n3,0.5,76,0.02918454275601226,0.03489252799515084,0.0374898291794062,0.04042632233611913,0.1215947969292297,64,0.03148244604368158,0.7711123518744367
iou_edgecrop_grid_n4,0.5,76,0.029183326353525656,0.034898697004022455,0.037443919712874196,0.040680913006645905,0.122031806456256,64,0.0314826500439119,0.7711108687262445
iou_edgecrop_grid_n5,0.5,76,0.029183467631605835,0.0348969511482476,0.037443919712874196,0.04049097241279652,0.12345254947232154,64,0.031482718043988674,0.7711103743435137
iou_global,0.5,76,0.0394995539447891,0.039792804706557626,0.04259148840337071,0.04502875723941882,0.1256392855194215,59,0.03944103052892347,0.7132508476346413
iou_grid_n1,0.5,76,0.13366514280903513,0.14377454522608907,0.15274901490814569,0.16264580225994113,0.11623791556463603,62,0.13754541278877103,0.0
iou_grid_n2,0.5,76,0.03896436351220382,0.03958075854817854,0.042265423471676986,0.04482474074291106,0.12726330448023426,58,0.03904986858730163,0.7160947224952485
iou_grid_n3,0.5,76,0.03918909394361252,0.03967806524146095,0.0424167681585115,0.04515487860749065,0.12262047225018846,58,0.03922433128427002,0.7148263218017532
iou_grid_n4,0.5,76,0.03928802770523883,0.03970491539419119,0.0425582459327903,0.04519488500851482,0.12375484863397701,59,0.039289772858153556,0.7143505402212795
iou_grid_n5,0.5,76,0.03933803126361601,0.03975445864617117,0.04249714009174682,0.044941512430484956,0.12463757264676967,58,0.03932662889976403,0.714082584781231
nn_center_global,0.5,76,0.03344599124766297,0.038551405069570145,0.042231138082385974,0.058265195447144556,0.42447052218261017,67,0.03548214255933895,0.7420332540364032
nn_center_grid_n1,0.5,76,0.13081219770326089,0.14489097601308734,0.15506517680569082,0.192781111274524,0.30432576819814094,67,0.13660793823036227,0.006815745719186195
nn_center_grid_n2,0.5,76,0.03269599010117248,0.03838007862400379,0.042124092849508715,0.058265195447144556,0.4259028364490858,67,0.034985240498336526,0.7456458940432751
nn_center_grid_n3,0.5,76,0.03298978547766049,0.03846025364976606,0.04223465160057075,0.05830520184816872,0.4248442615622585,67,0.03522815377258561,0.7438798353334719
nn_center_grid_n4,0.5,76,0.033153147438296005,0.038503156286009324,0.04223721536392137,0.05830520184816872,0.4257154503327538,67,0.03531058686565257,0.7432805198681605
nn_center_grid_n5,0.5,76,0.03323255799186457,0.03850696935415648,0.04225450230240456,0.05830520184816872,0.4245332654562508,67,0.035350893911159226,0.7429874745045281
nn_cluster_global,0.5,76,0.03990202746258265,0.03586792594915159,0.04160332093432154,0.05804346150876975,0.4912755672521829,67,0.03627937545941489,0.7362371109014791
nn_cluster_grid_n1,0.5,76,0.13396729831642762,0.1395939622223205,0.15506517680569082,0.19254408828329383,0.3175230780909848,67,0.13252770412377796,0.03648037810391236
nn_cluster_grid_n2,0.5,76,0.040951111825681695,0.03639276177183085,0.04195163639647101,0.058225189046120396,0.4718987324083288,67,0.03739025871360209,0.7281606274211235
nn_cluster_grid_n3,0.5,76,0.040424362359488944,0.03610393354067657,0.04174185926299043,0.05810214241144585,0.48327163007374696,67,0.03688962514838679,0.7318003966803435
nn_cluster_grid_n4,0.5,76,0.040215691577528107,0.03603433931749407,0.04168878983198742,0.05816366572878312,0.4867561426318352,67,0.03668768192039289,0.7332685897948898
nn_cluster_grid_n5,0.5,76,0.04014655474881443,0.03598864775367469,0.04166545436912036,0.05804346150876975,0.4876252867512809,67,0.036582689801856784,0.7340319167311167
nn_dist_global,0.5,76,0.042311125168397634,0.0371587812613893,0.04206869846974062,0.058265195447144556,0.4468323534802148,67,0.039079083120284845,0.7158823233145643
nn_dist_grid_n1,0.5,76,0.13412765355238887,0.1410503888458649,0.15506517680569082,0.192781111274524,0.3145729603604175,67,0.13526622871557223,0.01657041137895998
nn_dist_grid_n2,0.5,76,0.04185129416877491,0.03713676884252473,0.041999171515454466,0.058225189046120396,0.4456841111637462,67,0.03875236825142376,0.7182576469421347
nn_dist_grid_n3,0.5,76,0.042082633955784904,0.03714044201119468,0.04201401025737829,0.05830520184816872,0.4473846319996304,67,0.03890955892889203,0.7171148194622414
nn_dist_grid_n4,0.5,76,0.0421547226886303,0.03714192025878144,0.041999171515454466,0.058265195447144556,0.4468252548779579,67,0.038964366990770334,0.7167163469812836
nn_dist_grid_n5,0.5,76,0.04219885992868967,0.03714640876652067,0.042042328485812144,0.05830520184816872,0.44754571640713436,67,0.03899111652097055,0.7165218691745878
